Email address,State,Started on,Completed,Time taken,Grade/100.00,Q. 1 /12.50,Q. 2 /12.50,Q. 3 /12.50,Q. 4 /12.50,Q. 5 /12.50,Q. 6 /12.50,Q. 7 /12.50,Q. 8 /12.50
0,Finished,9 November 2020  7:30 AM,9 November 2020  7:52 AM,21 mins 57 secs,9.38,12.50,12.50,-3.13,-3.13,0.00,-3.13,-3.13,-3.13
1,Finished,9 November 2020  7:30 AM,9 November 2020  8:02 AM,31 mins 28 secs,9.38,-3.13,12.50,-3.13,-3.13,0.00,12.50,-3.13,-3.13
2,Finished,9 November 2020  7:30 AM,9 November 2020  7:47 AM,16 mins 51 secs,78.13,12.50,12.50,12.50,12.50,6.25,12.50,-3.13,12.50
3,Finished,9 November 2020  7:30 AM,9 November 2020  7:48 AM,17 mins 54 secs,78.13,12.50,12.50,12.50,12.50,6.25,12.50,-3.13,12.50
4,Finished,9 November 2020  7:31 AM,9 November 2020  7:49 AM,18 mins 47 secs,25.0,-3.13,12.50,-3.13,12.50,0.00,12.50,-3.13,-3.13
5,Finished,9 November 2020  7:31 AM,9 November 2020  7:42 AM,11 mins 30 secs,40.63,12.50,12.50,-3.13,12.50,0.00,-3.13,-3.13,12.50
6,Finished,9 November 2020  7:32 AM,9 November 2020  7:52 AM,20 mins 1 sec,0.0,-3.13,-3.13,-3.13,-3.13,6.25,-3.13,-3.13,12.50
7,Finished,9 November 2020  7:34 AM,9 November 2020  7:47 AM,12 mins 48 secs,15.63,-3.13,12.50,-3.13,-3.13,6.25,-3.13,-3.13,12.50
8,Finished,9 November 2020  7:35 AM,9 November 2020  8:04 AM,29 mins 18 secs,84.38,12.50,12.50,12.50,12.50,12.50,12.50,-3.13,12.50
9,Finished,9 November 2020  7:35 AM,9 November 2020  7:54 AM,19 mins 8 secs,15.63,-3.13,12.50,-3.13,-3.13,6.25,12.50,-3.13,-3.13
10,Finished,9 November 2020  7:35 AM,9 November 2020  7:46 AM,10 mins 28 secs,40.63,12.50,12.50,-3.13,12.50,0.00,12.50,-3.13,-3.13
11,Finished,9 November 2020  7:35 AM,9 November 2020  7:49 AM,13 mins 46 secs,25.0,12.50,12.50,-3.13,-3.13,0.00,-3.13,-3.13,12.50
12,Finished,9 November 2020  7:36 AM,9 November 2020  7:43 AM,7 mins 8 secs,-6.25,-3.13,12.50,-3.13,-3.13,0.00,-3.13,-3.13,-3.13
13,Finished,9 November 2020  7:37 AM,9 November 2020  7:52 AM,14 mins 44 secs,56.25,12.50,12.50,-3.13,12.50,0.00,12.50,-3.13,12.50
14,Finished,9 November 2020  7:37 AM,9 November 2020  8:07 AM,29 mins 52 secs,62.5,-3.13,12.50,12.50,12.50,6.25,-3.13,12.50,12.50
15,Finished,9 November 2020  7:38 AM,9 November 2020  7:51 AM,13 mins 16 secs,40.63,12.50,12.50,-3.13,-3.13,0.00,12.50,-3.13,12.50
16,Finished,9 November 2020  7:38 AM,9 November 2020  7:53 AM,15 mins 42 secs,62.5,12.50,12.50,12.50,-3.13,6.25,12.50,-3.13,12.50
17,Finished,9 November 2020  7:38 AM,9 November 2020  7:50 AM,11 mins 59 secs,-15.63,-3.13,-3.13,-3.13,-3.13,6.25,-3.13,-3.13,-3.13
18,Finished,9 November 2020  7:38 AM,9 November 2020  7:53 AM,14 mins 49 secs,87.5,12.50,12.50,12.50,12.50,0.00,12.50,12.50,12.50
19,Finished,9 November 2020  7:38 AM,9 November 2020  7:50 AM,11 mins 56 secs,31.25,-3.13,12.50,-3.13,-3.13,6.25,12.50,-3.13,12.50
20,Finished,9 November 2020  7:38 AM,9 November 2020  7:59 AM,21 mins 1 sec,15.63,12.50,-3.13,-3.13,-3.13,6.25,-3.13,-3.13,12.50
21,Finished,9 November 2020  7:38 AM,9 November 2020  7:52 AM,13 mins 31 secs,62.5,12.50,12.50,12.50,-3.13,6.25,-3.13,12.50,12.50
22,Finished,9 November 2020  7:38 AM,9 November 2020  7:52 AM,13 mins 10 secs,25.0,-3.13,12.50,-3.13,12.50,0.00,-3.13,-3.13,12.50
23,Finished,9 November 2020  7:38 AM,9 November 2020  7:49 AM,10 mins 57 secs,56.25,12.50,12.50,12.50,12.50,0.00,-3.13,-3.13,12.50
24,Finished,9 November 2020  7:39 AM,9 November 2020  8:03 AM,24 mins 37 secs,62.5,12.50,12.50,12.50,12.50,6.25,-3.13,-3.13,12.50
25,Finished,9 November 2020  7:39 AM,9 November 2020  7:55 AM,16 mins 32 secs,62.5,12.50,12.50,12.50,12.50,6.25,-3.13,12.50,-3.13
26,Finished,9 November 2020  7:39 AM,9 November 2020  7:49 AM,9 mins 34 secs,15.63,-3.13,12.50,-3.13,-3.13,6.25,-3.13,-3.13,12.50
27,Finished,9 November 2020  7:39 AM,9 November 2020  7:40 AM,53 secs,12.5,-,-,-,-,-,-,-,12.50
28,Finished,9 November 2020  7:40 AM,9 November 2020  7:53 AM,13 mins 57 secs,78.13,12.50,12.50,-3.13,12.50,6.25,12.50,12.50,12.50
29,Finished,9 November 2020  7:40 AM,9 November 2020  7:50 AM,10 mins 32 secs,31.25,-3.13,12.50,-3.13,12.50,6.25,-3.13,-3.13,12.50
30,Finished,9 November 2020  7:40 AM,9 November 2020  7:59 AM,19 mins 10 secs,68.75,-3.13,12.50,12.50,12.50,12.50,12.50,-3.13,12.50
31,Finished,9 November 2020  7:40 AM,9 November 2020  7:54 AM,13 mins 37 secs,25.0,12.50,12.50,-3.13,-3.13,0.00,12.50,-3.13,-3.13
32,Finished,9 November 2020  7:40 AM,9 November 2020  8:07 AM,26 mins 27 secs,71.88,12.50,12.50,12.50,12.50,0.00,-3.13,12.50,12.50
33,Finished,9 November 2020  7:40 AM,9 November 2020  8:10 AM,30 mins 1 sec,28.13,-3.13,12.50,-3.13,12.50,-,12.50,-3.13,-
34,Finished,9 November 2020  7:41 AM,9 November 2020  7:58 AM,17 mins 19 secs,62.5,-3.13,12.50,12.50,-3.13,6.25,12.50,12.50,12.50
35,Finished,9 November 2020  7:41 AM,9 November 2020  7:51 AM,10 mins 7 secs,46.88,-3.13,12.50,12.50,-3.13,6.25,12.50,-3.13,12.50
36,Finished,9 November 2020  7:41 AM,9 November 2020  8:04 AM,23 mins 10 secs,62.5,12.50,12.50,-3.13,12.50,6.25,12.50,-3.13,12.50
37,Finished,9 November 2020  7:41 AM,9 November 2020  8:01 AM,19 mins 36 secs,78.13,12.50,12.50,12.50,-3.13,6.25,12.50,12.50,12.50
38,Finished,9 November 2020  7:41 AM,9 November 2020  7:52 AM,11 mins 3 secs,46.88,12.50,12.50,12.50,-3.13,6.25,12.50,-3.13,-3.13
39,Finished,9 November 2020  7:41 AM,9 November 2020  8:01 AM,19 mins 53 secs,78.13,12.50,12.50,12.50,-3.13,6.25,12.50,12.50,12.50
40,Finished,9 November 2020  7:41 AM,9 November 2020  7:49 AM,7 mins 14 secs,40.63,-3.13,12.50,-3.13,12.50,0.00,12.50,-3.13,12.50
41,Finished,9 November 2020  7:41 AM,9 November 2020  8:00 AM,18 mins 21 secs,87.5,12.50,12.50,12.50,12.50,0.00,12.50,12.50,12.50
42,Finished,9 November 2020  7:41 AM,9 November 2020  7:59 AM,17 mins 46 secs,78.13,12.50,12.50,12.50,-3.13,6.25,12.50,12.50,12.50
43,Finished,9 November 2020  7:41 AM,9 November 2020  7:54 AM,12 mins 56 secs,25.0,12.50,12.50,-3.13,-3.13,0.00,12.50,-3.13,-3.13
44,Finished,9 November 2020  7:41 AM,9 November 2020  8:08 AM,26 mins 9 secs,78.13,12.50,12.50,12.50,12.50,6.25,12.50,-3.13,12.50
45,Finished,9 November 2020  7:42 AM,9 November 2020  8:02 AM,20 mins 32 secs,78.13,12.50,12.50,12.50,-3.13,6.25,12.50,12.50,12.50
46,Finished,9 November 2020  7:42 AM,9 November 2020  8:03 AM,21 mins 28 secs,46.88,12.50,12.50,-3.13,-3.13,6.25,12.50,-3.13,12.50
47,Finished,9 November 2020  7:42 AM,9 November 2020  7:59 AM,17 mins 33 secs,21.88,-3.13,12.50,-3.13,-3.13,12.50,12.50,-3.13,-3.13
48,Finished,9 November 2020  7:42 AM,9 November 2020  8:00 AM,18 mins 41 secs,93.75,12.50,12.50,12.50,12.50,6.25,12.50,12.50,12.50
49,Finished,9 November 2020  7:42 AM,9 November 2020  8:12 AM,30 mins,25.0,-3.13,12.50,12.50,-3.13,0.00,-3.13,-3.13,12.50
50,Finished,9 November 2020  7:42 AM,9 November 2020  8:03 AM,20 mins 44 secs,15.63,12.50,-3.13,-3.13,-3.13,6.25,-3.13,-3.13,12.50
51,Finished,9 November 2020  7:42 AM,9 November 2020  8:00 AM,17 mins 55 secs,78.13,12.50,12.50,12.50,12.50,6.25,12.50,-3.13,12.50
52,Finished,9 November 2020  7:42 AM,9 November 2020  8:02 AM,19 mins 54 secs,62.5,-3.13,12.50,12.50,12.50,6.25,12.50,-3.13,12.50
53,Finished,9 November 2020  7:42 AM,9 November 2020  8:07 AM,25 mins 18 secs,31.25,12.50,12.50,-3.13,-3.13,6.25,-3.13,-3.13,12.50
54,Finished,9 November 2020  7:42 AM,9 November 2020  8:12 AM,30 mins 1 sec,62.5,12.50,12.50,12.50,-3.13,6.25,-3.13,12.50,12.50
55,Finished,9 November 2020  7:42 AM,9 November 2020  8:01 AM,18 mins 37 secs,62.5,12.50,12.50,-3.13,12.50,6.25,12.50,-3.13,12.50
56,Finished,9 November 2020  7:42 AM,9 November 2020  8:02 AM,19 mins 59 secs,62.5,12.50,12.50,12.50,-3.13,6.25,12.50,-3.13,12.50
57,Finished,9 November 2020  7:42 AM,9 November 2020  7:56 AM,14 mins,78.13,12.50,12.50,12.50,12.50,6.25,12.50,-3.13,12.50
58,Finished,9 November 2020  7:42 AM,9 November 2020  8:12 AM,29 mins 30 secs,25.0,12.50,12.50,-3.13,12.50,0.00,-3.13,-3.13,-3.13
59,Finished,9 November 2020  7:42 AM,9 November 2020  7:55 AM,12 mins 56 secs,46.88,-3.13,12.50,12.50,-3.13,6.25,12.50,-3.13,12.50
60,Finished,9 November 2020  7:43 AM,9 November 2020  8:10 AM,27 mins 57 secs,78.13,12.50,12.50,12.50,12.50,6.25,12.50,-3.13,12.50
61,Finished,9 November 2020  7:43 AM,9 November 2020  7:57 AM,14 mins 3 secs,78.13,12.50,12.50,12.50,12.50,6.25,-3.13,12.50,12.50
62,Finished,9 November 2020  7:43 AM,9 November 2020  8:09 AM,26 mins 14 secs,93.75,12.50,12.50,12.50,12.50,6.25,12.50,12.50,12.50
63,Finished,9 November 2020  7:43 AM,9 November 2020  7:51 AM,8 mins 51 secs,-6.25,-3.13,-3.13,-3.13,-3.13,0.00,-3.13,-3.13,12.50
64,Finished,9 November 2020  7:43 AM,9 November 2020  8:08 AM,25 mins 54 secs,46.88,12.50,12.50,-3.13,-3.13,6.25,-3.13,12.50,12.50
65,Finished,9 November 2020  7:43 AM,9 November 2020  8:01 AM,18 mins 28 secs,93.75,12.50,12.50,12.50,12.50,6.25,12.50,12.50,12.50
66,Finished,9 November 2020  7:43 AM,9 November 2020  8:09 AM,26 mins 19 secs,46.88,12.50,12.50,-3.13,-3.13,6.25,12.50,-3.13,12.50
67,Finished,9 November 2020  7:43 AM,9 November 2020  8:03 AM,19 mins 51 secs,37.5,-3.13,12.50,-3.13,-3.13,12.50,12.50,-3.13,12.50
68,Finished,9 November 2020  7:43 AM,9 November 2020  8:05 AM,22 mins 22 secs,62.5,12.50,12.50,-3.13,12.50,6.25,12.50,-3.13,12.50
69,Finished,9 November 2020  7:43 AM,9 November 2020  7:48 AM,4 mins 57 secs,0.0,-3.13,-3.13,-3.13,-3.13,6.25,12.50,-3.13,-3.13
70,Finished,9 November 2020  7:43 AM,9 November 2020  8:11 AM,27 mins 25 secs,62.5,12.50,12.50,12.50,-3.13,6.25,12.50,-3.13,12.50
71,Finished,9 November 2020  7:43 AM,9 November 2020  8:00 AM,16 mins 26 secs,15.63,-3.13,12.50,-3.13,-3.13,6.25,12.50,-3.13,-3.13
72,Finished,9 November 2020  7:44 AM,9 November 2020  7:50 AM,6 mins 11 secs,15.63,-3.13,12.50,-3.13,-3.13,6.25,-3.13,-3.13,12.50
73,Finished,9 November 2020  7:44 AM,9 November 2020  8:05 AM,21 mins 40 secs,78.13,12.50,12.50,12.50,12.50,6.25,12.50,-3.13,12.50
74,Finished,9 November 2020  7:44 AM,9 November 2020  8:08 AM,24 mins 16 secs,56.25,12.50,12.50,12.50,-3.13,0.00,12.50,-3.13,12.50
75,Finished,9 November 2020  7:44 AM,9 November 2020  8:04 AM,20 mins 40 secs,78.13,12.50,12.50,12.50,12.50,6.25,12.50,-3.13,12.50
76,Finished,9 November 2020  7:44 AM,9 November 2020  7:57 AM,13 mins 35 secs,15.63,-3.13,12.50,-3.13,-3.13,6.25,-3.13,-3.13,12.50
77,Finished,9 November 2020  7:44 AM,9 November 2020  7:52 AM,8 mins 44 secs,0.0,-3.13,12.50,-3.13,-3.13,6.25,-3.13,-3.13,-3.13
78,Finished,9 November 2020  7:44 AM,9 November 2020  8:05 AM,21 mins 41 secs,56.25,12.50,12.50,12.50,12.50,0.00,-3.13,-3.13,12.50
79,Finished,9 November 2020  7:44 AM,9 November 2020  8:02 AM,17 mins 53 secs,37.5,-3.13,12.50,12.50,-3.13,12.50,12.50,-3.13,-3.13
80,Finished,9 November 2020  7:44 AM,9 November 2020  7:53 AM,8 mins 51 secs,15.63,12.50,-3.13,-3.13,-3.13,6.25,12.50,-3.13,-3.13
81,Finished,9 November 2020  7:44 AM,9 November 2020  8:07 AM,22 mins 38 secs,93.75,12.50,12.50,12.50,12.50,6.25,12.50,12.50,12.50
82,Finished,9 November 2020  7:44 AM,9 November 2020  8:09 AM,24 mins 36 secs,71.88,-3.13,12.50,12.50,12.50,0.00,12.50,12.50,12.50
83,Finished,9 November 2020  7:44 AM,9 November 2020  8:02 AM,18 mins 7 secs,46.88,12.50,12.50,-3.13,-3.13,6.25,12.50,-3.13,12.50
84,Finished,9 November 2020  7:44 AM,9 November 2020  7:55 AM,10 mins 32 secs,78.13,12.50,12.50,-3.13,12.50,6.25,12.50,12.50,12.50
85,Finished,9 November 2020  7:44 AM,9 November 2020  8:14 AM,30 mins,46.88,12.50,12.50,-3.13,12.50,6.25,-3.13,-3.13,12.50
86,Finished,9 November 2020  7:44 AM,9 November 2020  7:57 AM,12 mins 17 secs,78.13,12.50,12.50,12.50,12.50,6.25,-3.13,12.50,12.50
87,Finished,9 November 2020  7:45 AM,9 November 2020  7:57 AM,12 mins 55 secs,9.38,12.50,-3.13,-3.13,-3.13,0.00,12.50,-3.13,-3.13
88,Finished,9 November 2020  7:45 AM,9 November 2020  8:14 AM,29 mins 41 secs,9.38,-3.13,-3.13,12.50,-3.13,0.00,12.50,-3.13,-3.13
89,Finished,9 November 2020  7:45 AM,9 November 2020  8:10 AM,25 mins 23 secs,25.0,-3.13,12.50,12.50,-3.13,0.00,-3.13,-3.13,12.50
90,Finished,9 November 2020  7:45 AM,9 November 2020  8:15 AM,30 mins 1 sec,78.13,12.50,12.50,12.50,-3.13,6.25,12.50,12.50,12.50
91,Finished,9 November 2020  7:45 AM,9 November 2020  8:15 AM,30 mins 1 sec,65.63,12.50,12.50,-,12.50,6.25,-3.13,12.50,12.50
92,Finished,9 November 2020  7:45 AM,9 November 2020  8:10 AM,25 mins 43 secs,93.75,12.50,12.50,12.50,12.50,6.25,12.50,12.50,12.50
93,Finished,9 November 2020  7:45 AM,9 November 2020  8:10 AM,25 mins 39 secs,93.75,12.50,12.50,12.50,12.50,6.25,12.50,12.50,12.50
94,Finished,9 November 2020  7:45 AM,9 November 2020  8:05 AM,20 mins 38 secs,93.75,12.50,12.50,12.50,12.50,6.25,12.50,12.50,12.50
95,Finished,9 November 2020  7:45 AM,9 November 2020  8:08 AM,23 mins 19 secs,62.5,12.50,12.50,12.50,-3.13,6.25,12.50,-3.13,12.50
96,Finished,9 November 2020  7:45 AM,9 November 2020  8:11 AM,26 mins 27 secs,78.13,12.50,12.50,-3.13,12.50,6.25,12.50,12.50,12.50
97,Finished,9 November 2020  7:45 AM,9 November 2020  8:05 AM,19 mins 38 secs,62.5,12.50,12.50,12.50,12.50,6.25,12.50,-3.13,-3.13
98,Finished,9 November 2020  7:45 AM,9 November 2020  8:11 AM,26 mins 2 secs,78.13,12.50,12.50,-3.13,12.50,6.25,12.50,12.50,12.50
99,Finished,9 November 2020  7:45 AM,9 November 2020  8:01 AM,16 mins 2 secs,78.13,12.50,12.50,12.50,12.50,6.25,12.50,-3.13,12.50
100,Finished,9 November 2020  7:45 AM,9 November 2020  8:05 AM,20 mins,-6.25,12.50,-3.13,-3.13,-3.13,0.00,-3.13,-3.13,-3.13
101,Finished,9 November 2020  7:46 AM,9 November 2020  8:15 AM,29 mins 41 secs,93.75,12.50,12.50,12.50,12.50,6.25,12.50,12.50,12.50
102,Finished,9 November 2020  7:46 AM,9 November 2020  8:11 AM,25 mins 20 secs,78.13,-3.13,12.50,12.50,12.50,6.25,12.50,12.50,12.50
103,Finished,9 November 2020  7:46 AM,9 November 2020  8:08 AM,22 mins 37 secs,93.75,12.50,12.50,12.50,12.50,6.25,12.50,12.50,12.50
104,Finished,9 November 2020  7:46 AM,9 November 2020  8:13 AM,26 mins 43 secs,62.5,-3.13,12.50,12.50,12.50,6.25,12.50,-3.13,12.50
105,Finished,9 November 2020  7:46 AM,9 November 2020  8:16 AM,29 mins 55 secs,62.5,12.50,12.50,12.50,-3.13,6.25,12.50,-3.13,12.50
106,Finished,9 November 2020  7:46 AM,9 November 2020  8:16 AM,29 mins 53 secs,40.63,12.50,12.50,-3.13,-3.13,0.00,12.50,-3.13,12.50
107,Finished,9 November 2020  7:46 AM,9 November 2020  8:04 AM,18 mins 17 secs,46.88,12.50,12.50,12.50,-3.13,6.25,-3.13,-3.13,12.50
108,Finished,9 November 2020  7:46 AM,9 November 2020  7:57 AM,10 mins 39 secs,40.63,-3.13,12.50,-3.13,-3.13,0.00,12.50,12.50,12.50
109,Finished,9 November 2020  7:47 AM,9 November 2020  8:06 AM,19 mins 34 secs,78.13,12.50,12.50,12.50,12.50,6.25,12.50,-3.13,12.50
110,Finished,9 November 2020  7:47 AM,9 November 2020  8:07 AM,20 mins 13 secs,71.88,12.50,12.50,-3.13,12.50,0.00,12.50,12.50,12.50
111,Finished,9 November 2020  7:47 AM,9 November 2020  8:11 AM,24 mins 30 secs,93.75,12.50,12.50,12.50,12.50,6.25,12.50,12.50,12.50
112,Finished,9 November 2020  7:47 AM,9 November 2020  8:00 AM,12 mins 31 secs,31.25,-3.13,12.50,-3.13,12.50,6.25,-3.13,-3.13,12.50
113,Finished,9 November 2020  7:47 AM,9 November 2020  8:10 AM,23 mins 5 secs,78.13,12.50,12.50,12.50,12.50,6.25,12.50,-3.13,12.50
114,Finished,9 November 2020  7:47 AM,9 November 2020  8:13 AM,26 mins 1 sec,62.5,-3.13,12.50,12.50,-3.13,6.25,12.50,12.50,12.50
115,Finished,9 November 2020  7:47 AM,9 November 2020  8:00 AM,12 mins 34 secs,62.5,12.50,12.50,12.50,12.50,6.25,-3.13,-3.13,12.50
116,Finished,9 November 2020  7:47 AM,9 November 2020  8:09 AM,22 mins 7 secs,40.63,12.50,12.50,-3.13,-3.13,0.00,12.50,-3.13,12.50
117,Finished,9 November 2020  7:47 AM,9 November 2020  8:16 AM,29 mins 7 secs,78.13,12.50,12.50,12.50,-3.13,6.25,12.50,12.50,12.50
118,Finished,9 November 2020  7:47 AM,9 November 2020  8:01 AM,13 mins 57 secs,9.38,12.50,-3.13,-3.13,-3.13,0.00,-3.13,-3.13,12.50
119,Finished,9 November 2020  7:47 AM,9 November 2020  8:16 AM,28 mins 25 secs,78.13,12.50,12.50,12.50,12.50,6.25,12.50,-3.13,12.50
120,Finished,9 November 2020  7:47 AM,9 November 2020  8:17 AM,29 mins 58 secs,71.88,12.50,12.50,12.50,12.50,0.00,12.50,-3.13,12.50
121,Finished,9 November 2020  7:48 AM,9 November 2020  8:05 AM,17 mins 20 secs,31.25,-3.13,12.50,-3.13,-3.13,6.25,12.50,-3.13,12.50
122,Finished,9 November 2020  7:48 AM,9 November 2020  8:16 AM,28 mins 34 secs,78.13,12.50,12.50,12.50,12.50,6.25,12.50,-3.13,12.50
123,Finished,9 November 2020  7:48 AM,9 November 2020  7:59 AM,11 mins 7 secs,46.88,12.50,12.50,-3.13,12.50,6.25,-3.13,-3.13,12.50
124,Finished,9 November 2020  7:48 AM,9 November 2020  8:02 AM,13 mins 57 secs,93.75,12.50,12.50,12.50,12.50,6.25,12.50,12.50,12.50
125,Finished,9 November 2020  7:48 AM,9 November 2020  8:08 AM,20 mins 24 secs,31.25,12.50,12.50,-3.13,-3.13,6.25,-3.13,-3.13,12.50
126,Finished,9 November 2020  7:48 AM,9 November 2020  8:15 AM,26 mins 55 secs,78.13,-3.13,12.50,12.50,12.50,6.25,12.50,12.50,12.50
127,Finished,9 November 2020  7:48 AM,9 November 2020  8:18 AM,29 mins 59 secs,15.63,-3.13,12.50,-3.13,-3.13,6.25,12.50,-3.13,-3.13
128,Finished,9 November 2020  7:48 AM,9 November 2020  8:15 AM,26 mins 32 secs,46.88,12.50,12.50,-3.13,12.50,6.25,-3.13,-3.13,12.50
129,Finished,9 November 2020  7:48 AM,9 November 2020  8:06 AM,17 mins 41 secs,0.0,-3.13,-3.13,-3.13,-3.13,6.25,12.50,-3.13,-3.13
130,Finished,9 November 2020  7:48 AM,9 November 2020  8:08 AM,19 mins 42 secs,93.75,12.50,12.50,12.50,12.50,6.25,12.50,12.50,12.50
131,Finished,9 November 2020  7:48 AM,9 November 2020  8:18 AM,29 mins 58 secs,46.88,12.50,12.50,12.50,-3.13,6.25,-3.13,-3.13,12.50
132,Finished,9 November 2020  7:49 AM,9 November 2020  8:15 AM,26 mins 27 secs,46.88,12.50,12.50,-3.13,12.50,6.25,-3.13,-3.13,12.50
133,Finished,9 November 2020  7:49 AM,9 November 2020  8:18 AM,29 mins 24 secs,78.13,-3.13,12.50,12.50,12.50,6.25,12.50,12.50,12.50
134,Finished,9 November 2020  7:49 AM,9 November 2020  7:57 AM,8 mins 31 secs,6.25,-3.13,12.50,-3.13,-3.13,12.50,-3.13,-3.13,-3.13
135,Finished,9 November 2020  7:49 AM,9 November 2020  8:06 AM,16 mins 46 secs,9.38,-3.13,12.50,-3.13,-3.13,0.00,12.50,-3.13,-3.13
136,Finished,9 November 2020  7:49 AM,9 November 2020  8:13 AM,24 mins 3 secs,93.75,12.50,12.50,12.50,12.50,6.25,12.50,12.50,12.50
137,Finished,9 November 2020  7:49 AM,9 November 2020  8:11 AM,22 mins 5 secs,78.13,12.50,12.50,12.50,12.50,6.25,12.50,-3.13,12.50
138,Finished,9 November 2020  7:49 AM,9 November 2020  8:17 AM,27 mins 48 secs,9.38,-3.13,12.50,-3.13,-3.13,0.00,-3.13,-3.13,12.50
139,Finished,9 November 2020  7:49 AM,9 November 2020  8:14 AM,24 mins 48 secs,62.5,12.50,12.50,12.50,-3.13,6.25,12.50,-3.13,12.50
140,Finished,9 November 2020  7:49 AM,9 November 2020  8:19 AM,30 mins,46.88,12.50,12.50,12.50,-3.13,6.25,-3.13,-3.13,12.50
141,Finished,9 November 2020  7:50 AM,9 November 2020  8:13 AM,23 mins 10 secs,31.25,12.50,12.50,-3.13,12.50,6.25,-3.13,-3.13,-3.13
142,Finished,9 November 2020  7:50 AM,9 November 2020  8:20 AM,30 mins,78.13,12.50,12.50,12.50,12.50,6.25,12.50,-3.13,12.50
143,Finished,9 November 2020  7:50 AM,9 November 2020  8:11 AM,21 mins 3 secs,40.63,12.50,12.50,12.50,-3.13,0.00,-3.13,-3.13,12.50
144,Finished,9 November 2020  7:50 AM,9 November 2020  8:17 AM,26 mins 56 secs,62.5,12.50,12.50,12.50,-3.13,6.25,-3.13,12.50,12.50
145,Finished,9 November 2020  7:50 AM,9 November 2020  8:20 AM,30 mins 1 sec,62.5,12.50,12.50,12.50,-3.13,6.25,12.50,-3.13,12.50
146,Finished,9 November 2020  7:50 AM,9 November 2020  8:17 AM,27 mins 25 secs,46.88,-3.13,12.50,12.50,12.50,6.25,12.50,-3.13,-3.13
147,Finished,9 November 2020  7:50 AM,9 November 2020  8:15 AM,25 mins 6 secs,40.63,12.50,12.50,-3.13,12.50,0.00,-3.13,-3.13,12.50
148,Finished,9 November 2020  7:50 AM,9 November 2020  8:02 AM,12 mins 15 secs,71.88,12.50,12.50,12.50,12.50,0.00,12.50,-3.13,12.50
149,Finished,9 November 2020  7:50 AM,9 November 2020  8:20 AM,29 mins 35 secs,62.5,12.50,12.50,12.50,12.50,6.25,-3.13,-3.13,12.50
150,Finished,9 November 2020  7:50 AM,9 November 2020  8:20 AM,29 mins 32 secs,62.5,12.50,12.50,12.50,-3.13,6.25,12.50,-3.13,12.50
151,Finished,9 November 2020  7:50 AM,9 November 2020  8:20 AM,29 mins 35 secs,62.5,12.50,12.50,12.50,-3.13,6.25,12.50,-3.13,12.50
152,Finished,9 November 2020  7:50 AM,9 November 2020  8:10 AM,19 mins 56 secs,25.0,-3.13,-3.13,12.50,-3.13,0.00,12.50,-3.13,12.50
153,Finished,9 November 2020  7:51 AM,9 November 2020  8:16 AM,25 mins 50 secs,46.88,12.50,12.50,12.50,-3.13,6.25,-3.13,-3.13,12.50
154,Finished,9 November 2020  7:51 AM,9 November 2020  8:19 AM,28 mins 25 secs,37.5,12.50,12.50,-3.13,-3.13,12.50,-3.13,-3.13,12.50
155,Finished,9 November 2020  7:51 AM,9 November 2020  8:13 AM,21 mins 55 secs,15.63,-3.13,12.50,-3.13,-3.13,6.25,-3.13,-3.13,12.50
156,Finished,9 November 2020  7:51 AM,9 November 2020  8:23 AM,31 mins 49 secs,53.13,12.50,12.50,12.50,-,6.25,12.50,-3.13,-
157,Finished,9 November 2020  7:51 AM,9 November 2020  8:07 AM,16 mins 4 secs,93.75,12.50,12.50,12.50,12.50,6.25,12.50,12.50,12.50
158,Finished,9 November 2020  7:51 AM,9 November 2020  8:09 AM,17 mins 53 secs,78.13,12.50,12.50,12.50,12.50,6.25,12.50,-3.13,12.50
159,Finished,9 November 2020  7:51 AM,9 November 2020  8:21 AM,30 mins 1 sec,40.63,12.50,12.50,-3.13,-3.13,0.00,-3.13,12.50,12.50
160,Finished,9 November 2020  7:51 AM,9 November 2020  8:23 AM,31 mins 31 secs,40.63,-3.13,-3.13,12.50,12.50,0.00,12.50,12.50,-3.13
161,Finished,9 November 2020  7:51 AM,9 November 2020  8:07 AM,15 mins 54 secs,62.5,12.50,12.50,12.50,12.50,6.25,-3.13,12.50,-3.13
162,Finished,9 November 2020  7:51 AM,9 November 2020  8:10 AM,18 mins 25 secs,62.5,12.50,12.50,12.50,12.50,6.25,-3.13,-3.13,12.50
163,Finished,9 November 2020  7:51 AM,9 November 2020  8:04 AM,12 mins 55 secs,84.38,12.50,12.50,12.50,12.50,12.50,12.50,-3.13,12.50
164,Finished,9 November 2020  7:52 AM,9 November 2020  8:22 AM,30 mins,53.13,-3.13,12.50,12.50,-,6.25,-,12.50,12.50
165,Finished,9 November 2020  7:52 AM,9 November 2020  8:17 AM,25 mins 35 secs,93.75,12.50,12.50,12.50,12.50,6.25,12.50,12.50,12.50
166,Finished,9 November 2020  7:52 AM,9 November 2020  8:14 AM,22 mins 18 secs,78.13,12.50,12.50,12.50,12.50,6.25,12.50,12.50,-3.13
167,Finished,9 November 2020  7:52 AM,9 November 2020  8:07 AM,14 mins 48 secs,31.25,-3.13,12.50,-3.13,-3.13,6.25,12.50,-3.13,12.50
168,Finished,9 November 2020  7:52 AM,9 November 2020  8:13 AM,20 mins 36 secs,40.63,12.50,12.50,-3.13,-3.13,0.00,12.50,-3.13,12.50
169,Finished,9 November 2020  7:52 AM,9 November 2020  8:10 AM,17 mins 25 secs,78.13,12.50,12.50,12.50,12.50,6.25,12.50,-3.13,12.50
170,Finished,9 November 2020  7:53 AM,9 November 2020  8:11 AM,18 mins 30 secs,56.25,12.50,12.50,12.50,12.50,0.00,-3.13,-3.13,12.50
171,Finished,9 November 2020  7:53 AM,9 November 2020  8:23 AM,30 mins 1 sec,43.75,12.50,12.50,12.50,12.50,0.00,-3.13,-3.13,-
172,Finished,9 November 2020  7:53 AM,9 November 2020  8:22 AM,29 mins 51 secs,78.13,-3.13,12.50,12.50,12.50,6.25,12.50,12.50,12.50
173,Finished,9 November 2020  7:53 AM,9 November 2020  8:22 AM,29 mins 8 secs,62.5,12.50,12.50,12.50,12.50,6.25,-3.13,-3.13,12.50
174,Finished,9 November 2020  7:53 AM,9 November 2020  8:02 AM,9 mins 14 secs,25.0,12.50,12.50,-3.13,-3.13,0.00,12.50,-3.13,-3.13
175,Finished,9 November 2020  7:53 AM,9 November 2020  8:21 AM,27 mins 18 secs,46.88,12.50,12.50,12.50,-3.13,6.25,-3.13,-3.13,12.50
176,Finished,9 November 2020  7:53 AM,9 November 2020  8:18 AM,24 mins 11 secs,46.88,-3.13,12.50,-3.13,-3.13,6.25,12.50,12.50,12.50
177,Finished,9 November 2020  7:54 AM,9 November 2020  8:23 AM,28 mins 48 secs,93.75,12.50,12.50,12.50,12.50,6.25,12.50,12.50,12.50
178,Finished,9 November 2020  7:54 AM,9 November 2020  8:07 AM,13 mins 26 secs,31.25,-3.13,12.50,-3.13,12.50,6.25,-3.13,-3.13,12.50
179,Finished,9 November 2020  7:54 AM,9 November 2020  8:15 AM,21 mins,62.5,12.50,12.50,12.50,-3.13,6.25,12.50,-3.13,12.50
180,Finished,9 November 2020  7:54 AM,9 November 2020  8:20 AM,26 mins,46.88,12.50,12.50,12.50,-3.13,6.25,12.50,-3.13,-3.13
181,Finished,9 November 2020  7:54 AM,9 November 2020  8:18 AM,23 mins 48 secs,93.75,12.50,12.50,12.50,12.50,6.25,12.50,12.50,12.50
182,Finished,9 November 2020  7:54 AM,9 November 2020  8:11 AM,16 mins 56 secs,46.88,12.50,12.50,-3.13,-3.13,6.25,12.50,-3.13,12.50
183,Finished,9 November 2020  7:54 AM,9 November 2020  8:07 AM,12 mins 5 secs,62.5,12.50,12.50,12.50,-3.13,6.25,12.50,-3.13,12.50
184,Finished,9 November 2020  7:54 AM,9 November 2020  8:18 AM,24 mins,62.5,-3.13,12.50,12.50,12.50,6.25,12.50,-3.13,12.50
185,Finished,9 November 2020  7:55 AM,9 November 2020  8:25 AM,29 mins 59 secs,46.88,-3.13,12.50,12.50,12.50,6.25,-3.13,-3.13,12.50
186,Finished,9 November 2020  7:55 AM,9 November 2020  8:23 AM,27 mins 54 secs,31.25,12.50,-3.13,-3.13,12.50,6.25,-3.13,-3.13,12.50
187,Finished,9 November 2020  7:55 AM,9 November 2020  8:19 AM,23 mins 49 secs,78.13,-3.13,12.50,12.50,12.50,6.25,12.50,12.50,12.50
188,Finished,9 November 2020  7:56 AM,9 November 2020  8:10 AM,13 mins 48 secs,25.0,12.50,12.50,-3.13,-3.13,0.00,-3.13,-3.13,12.50
189,Finished,9 November 2020  7:56 AM,9 November 2020  8:18 AM,22 mins 20 secs,25.0,12.50,12.50,-3.13,-3.13,0.00,12.50,-3.13,-3.13
190,Finished,9 November 2020  7:56 AM,9 November 2020  8:16 AM,19 mins 55 secs,31.25,12.50,-3.13,-3.13,-3.13,6.25,12.50,-3.13,12.50
191,Finished,9 November 2020  7:56 AM,9 November 2020  8:24 AM,28 mins 9 secs,93.75,12.50,12.50,12.50,12.50,6.25,12.50,12.50,12.50
192,Finished,9 November 2020  7:56 AM,9 November 2020  8:17 AM,20 mins 12 secs,78.13,12.50,12.50,12.50,-3.13,6.25,12.50,12.50,12.50
193,Finished,9 November 2020  7:56 AM,9 November 2020  8:14 AM,17 mins 58 secs,62.5,12.50,12.50,12.50,-3.13,6.25,12.50,-3.13,12.50
194,Finished,9 November 2020  7:57 AM,9 November 2020  8:26 AM,29 mins 33 secs,78.13,12.50,12.50,12.50,12.50,6.25,12.50,-3.13,12.50
195,Finished,9 November 2020  7:57 AM,9 November 2020  8:26 AM,29 mins 22 secs,78.13,12.50,12.50,12.50,12.50,6.25,-3.13,12.50,12.50
196,Finished,9 November 2020  7:57 AM,9 November 2020  8:23 AM,25 mins 32 secs,62.5,12.50,12.50,12.50,12.50,6.25,-3.13,-3.13,12.50
197,Finished,9 November 2020  7:57 AM,9 November 2020  8:14 AM,16 mins 38 secs,31.25,12.50,12.50,-3.13,-3.13,6.25,-3.13,-3.13,12.50
198,Finished,9 November 2020  7:57 AM,9 November 2020  8:09 AM,11 mins 17 secs,31.25,12.50,12.50,-3.13,-3.13,6.25,-3.13,-3.13,12.50
199,Finished,9 November 2020  7:57 AM,9 November 2020  8:24 AM,26 mins 55 secs,78.13,12.50,12.50,12.50,12.50,6.25,-3.13,12.50,12.50
200,Finished,9 November 2020  7:57 AM,9 November 2020  8:11 AM,13 mins 35 secs,71.88,12.50,12.50,12.50,12.50,0.00,12.50,12.50,-3.13
201,Finished,9 November 2020  7:57 AM,9 November 2020  8:10 AM,12 mins 39 secs,25.0,-3.13,12.50,-3.13,-3.13,0.00,12.50,-3.13,12.50
202,Finished,9 November 2020  7:58 AM,9 November 2020  8:17 AM,19 mins 27 secs,78.13,12.50,12.50,12.50,12.50,6.25,12.50,-3.13,12.50
203,Finished,9 November 2020  7:58 AM,9 November 2020  8:19 AM,21 mins 3 secs,78.13,12.50,12.50,12.50,12.50,6.25,12.50,-3.13,12.50
204,Finished,9 November 2020  7:58 AM,9 November 2020  8:21 AM,23 mins 7 secs,93.75,12.50,12.50,12.50,12.50,6.25,12.50,12.50,12.50
205,Finished,9 November 2020  7:58 AM,9 November 2020  8:15 AM,17 mins 21 secs,78.13,12.50,12.50,12.50,-3.13,6.25,12.50,12.50,12.50
206,Finished,9 November 2020  7:58 AM,9 November 2020  8:06 AM,7 mins 55 secs,46.88,-3.13,12.50,-3.13,12.50,6.25,12.50,-3.13,12.50
207,Finished,9 November 2020  7:58 AM,9 November 2020  8:14 AM,16 mins,46.88,12.50,12.50,-3.13,12.50,6.25,-3.13,-3.13,12.50
208,Finished,9 November 2020  7:59 AM,9 November 2020  8:19 AM,20 mins 22 secs,71.88,12.50,12.50,12.50,12.50,0.00,12.50,-3.13,12.50
209,Finished,9 November 2020  7:59 AM,9 November 2020  8:15 AM,15 mins 53 secs,62.5,-3.13,12.50,12.50,12.50,6.25,12.50,-3.13,12.50
210,Finished,9 November 2020  7:59 AM,9 November 2020  8:15 AM,16 mins 1 sec,46.88,12.50,12.50,-3.13,12.50,6.25,-3.13,-3.13,12.50
211,Finished,9 November 2020  7:59 AM,9 November 2020  8:12 AM,13 mins 18 secs,53.13,12.50,12.50,12.50,12.50,12.50,-3.13,-3.13,-3.13
212,Finished,9 November 2020  7:59 AM,9 November 2020  8:22 AM,23 mins 30 secs,62.5,12.50,12.50,12.50,12.50,6.25,-3.13,-3.13,12.50
213,Finished,9 November 2020  7:59 AM,9 November 2020  8:14 AM,15 mins 2 secs,31.25,-3.13,12.50,-3.13,-3.13,6.25,12.50,-3.13,12.50
214,Finished,9 November 2020  7:59 AM,9 November 2020  8:17 AM,18 mins 19 secs,46.88,-3.13,12.50,-3.13,12.50,6.25,12.50,-3.13,12.50
215,Finished,9 November 2020  7:59 AM,9 November 2020  8:18 AM,19 mins 3 secs,93.75,12.50,12.50,12.50,12.50,6.25,12.50,12.50,12.50
216,Finished,9 November 2020  7:59 AM,9 November 2020  8:11 AM,12 mins 14 secs,31.25,-3.13,12.50,12.50,-3.13,6.25,-3.13,-3.13,12.50
217,Finished,9 November 2020  7:59 AM,9 November 2020  8:09 AM,9 mins 41 secs,62.5,12.50,12.50,12.50,-3.13,6.25,12.50,-3.13,12.50
218,Finished,9 November 2020  7:59 AM,9 November 2020  8:27 AM,27 mins 23 secs,56.25,12.50,12.50,12.50,-3.13,0.00,-3.13,12.50,12.50
219,Finished,9 November 2020  8:00 AM,9 November 2020  8:11 AM,11 mins 35 secs,78.13,12.50,12.50,12.50,12.50,6.25,12.50,-3.13,12.50
220,Finished,9 November 2020  8:00 AM,9 November 2020  8:09 AM,9 mins 23 secs,93.75,12.50,12.50,12.50,12.50,6.25,12.50,12.50,12.50
221,Finished,9 November 2020  8:00 AM,9 November 2020  8:14 AM,14 mins 5 secs,46.88,-3.13,12.50,-3.13,12.50,6.25,12.50,-3.13,12.50
222,Finished,9 November 2020  8:00 AM,9 November 2020  8:25 AM,25 mins 28 secs,46.88,12.50,12.50,-3.13,-3.13,6.25,12.50,-3.13,12.50
223,Finished,9 November 2020  8:00 AM,9 November 2020  8:12 AM,12 mins 25 secs,78.13,-3.13,12.50,12.50,12.50,6.25,12.50,12.50,12.50
224,Finished,9 November 2020  8:00 AM,9 November 2020  8:31 AM,30 mins 24 secs,9.38,-3.13,12.50,-3.13,-3.13,0.00,-3.13,-3.13,12.50
225,Finished,9 November 2020  8:00 AM,9 November 2020  8:20 AM,19 mins 33 secs,31.25,12.50,12.50,-3.13,-3.13,6.25,-3.13,-3.13,12.50
226,Finished,9 November 2020  8:00 AM,9 November 2020  8:20 AM,19 mins 36 secs,31.25,-3.13,12.50,-3.13,12.50,6.25,-3.13,-3.13,12.50
227,Finished,9 November 2020  8:01 AM,9 November 2020  8:18 AM,17 mins 19 secs,31.25,-3.13,-3.13,-3.13,12.50,6.25,12.50,-3.13,12.50
228,Finished,9 November 2020  8:01 AM,9 November 2020  8:12 AM,11 mins 6 secs,93.75,12.50,12.50,12.50,12.50,6.25,12.50,12.50,12.50
229,Finished,9 November 2020  8:01 AM,9 November 2020  8:29 AM,27 mins 49 secs,-6.25,-3.13,-3.13,-3.13,-3.13,0.00,12.50,-3.13,-3.13
230,Finished,9 November 2020  8:02 AM,9 November 2020  8:05 AM,2 mins 53 secs,9.38,-3.13,-3.13,-3.13,-3.13,0.00,-3.13,12.50,12.50
231,Finished,9 November 2020  8:02 AM,9 November 2020  8:30 AM,27 mins 14 secs,93.75,12.50,12.50,12.50,12.50,6.25,12.50,12.50,12.50
232,Finished,9 November 2020  8:02 AM,9 November 2020  8:17 AM,14 mins 31 secs,40.63,12.50,12.50,-3.13,-3.13,0.00,12.50,-3.13,12.50
233,Finished,9 November 2020  8:03 AM,9 November 2020  8:35 AM,31 mins 58 secs,31.25,12.50,12.50,-,-3.13,-,-,-3.13,12.50
234,Finished,9 November 2020  8:03 AM,9 November 2020  8:08 AM,5 mins 31 secs,25.0,-3.13,12.50,12.50,-3.13,0.00,12.50,-3.13,-3.13
235,Finished,9 November 2020  8:03 AM,9 November 2020  8:20 AM,17 mins 1 sec,62.5,12.50,12.50,12.50,-3.13,6.25,12.50,-3.13,12.50
236,Finished,9 November 2020  8:03 AM,9 November 2020  8:28 AM,25 mins 29 secs,78.13,12.50,12.50,12.50,12.50,6.25,-3.13,12.50,12.50
237,Finished,9 November 2020  8:03 AM,9 November 2020  8:32 AM,28 mins 39 secs,93.75,12.50,12.50,12.50,12.50,6.25,12.50,12.50,12.50
238,Finished,9 November 2020  8:03 AM,9 November 2020  8:27 AM,23 mins 35 secs,62.5,12.50,12.50,-3.13,12.50,6.25,-3.13,12.50,12.50
239,Finished,9 November 2020  8:03 AM,9 November 2020  8:15 AM,11 mins 55 secs,40.63,12.50,12.50,-3.13,-3.13,0.00,12.50,-3.13,12.50
240,Finished,9 November 2020  8:04 AM,9 November 2020  8:23 AM,19 mins 32 secs,62.5,12.50,12.50,-3.13,12.50,6.25,12.50,-3.13,12.50
241,Finished,9 November 2020  8:04 AM,9 November 2020  8:31 AM,26 mins 35 secs,78.13,12.50,12.50,12.50,12.50,6.25,12.50,-3.13,12.50
242,Finished,9 November 2020  8:05 AM,9 November 2020  8:26 AM,20 mins 41 secs,46.88,12.50,12.50,12.50,-3.13,6.25,-3.13,-3.13,12.50
243,Finished,9 November 2020  8:05 AM,9 November 2020  8:16 AM,11 mins 5 secs,46.88,12.50,12.50,-3.13,-3.13,6.25,12.50,-3.13,12.50
244,Finished,9 November 2020  8:05 AM,9 November 2020  8:19 AM,13 mins 54 secs,93.75,12.50,12.50,12.50,12.50,6.25,12.50,12.50,12.50
245,Finished,9 November 2020  8:06 AM,9 November 2020  8:25 AM,18 mins 58 secs,78.13,12.50,12.50,12.50,12.50,6.25,12.50,-3.13,12.50
246,Finished,9 November 2020  8:06 AM,9 November 2020  8:22 AM,15 mins 41 secs,93.75,12.50,12.50,12.50,12.50,6.25,12.50,12.50,12.50
247,Finished,9 November 2020  8:07 AM,9 November 2020  8:20 AM,12 mins 56 secs,9.38,-3.13,12.50,-3.13,-3.13,0.00,12.50,-3.13,-3.13
248,Finished,9 November 2020  8:07 AM,9 November 2020  8:28 AM,20 mins 54 secs,93.75,12.50,12.50,12.50,12.50,6.25,12.50,12.50,12.50
249,Finished,9 November 2020  8:07 AM,9 November 2020  8:26 AM,19 mins 13 secs,9.38,-3.13,12.50,-3.13,12.50,0.00,-3.13,-3.13,-3.13
250,Finished,9 November 2020  8:07 AM,9 November 2020  8:23 AM,15 mins 58 secs,-6.25,-3.13,12.50,-3.13,-3.13,0.00,-3.13,-3.13,-3.13
251,Finished,9 November 2020  8:07 AM,9 November 2020  8:27 AM,19 mins 51 secs,56.25,12.50,12.50,-3.13,-3.13,0.00,12.50,12.50,12.50
252,Finished,9 November 2020  8:08 AM,9 November 2020  8:25 AM,17 mins 27 secs,62.5,12.50,12.50,12.50,12.50,6.25,-3.13,-3.13,12.50
253,Finished,9 November 2020  8:09 AM,9 November 2020  8:28 AM,19 mins 25 secs,93.75,12.50,12.50,12.50,12.50,6.25,12.50,12.50,12.50
254,Finished,9 November 2020  8:09 AM,9 November 2020  8:24 AM,15 mins 19 secs,71.88,12.50,12.50,12.50,-3.13,0.00,12.50,12.50,12.50
255,Finished,9 November 2020  8:09 AM,9 November 2020  8:34 AM,24 mins 56 secs,93.75,12.50,12.50,12.50,12.50,6.25,12.50,12.50,12.50
256,Finished,9 November 2020  8:09 AM,9 November 2020  8:22 AM,12 mins 43 secs,62.5,12.50,12.50,12.50,12.50,6.25,-3.13,-3.13,12.50
257,Finished,9 November 2020  8:10 AM,9 November 2020  8:19 AM,9 mins 39 secs,40.63,-3.13,12.50,12.50,-3.13,0.00,12.50,-3.13,12.50
258,Finished,9 November 2020  8:10 AM,9 November 2020  8:23 AM,12 mins 40 secs,46.88,12.50,12.50,-3.13,12.50,6.25,-3.13,-3.13,12.50
259,Finished,9 November 2020  8:11 AM,9 November 2020  8:30 AM,19 mins 37 secs,78.13,12.50,12.50,12.50,12.50,6.25,-3.13,12.50,12.50
260,Finished,9 November 2020  8:11 AM,9 November 2020  8:20 AM,9 mins 2 secs,15.63,12.50,12.50,-3.13,-3.13,6.25,-3.13,-3.13,-3.13
261,Finished,9 November 2020  8:11 AM,9 November 2020  8:27 AM,16 mins 18 secs,40.63,12.50,12.50,12.50,-3.13,0.00,-3.13,12.50,-3.13
262,Finished,9 November 2020  8:11 AM,9 November 2020  8:29 AM,17 mins 27 secs,62.5,12.50,12.50,12.50,12.50,6.25,12.50,-3.13,-3.13
263,Finished,9 November 2020  8:12 AM,9 November 2020  8:17 AM,4 mins 55 secs,15.63,-3.13,12.50,-3.13,-3.13,6.25,-3.13,12.50,-3.13
264,Finished,9 November 2020  8:12 AM,9 November 2020  8:20 AM,8 mins 9 secs,46.88,-3.13,12.50,-3.13,12.50,6.25,12.50,-3.13,12.50
265,Finished,9 November 2020  8:12 AM,9 November 2020  8:25 AM,12 mins 31 secs,78.13,12.50,12.50,-3.13,12.50,6.25,12.50,12.50,12.50
266,Finished,9 November 2020  8:12 AM,9 November 2020  8:42 AM,29 mins 32 secs,93.75,12.50,12.50,12.50,12.50,6.25,12.50,12.50,12.50
267,Finished,9 November 2020  8:13 AM,9 November 2020  8:33 AM,20 mins 28 secs,46.88,-3.13,12.50,12.50,-3.13,6.25,12.50,-3.13,12.50
268,Finished,9 November 2020  8:13 AM,9 November 2020  8:33 AM,19 mins 34 secs,62.5,12.50,12.50,-3.13,12.50,6.25,12.50,-3.13,12.50
269,Finished,9 November 2020  8:13 AM,9 November 2020  8:40 AM,26 mins 49 secs,93.75,12.50,12.50,12.50,12.50,6.25,12.50,12.50,12.50
270,Finished,9 November 2020  8:15 AM,9 November 2020  8:26 AM,10 mins 50 secs,93.75,12.50,12.50,12.50,12.50,6.25,12.50,12.50,12.50
271,Finished,9 November 2020  8:15 AM,9 November 2020  8:36 AM,20 mins 33 secs,62.5,12.50,12.50,12.50,-3.13,6.25,-3.13,12.50,12.50
272,Finished,9 November 2020  8:18 AM,9 November 2020  8:46 AM,28 mins 39 secs,25.0,-3.13,12.50,-3.13,12.50,0.00,-3.13,-3.13,12.50
273,Finished,9 November 2020  8:18 AM,9 November 2020  8:38 AM,19 mins 43 secs,15.63,-3.13,12.50,-3.13,-3.13,6.25,-3.13,-3.13,12.50
274,Finished,9 November 2020  8:19 AM,9 November 2020  8:29 AM,10 mins 16 secs,62.5,-3.13,12.50,12.50,12.50,6.25,-3.13,12.50,12.50
275,Finished,9 November 2020  8:19 AM,9 November 2020  8:42 AM,22 mins 47 secs,31.25,-3.13,12.50,12.50,12.50,6.25,-3.13,-3.13,-3.13
276,Finished,9 November 2020  8:20 AM,9 November 2020  8:50 AM,30 mins 1 sec,93.75,12.50,12.50,12.50,12.50,6.25,12.50,12.50,12.50
277,Finished,9 November 2020  8:22 AM,9 November 2020  8:43 AM,21 mins 2 secs,31.25,12.50,12.50,-3.13,-3.13,6.25,-3.13,-3.13,12.50
278,Finished,9 November 2020  8:22 AM,9 November 2020  8:36 AM,13 mins 58 secs,78.13,12.50,12.50,-3.13,12.50,6.25,12.50,12.50,12.50
279,Finished,9 November 2020  8:22 AM,9 November 2020  8:33 AM,10 mins 15 secs,78.13,12.50,12.50,12.50,12.50,6.25,-3.13,12.50,12.50
280,Finished,9 November 2020  8:23 AM,9 November 2020  8:53 AM,30 mins 1 sec,78.13,12.50,12.50,12.50,12.50,6.25,12.50,-3.13,12.50
281,Finished,9 November 2020  8:23 AM,9 November 2020  8:49 AM,26 mins 35 secs,62.5,12.50,12.50,-3.13,12.50,6.25,-3.13,12.50,12.50
282,Finished,9 November 2020  8:24 AM,9 November 2020  8:40 AM,16 mins 9 secs,56.25,12.50,12.50,12.50,-3.13,0.00,12.50,12.50,-3.13
283,Finished,9 November 2020  8:25 AM,9 November 2020  8:40 AM,14 mins 38 secs,15.63,-3.13,12.50,-3.13,-3.13,6.25,-3.13,12.50,-3.13
284,Finished,9 November 2020  8:26 AM,9 November 2020  8:56 AM,30 mins,62.5,12.50,12.50,12.50,-3.13,6.25,12.50,-3.13,12.50
285,Finished,9 November 2020  8:26 AM,9 November 2020  8:52 AM,25 mins 56 secs,78.13,12.50,12.50,12.50,12.50,6.25,12.50,-3.13,12.50
286,Finished,9 November 2020  8:27 AM,9 November 2020  8:42 AM,14 mins 27 secs,15.63,-3.13,12.50,12.50,-3.13,6.25,-3.13,-3.13,-3.13
287,Finished,9 November 2020  8:29 AM,9 November 2020  8:44 AM,14 mins 53 secs,40.63,12.50,-3.13,12.50,12.50,0.00,12.50,-3.13,-3.13
288,Finished,9 November 2020  8:32 AM,9 November 2020  9:00 AM,28 mins 47 secs,62.5,12.50,12.50,12.50,12.50,6.25,-3.13,-3.13,12.50
289,Finished,9 November 2020  8:33 AM,9 November 2020  8:50 AM,17 mins 2 secs,62.5,12.50,12.50,-3.13,12.50,6.25,12.50,-3.13,12.50
290,Finished,9 November 2020  8:33 AM,9 November 2020  8:55 AM,22 mins 5 secs,46.88,12.50,12.50,12.50,-3.13,6.25,-3.13,-3.13,12.50
291,Finished,9 November 2020  8:33 AM,9 November 2020  8:41 AM,7 mins 42 secs,25.0,-3.13,-3.13,-3.13,12.50,0.00,12.50,-3.13,12.50
292,Finished,9 November 2020  8:34 AM,9 November 2020  8:45 AM,11 mins,46.88,12.50,12.50,-3.13,-3.13,6.25,-3.13,12.50,12.50
293,Finished,9 November 2020  8:34 AM,9 November 2020  8:57 AM,23 mins 20 secs,93.75,12.50,12.50,12.50,12.50,6.25,12.50,12.50,12.50
294,Finished,9 November 2020  8:34 AM,9 November 2020  9:02 AM,27 mins 53 secs,46.88,-3.13,12.50,-3.13,12.50,6.25,12.50,-3.13,12.50
295,Finished,9 November 2020  8:36 AM,9 November 2020  9:00 AM,24 mins 7 secs,46.88,12.50,12.50,-3.13,-3.13,6.25,12.50,-3.13,12.50
296,Finished,9 November 2020  8:36 AM,9 November 2020  8:54 AM,17 mins 24 secs,93.75,12.50,12.50,12.50,12.50,6.25,12.50,12.50,12.50
297,Finished,9 November 2020  8:36 AM,9 November 2020  9:06 AM,29 mins 46 secs,78.13,12.50,12.50,-3.13,12.50,6.25,12.50,12.50,12.50
298,Finished,9 November 2020  8:37 AM,9 November 2020  9:04 AM,27 mins 26 secs,78.13,12.50,12.50,12.50,12.50,6.25,12.50,-3.13,12.50
299,Finished,9 November 2020  8:37 AM,9 November 2020  9:06 AM,28 mins 42 secs,62.5,12.50,12.50,12.50,-3.13,6.25,12.50,-3.13,12.50
300,Finished,9 November 2020  8:37 AM,9 November 2020  9:04 AM,26 mins 24 secs,62.5,12.50,12.50,12.50,-3.13,6.25,12.50,-3.13,12.50
301,Finished,9 November 2020  8:37 AM,9 November 2020  9:02 AM,24 mins 59 secs,62.5,-3.13,12.50,12.50,12.50,6.25,12.50,-3.13,12.50
302,Finished,9 November 2020  8:38 AM,9 November 2020  8:44 AM,6 mins 2 secs,56.25,12.50,12.50,12.50,-3.13,0.00,12.50,-3.13,12.50
303,Finished,9 November 2020  8:38 AM,9 November 2020  8:49 AM,10 mins 40 secs,31.25,-3.13,12.50,-3.13,-3.13,6.25,12.50,-3.13,12.50
304,Finished,9 November 2020  8:40 AM,9 November 2020  8:58 AM,18 mins 1 sec,71.88,12.50,12.50,12.50,12.50,0.00,-3.13,12.50,12.50
305,Finished,9 November 2020  8:40 AM,9 November 2020  9:07 AM,27 mins 15 secs,78.13,12.50,12.50,12.50,12.50,6.25,12.50,-3.13,12.50
306,Finished,9 November 2020  8:40 AM,9 November 2020  9:01 AM,21 mins 8 secs,46.88,12.50,12.50,-3.13,-3.13,6.25,12.50,-3.13,12.50
307,Finished,9 November 2020  8:40 AM,9 November 2020  8:49 AM,9 mins 10 secs,62.5,-3.13,12.50,12.50,12.50,6.25,12.50,-3.13,12.50
308,Finished,9 November 2020  8:42 AM,9 November 2020  9:01 AM,19 mins 21 secs,46.88,12.50,12.50,-3.13,-3.13,6.25,-3.13,12.50,12.50
309,Finished,9 November 2020  8:44 AM,9 November 2020  8:59 AM,15 mins 33 secs,62.5,-3.13,12.50,12.50,12.50,6.25,12.50,-3.13,12.50
310,Finished,9 November 2020  8:44 AM,9 November 2020  9:05 AM,21 mins 37 secs,0.0,12.50,-3.13,-3.13,-3.13,6.25,-3.13,-3.13,-3.13
311,Finished,9 November 2020  8:44 AM,9 November 2020  9:07 AM,23 mins 26 secs,31.25,12.50,12.50,-3.13,12.50,6.25,-3.13,-3.13,-3.13
312,Finished,9 November 2020  8:45 AM,9 November 2020  8:54 AM,9 mins 31 secs,31.25,-3.13,12.50,-3.13,12.50,6.25,12.50,-3.13,-3.13
313,Finished,9 November 2020  8:46 AM,9 November 2020  9:06 AM,20 mins 44 secs,93.75,12.50,12.50,12.50,12.50,6.25,12.50,12.50,12.50
314,Finished,9 November 2020  8:46 AM,9 November 2020  9:01 AM,15 mins 17 secs,46.88,12.50,12.50,-3.13,12.50,6.25,-3.13,-3.13,12.50
315,Finished,9 November 2020  8:46 AM,9 November 2020  8:55 AM,9 mins 6 secs,15.63,-3.13,12.50,12.50,-3.13,6.25,-3.13,-3.13,-3.13
316,Finished,9 November 2020  8:47 AM,9 November 2020  9:19 AM,31 mins 46 secs,40.63,12.50,12.50,-3.13,-3.13,0.00,12.50,-3.13,12.50
317,Finished,9 November 2020  8:49 AM,9 November 2020  9:10 AM,21 mins 14 secs,15.63,-3.13,-3.13,12.50,-3.13,6.25,-3.13,-3.13,12.50
318,Finished,9 November 2020  8:50 AM,9 November 2020  9:20 AM,29 mins 48 secs,62.5,12.50,12.50,-3.13,12.50,6.25,12.50,-3.13,12.50
319,Finished,9 November 2020  8:51 AM,9 November 2020  9:19 AM,27 mins 52 secs,78.13,12.50,12.50,-3.13,12.50,6.25,12.50,12.50,12.50
320,Finished,9 November 2020  8:53 AM,9 November 2020  9:19 AM,26 mins 51 secs,46.88,-3.13,12.50,12.50,-3.13,6.25,12.50,-3.13,12.50
321,Finished,9 November 2020  8:53 AM,9 November 2020  9:13 AM,19 mins 46 secs,62.5,-3.13,12.50,12.50,-3.13,6.25,12.50,12.50,12.50
322,Finished,9 November 2020  8:53 AM,9 November 2020  9:23 AM,29 mins 20 secs,46.88,-3.13,12.50,12.50,12.50,6.25,-3.13,-3.13,12.50
323,Finished,9 November 2020  8:54 AM,9 November 2020  9:14 AM,20 mins 37 secs,46.88,12.50,12.50,-3.13,12.50,6.25,12.50,-3.13,-3.13
324,Finished,9 November 2020  8:56 AM,9 November 2020  9:05 AM,8 mins 10 secs,46.88,12.50,12.50,-3.13,12.50,6.25,-3.13,-3.13,12.50
325,Finished,9 November 2020  8:58 AM,9 November 2020  9:22 AM,24 mins 5 secs,31.25,-3.13,12.50,-3.13,-3.13,6.25,12.50,-3.13,12.50
326,Finished,9 November 2020  8:58 AM,9 November 2020  9:08 AM,9 mins 13 secs,78.13,12.50,12.50,12.50,12.50,6.25,12.50,-3.13,12.50
327,Finished,9 November 2020  8:59 AM,9 November 2020  9:21 AM,22 mins 28 secs,46.88,12.50,12.50,-3.13,12.50,6.25,-3.13,-3.13,12.50
328,Finished,9 November 2020  8:59 AM,9 November 2020  9:12 AM,13 mins 12 secs,78.13,-3.13,12.50,12.50,12.50,6.25,12.50,12.50,12.50
329,Finished,9 November 2020  9:01 AM,9 November 2020  9:26 AM,24 mins 48 secs,9.38,-3.13,12.50,-3.13,-3.13,0.00,-3.13,12.50,-3.13
330,Finished,9 November 2020  9:01 AM,9 November 2020  9:33 AM,31 mins 20 secs,62.5,12.50,12.50,-3.13,12.50,6.25,12.50,-3.13,12.50
331,Finished,9 November 2020  9:04 AM,9 November 2020  9:09 AM,5 mins 5 secs,46.88,12.50,12.50,12.50,-3.13,6.25,-3.13,-3.13,12.50
332,Finished,9 November 2020  9:05 AM,9 November 2020  9:37 AM,31 mins 49 secs,37.5,-3.13,12.50,12.50,-3.13,6.25,12.50,-,-
333,Finished,9 November 2020  9:05 AM,9 November 2020  9:17 AM,11 mins 54 secs,56.25,12.50,12.50,12.50,12.50,0.00,-3.13,-3.13,12.50
334,Finished,9 November 2020  9:05 AM,9 November 2020  9:15 AM,9 mins 55 secs,46.88,12.50,12.50,-3.13,-3.13,6.25,-3.13,12.50,12.50
335,Finished,9 November 2020  9:07 AM,9 November 2020  9:16 AM,9 mins 45 secs,62.5,12.50,12.50,-3.13,12.50,6.25,12.50,-3.13,12.50
27,Finished,9 November 2020  1:32 PM,9 November 2020  1:48 PM,15 mins 49 secs,93.75,12.50,12.50,12.50,12.50,6.25,12.50,12.50,12.50
336,Finished,12 November 2020  8:11 AM,12 November 2020  8:35 AM,23 mins 42 secs,84.38,12.50,12.50,12.50,12.50,12.50,12.50,-3.13,12.50
337,Finished,12 November 2020  8:15 AM,12 November 2020  8:35 AM,20 mins 20 secs,68.75,12.50,12.50,12.50,-3.13,12.50,12.50,-3.13,12.50
338,Finished,12 November 2020  8:21 AM,12 November 2020  8:51 AM,29 mins 59 secs,68.75,-3.13,12.50,12.50,-3.13,12.50,12.50,12.50,12.50
339,Finished,12 November 2020  8:32 AM,12 November 2020  8:52 AM,19 mins 40 secs,100.0,12.50,12.50,12.50,12.50,12.50,12.50,12.50,12.50
340,Finished,12 November 2020  8:48 AM,12 November 2020  8:57 AM,8 mins 50 secs,9.38,-3.13,12.50,-3.13,-3.13,0.00,12.50,-3.13,-3.13
341,Finished,12 November 2020  8:55 AM,12 November 2020  9:06 AM,10 mins 56 secs,31.25,-3.13,12.50,-3.13,-3.13,6.25,12.50,-3.13,12.50
342,Finished,12 November 2020  8:56 AM,12 November 2020  9:16 AM,20 mins 32 secs,68.75,12.50,12.50,12.50,-3.13,12.50,12.50,-3.13,12.50
343,Finished,12 November 2020  8:59 AM,12 November 2020  9:20 AM,20 mins 25 secs,21.88,-3.13,12.50,12.50,-3.13,12.50,-3.13,-3.13,-3.13
344,Finished,12 November 2020  9:00 AM,12 November 2020  9:29 AM,29 mins 26 secs,100.0,12.50,12.50,12.50,12.50,12.50,12.50,12.50,12.50
345,Finished,12 November 2020  9:00 AM,12 November 2020  9:29 AM,29 mins 12 secs,37.5,-3.13,12.50,-3.13,-3.13,12.50,12.50,-3.13,12.50
346,Finished,12 November 2020  9:00 AM,12 November 2020  9:29 AM,29 mins 2 secs,40.63,-3.13,12.50,12.50,12.50,0.00,-3.13,-3.13,12.50
347,Finished,12 November 2020  9:00 AM,12 November 2020  9:29 AM,29 mins 4 secs,100.0,12.50,12.50,12.50,12.50,12.50,12.50,12.50,12.50
348,Finished,12 November 2020  9:01 AM,12 November 2020  9:22 AM,20 mins 44 secs,84.38,12.50,12.50,12.50,12.50,12.50,12.50,-3.13,12.50
349,Finished,12 November 2020  9:02 AM,12 November 2020  9:30 AM,28 mins 13 secs,56.25,12.50,12.50,12.50,12.50,0.00,-3.13,-3.13,12.50
350,Finished,12 November 2020  9:02 AM,12 November 2020  9:32 AM,29 mins 36 secs,84.38,12.50,12.50,12.50,12.50,12.50,-3.13,12.50,12.50
351,Finished,12 November 2020  9:13 AM,12 November 2020  9:27 AM,14 mins 19 secs,100.0,12.50,12.50,12.50,12.50,12.50,12.50,12.50,12.50
352,Finished,12 November 2020  9:19 AM,12 November 2020  9:46 AM,27 mins 26 secs,84.38,12.50,12.50,12.50,-3.13,12.50,12.50,12.50,12.50
353,Finished,12 November 2020  9:39 AM,12 November 2020  10:00 AM,21 mins 1 sec,84.38,12.50,12.50,12.50,12.50,12.50,12.50,-3.13,12.50
354,Finished,12 November 2020  9:44 AM,12 November 2020  10:11 AM,27 mins 36 secs,68.75,12.50,12.50,-3.13,12.50,12.50,12.50,-3.13,12.50
355,Finished,12 November 2020  10:00 AM,12 November 2020  10:21 AM,20 mins 50 secs,84.38,12.50,12.50,12.50,12.50,12.50,12.50,-3.13,12.50
356,Finished,12 November 2020  10:01 AM,12 November 2020  10:16 AM,14 mins 39 secs,25.0,-3.13,-3.13,12.50,-3.13,0.00,12.50,12.50,-3.13
357,Finished,12 November 2020  10:04 AM,12 November 2020  10:20 AM,16 mins 45 secs,25.0,12.50,12.50,-3.13,-3.13,0.00,-3.13,-3.13,12.50
358,Finished,12 November 2020  10:07 AM,12 November 2020  10:21 AM,14 mins 3 secs,84.38,-3.13,12.50,12.50,12.50,12.50,12.50,12.50,12.50
359,Finished,12 November 2020  10:18 AM,12 November 2020  10:45 AM,26 mins 29 secs,68.75,12.50,12.50,12.50,-3.13,12.50,12.50,-3.13,12.50
360,Finished,12 November 2020  10:22 AM,12 November 2020  10:47 AM,25 mins 29 secs,84.38,12.50,12.50,12.50,12.50,12.50,12.50,-3.13,12.50
361,Finished,12 November 2020  10:23 AM,12 November 2020  10:49 AM,25 mins 22 secs,53.13,-3.13,12.50,12.50,12.50,12.50,-3.13,-3.13,12.50
362,Finished,12 November 2020  10:38 AM,12 November 2020  11:03 AM,24 mins 19 secs,53.13,-3.13,12.50,-3.13,12.50,12.50,12.50,-3.13,12.50
363,Finished,12 November 2020  10:45 AM,12 November 2020  11:09 AM,23 mins 33 secs,37.5,12.50,12.50,-3.13,-3.13,12.50,-3.13,-3.13,12.50
364,Finished,12 November 2020  10:49 AM,12 November 2020  10:54 AM,4 mins 21 secs,15.63,-3.13,12.50,-3.13,-3.13,6.25,12.50,-3.13,-3.13
365,Finished,12 November 2020  11:00 AM,12 November 2020  11:32 AM,31 mins 12 secs,87.5,12.50,12.50,12.50,12.50,0.00,12.50,12.50,12.50
366,Finished,12 November 2020  11:33 AM,12 November 2020  11:50 AM,17 mins 17 secs,62.5,12.50,12.50,12.50,-3.13,6.25,12.50,-3.13,12.50
367,Finished,12 November 2020  11:43 AM,12 November 2020  12:13 PM,30 mins 2 secs,37.5,12.50,12.50,-,-,0.00,-,12.50,-
368,Finished,12 November 2020  11:57 AM,12 November 2020  12:14 PM,16 mins 35 secs,40.63,12.50,12.50,-3.13,-3.13,0.00,12.50,-3.13,12.50
369,Finished,12 November 2020  11:59 AM,12 November 2020  12:18 PM,18 mins 52 secs,68.75,12.50,12.50,12.50,-3.13,12.50,12.50,-3.13,12.50
370,Finished,12 November 2020  12:07 PM,12 November 2020  12:37 PM,30 mins,87.5,12.50,12.50,12.50,12.50,12.50,12.50,12.50,-
371,Finished,12 November 2020  12:15 PM,12 November 2020  12:35 PM,20 mins 23 secs,68.75,-3.13,12.50,-3.13,12.50,12.50,12.50,12.50,12.50
372,Finished,12 November 2020  12:16 PM,12 November 2020  12:30 PM,14 mins 34 secs,46.88,-3.13,12.50,-3.13,12.50,6.25,-3.13,12.50,12.50
373,Finished,12 November 2020  12:17 PM,12 November 2020  12:44 PM,26 mins 11 secs,100.0,12.50,12.50,12.50,12.50,12.50,12.50,12.50,12.50
374,Finished,12 November 2020  12:19 PM,12 November 2020  12:31 PM,12 mins 11 secs,46.88,-3.13,12.50,12.50,-3.13,6.25,12.50,12.50,-3.13
375,Finished,12 November 2020  12:20 PM,12 November 2020  12:50 PM,29 mins 46 secs,100.0,12.50,12.50,12.50,12.50,12.50,12.50,12.50,12.50
376,Finished,12 November 2020  12:27 PM,12 November 2020  12:56 PM,28 mins 46 secs,84.38,-3.13,12.50,12.50,12.50,12.50,12.50,12.50,12.50
377,Finished,12 November 2020  12:30 PM,12 November 2020  12:47 PM,16 mins 40 secs,46.88,-3.13,12.50,-3.13,12.50,6.25,12.50,-3.13,12.50
378,Finished,12 November 2020  12:34 PM,12 November 2020  12:55 PM,21 mins 1 sec,100.0,12.50,12.50,12.50,12.50,12.50,12.50,12.50,12.50
379,Finished,12 November 2020  12:35 PM,12 November 2020  12:51 PM,16 mins 11 secs,84.38,12.50,12.50,12.50,12.50,12.50,12.50,-3.13,12.50
380,Finished,12 November 2020  12:39 PM,12 November 2020  12:58 PM,19 mins 48 secs,84.38,12.50,12.50,12.50,12.50,12.50,-3.13,12.50,12.50
381,Finished,12 November 2020  12:48 PM,12 November 2020  1:08 PM,19 mins 50 secs,84.38,12.50,12.50,12.50,12.50,12.50,12.50,-3.13,12.50
382,Finished,12 November 2020  12:48 PM,12 November 2020  1:14 PM,25 mins 24 secs,56.25,-3.13,12.50,12.50,-3.13,0.00,12.50,12.50,12.50
383,Finished,12 November 2020  12:55 PM,12 November 2020  1:17 PM,22 mins 1 sec,84.38,12.50,12.50,12.50,-3.13,12.50,12.50,12.50,12.50
384,Finished,12 November 2020  1:00 PM,12 November 2020  1:29 PM,28 mins 51 secs,68.75,12.50,12.50,12.50,-3.13,12.50,-3.13,12.50,12.50
385,Finished,12 November 2020  1:22 PM,12 November 2020  1:47 PM,24 mins 50 secs,100.0,12.50,12.50,12.50,12.50,12.50,12.50,12.50,12.50
386,Finished,12 November 2020  1:24 PM,12 November 2020  1:51 PM,26 mins 57 secs,84.38,12.50,12.50,12.50,12.50,12.50,12.50,-3.13,12.50
387,Finished,12 November 2020  1:25 PM,12 November 2020  1:31 PM,5 mins 51 secs,40.63,12.50,12.50,-3.13,-3.13,0.00,12.50,-3.13,12.50
388,Finished,12 November 2020  1:27 PM,12 November 2020  1:37 PM,9 mins 23 secs,25.0,12.50,12.50,-3.13,-3.13,0.00,-3.13,-3.13,12.50
389,Finished,12 November 2020  1:28 PM,12 November 2020  1:41 PM,13 mins 45 secs,71.88,-3.13,12.50,12.50,12.50,0.00,12.50,12.50,12.50
390,Finished,12 November 2020  1:40 PM,12 November 2020  1:51 PM,10 mins 56 secs,100.0,12.50,12.50,12.50,12.50,12.50,12.50,12.50,12.50
391,Finished,12 November 2020  1:41 PM,12 November 2020  2:02 PM,20 mins 18 secs,53.13,12.50,12.50,-3.13,-3.13,12.50,-3.13,12.50,12.50
392,Finished,12 November 2020  1:46 PM,12 November 2020  2:18 PM,31 mins 55 secs,78.13,12.50,12.50,12.50,12.50,6.25,12.50,-3.13,12.50
393,Finished,12 November 2020  1:47 PM,12 November 2020  2:10 PM,22 mins 34 secs,68.75,12.50,12.50,-3.13,12.50,12.50,12.50,-3.13,12.50
394,Finished,12 November 2020  1:48 PM,12 November 2020  2:00 PM,12 mins 8 secs,37.5,-3.13,12.50,12.50,-3.13,12.50,12.50,-3.13,-3.13
395,Finished,12 November 2020  1:59 PM,12 November 2020  2:17 PM,18 mins 19 secs,60.94,12.50,12.50,-3.13,12.50,4.69,12.50,-3.13,12.50
396,Finished,12 November 2020  2:01 PM,12 November 2020  2:21 PM,20 mins 13 secs,100.0,12.50,12.50,12.50,12.50,12.50,12.50,12.50,12.50
397,Finished,12 November 2020  2:04 PM,12 November 2020  2:32 PM,27 mins 26 secs,100.0,12.50,12.50,12.50,12.50,12.50,12.50,12.50,12.50
398,Finished,12 November 2020  2:05 PM,12 November 2020  2:22 PM,16 mins 55 secs,53.13,12.50,12.50,12.50,12.50,12.50,-3.13,-3.13,-3.13
399,Finished,12 November 2020  2:06 PM,12 November 2020  2:07 PM,1 min 14 secs,31.25,-3.13,12.50,-3.13,12.50,6.25,-3.13,-3.13,12.50
400,Finished,12 November 2020  2:08 PM,12 November 2020  2:34 PM,25 mins 53 secs,100.0,12.50,12.50,12.50,12.50,12.50,12.50,12.50,12.50
401,Finished,12 November 2020  2:08 PM,12 November 2020  2:31 PM,22 mins 58 secs,68.75,12.50,12.50,12.50,12.50,12.50,-3.13,-3.13,12.50
402,Finished,12 November 2020  2:09 PM,12 November 2020  2:18 PM,8 mins 49 secs,21.88,-3.13,12.50,12.50,-3.13,12.50,-3.13,-3.13,-3.13
403,Finished,12 November 2020  2:09 PM,12 November 2020  2:28 PM,18 mins 20 secs,84.38,12.50,12.50,12.50,12.50,12.50,12.50,12.50,-3.13
404,Finished,12 November 2020  2:09 PM,12 November 2020  2:36 PM,26 mins 26 secs,71.88,12.50,12.50,12.50,12.50,0.00,-3.13,12.50,12.50
405,Finished,12 November 2020  2:13 PM,12 November 2020  2:36 PM,23 mins 2 secs,100.0,12.50,12.50,12.50,12.50,12.50,12.50,12.50,12.50
406,Finished,12 November 2020  2:13 PM,12 November 2020  2:33 PM,19 mins 30 secs,68.75,12.50,12.50,12.50,-3.13,12.50,12.50,-3.13,12.50
407,Finished,12 November 2020  2:14 PM,12 November 2020  2:40 PM,26 mins 17 secs,84.38,12.50,12.50,12.50,12.50,12.50,-3.13,12.50,12.50
408,Finished,12 November 2020  2:17 PM,12 November 2020  2:40 PM,23 mins 10 secs,93.75,12.50,12.50,12.50,12.50,6.25,12.50,12.50,12.50
409,Finished,12 November 2020  2:17 PM,12 November 2020  2:41 PM,23 mins 13 secs,78.13,-3.13,12.50,12.50,12.50,6.25,12.50,12.50,12.50
410,Finished,12 November 2020  2:20 PM,12 November 2020  2:34 PM,14 mins 41 secs,62.5,12.50,12.50,12.50,-3.13,6.25,12.50,-3.13,12.50
411,Finished,12 November 2020  2:20 PM,12 November 2020  2:37 PM,17 mins,53.13,-3.13,12.50,12.50,-3.13,12.50,12.50,-3.13,12.50
412,Finished,12 November 2020  2:29 PM,12 November 2020  2:48 PM,19 mins 41 secs,84.38,12.50,12.50,12.50,12.50,12.50,-3.13,12.50,12.50
413,Finished,12 November 2020  2:31 PM,12 November 2020  3:00 PM,28 mins 48 secs,68.75,12.50,12.50,12.50,12.50,12.50,-3.13,-3.13,12.50
414,Finished,12 November 2020  2:55 PM,12 November 2020  3:08 PM,13 mins 51 secs,100.0,12.50,12.50,12.50,12.50,12.50,12.50,12.50,12.50
415,Finished,12 November 2020  2:57 PM,12 November 2020  3:21 PM,24 mins 20 secs,56.25,-3.13,12.50,12.50,12.50,0.00,12.50,-3.13,12.50
416,Finished,12 November 2020  2:58 PM,12 November 2020  3:23 PM,24 mins 46 secs,71.88,12.50,12.50,12.50,12.50,0.00,12.50,-3.13,12.50
417,Finished,12 November 2020  3:01 PM,12 November 2020  3:12 PM,11 mins 4 secs,56.25,-3.13,12.50,12.50,12.50,0.00,12.50,-3.13,12.50
418,Finished,12 November 2020  3:15 PM,12 November 2020  3:29 PM,14 mins 55 secs,84.38,12.50,12.50,12.50,12.50,12.50,12.50,12.50,-3.13
419,Finished,12 November 2020  3:17 PM,12 November 2020  3:35 PM,18 mins 10 secs,46.88,-3.13,12.50,12.50,-3.13,6.25,12.50,-3.13,12.50
420,Finished,12 November 2020  3:28 PM,12 November 2020  4:00 PM,31 mins 57 secs,25.0,-3.13,12.50,-3.13,-3.13,0.00,12.50,-3.13,12.50
421,Finished,12 November 2020  3:34 PM,12 November 2020  3:44 PM,9 mins 24 secs,53.13,-3.13,12.50,-3.13,12.50,12.50,12.50,-3.13,12.50
422,Finished,13 November 2020  3:29 PM,13 November 2020  3:57 PM,28 mins 12 secs,93.75,12.50,12.50,12.50,12.50,6.25,12.50,12.50,12.50
