Email address,State,Started on,Completed,Time taken,Grade/100.00,Q. 1 /6.67,Q. 2 /6.67,Q. 3 /6.67,Q. 4 /6.67,Q. 5 /6.67,Q. 6 /6.67,Q. 7 /6.67,Q. 8 /6.67,Q. 9 /6.67,Q. 10 /6.67,Q. 11 /6.67,Q. 12 /6.67,Q. 13 /6.67,Q. 14 /6.67,Q. 15 /6.67
0,Finished,9 November 2020  1:02 PM,9 November 2020  1:47 PM,45 mins,21.67,-,-1.67,6.67,6.67,-1.67,-1.67,-,-,6.67,0.00,6.67,0.00,0.00,-,-
1,Finished,9 November 2020  1:08 PM,9 November 2020  1:44 PM,36 mins 44 secs,32.5,-1.67,6.67,6.67,3.33,6.67,-1.67,6.67,-0.83,6.67,0.00,0.00,0.00,0.00,0.00,0.00
2,Finished,9 November 2020  1:09 PM,9 November 2020  1:46 PM,37 mins 26 secs,41.39,-1.67,6.67,6.67,6.67,6.67,6.67,-1.11,-0.83,-1.67,6.67,0.00,0.00,0.00,0.00,6.67
3,Finished,9 November 2020  1:11 PM,9 November 2020  1:58 PM,46 mins 20 secs,9.72,-1.67,6.67,-1.67,3.33,-,6.67,-1.11,-0.83,-1.67,-,0.00,0.00,0.00,-,0.00
4,Finished,9 November 2020  1:14 PM,9 November 2020  1:59 PM,45 mins,35.0,-,6.67,6.67,3.33,6.67,-1.67,-,6.67,6.67,0.00,-,0.00,0.00,-,-
5,Finished,9 November 2020  1:15 PM,9 November 2020  2:00 PM,45 mins,41.39,6.67,6.67,-1.67,6.67,-1.67,6.67,-1.11,-0.83,6.67,6.67,6.67,0.00,0.00,0.00,0.00
6,Finished,9 November 2020  1:15 PM,9 November 2020  1:47 PM,31 mins 37 secs,15.06,-1.67,6.67,6.67,2.00,6.67,-1.67,-1.11,-0.83,-1.67,0.00,0.00,0.00,0.00,0.00,0.00
7,Finished,9 November 2020  1:15 PM,9 November 2020  2:00 PM,45 mins,37.22,-,6.67,6.67,6.67,-1.67,-,-1.11,6.67,6.67,-,0.00,6.67,-,0.00,0.00
8,Finished,9 November 2020  1:15 PM,9 November 2020  2:00 PM,45 mins 1 sec,29.72,6.67,6.67,-1.67,3.33,-1.67,6.67,-1.11,-0.83,-1.67,0.00,6.67,0.00,0.00,0.00,6.67
9,Finished,9 November 2020  1:16 PM,9 November 2020  1:47 PM,30 mins 53 secs,13.39,-1.67,6.67,-1.67,2.00,6.67,-1.67,-1.11,-0.83,-1.67,0.00,0.00,0.00,0.00,0.00,6.67
10,Finished,9 November 2020  1:16 PM,9 November 2020  2:01 PM,44 mins 13 secs,30.83,6.67,-1.67,6.67,3.33,-1.67,6.67,6.67,-0.83,-1.67,0.00,0.00,0.00,0.00,0.00,6.67
11,Finished,9 November 2020  1:16 PM,9 November 2020  2:01 PM,45 mins,53.06,-1.67,6.67,6.67,3.33,6.67,6.67,-1.11,-0.83,6.67,6.67,6.67,0.00,0.00,0.00,6.67
12,Finished,9 November 2020  1:17 PM,9 November 2020  2:01 PM,43 mins 44 secs,24.72,-1.67,6.67,-1.67,3.33,6.67,6.67,-1.11,-0.83,6.67,0.00,0.00,0.00,0.00,0.00,0.00
13,Finished,9 November 2020  1:17 PM,9 November 2020  2:02 PM,45 mins 1 sec,6.17,-1.67,-1.67,-1.67,2.00,-1.67,-1.67,6.67,-0.83,6.67,0.00,-,-,-,0.00,-
14,Finished,9 November 2020  1:18 PM,9 November 2020  2:00 PM,42 mins 9 secs,27.22,-1.67,6.67,6.67,0.00,-1.67,6.67,-1.11,6.67,-1.67,0.00,6.67,0.00,0.00,0.00,0.00
15,Finished,9 November 2020  1:18 PM,9 November 2020  2:03 PM,45 mins 1 sec,34.72,-1.67,6.67,-1.67,0.00,6.67,6.67,-1.11,-0.83,6.67,6.67,0.00,0.00,0.00,0.00,6.67
16,Finished,9 November 2020  1:19 PM,9 November 2020  2:02 PM,43 mins 17 secs,22.22,-1.67,-1.67,-1.67,3.33,6.67,6.67,-1.11,6.67,-1.67,6.67,0.00,0.00,0.00,0.00,0.00
17,Finished,9 November 2020  1:19 PM,9 November 2020  2:04 PM,45 mins,71.67,6.67,6.67,6.67,6.67,6.67,6.67,6.67,6.67,-1.67,6.67,6.67,0.00,0.00,0.00,6.67
18,Finished,9 November 2020  1:19 PM,9 November 2020  2:01 PM,41 mins 34 secs,41.39,-1.67,6.67,-1.67,0.00,6.67,6.67,-1.11,-0.83,6.67,6.67,0.00,6.67,0.00,0.00,6.67
19,Finished,9 November 2020  1:20 PM,9 November 2020  2:05 PM,45 mins,26.67,-,6.67,-1.67,3.33,-,6.67,-,6.67,-1.67,-,0.00,-,-,0.00,6.67
20,Finished,9 November 2020  1:20 PM,9 November 2020  2:05 PM,44 mins 54 secs,38.06,-,6.67,6.67,3.33,6.67,-1.67,-1.11,-0.83,-1.67,6.67,6.67,-,-,6.67,0.00
21,Finished,9 November 2020  1:20 PM,9 November 2020  2:05 PM,44 mins 57 secs,71.67,-1.67,6.67,6.67,6.67,6.67,6.67,6.67,6.67,6.67,6.67,0.00,0.00,6.67,0.00,6.67
22,Finished,9 November 2020  1:20 PM,9 November 2020  2:05 PM,45 mins,35.83,6.67,6.67,-1.67,0.00,6.67,6.67,6.67,-0.83,-1.67,0.00,0.00,0.00,6.67,0.00,0.00
23,Finished,9 November 2020  1:21 PM,9 November 2020  2:05 PM,43 mins 48 secs,43.89,-1.67,-1.67,6.67,3.33,6.67,6.67,-1.11,6.67,-1.67,6.67,6.67,0.00,0.00,0.00,6.67
24,Finished,9 November 2020  1:22 PM,9 November 2020  2:07 PM,44 mins 59 secs,19.72,-1.67,6.67,-1.67,3.33,-1.67,-1.67,-1.11,-0.83,-1.67,6.67,-,6.67,0.00,0.00,6.67
25,Finished,9 November 2020  1:23 PM,9 November 2020  2:08 PM,45 mins,38.06,6.67,6.67,-1.67,3.33,-1.67,6.67,-1.11,-0.83,6.67,0.00,6.67,0.00,0.00,0.00,6.67
26,Finished,9 November 2020  1:23 PM,9 November 2020  1:26 PM,3 mins 38 secs,19.17,6.67,-1.67,6.67,0.00,-1.67,-1.67,6.67,-0.83,-1.67,0.00,6.67,0.00,0.00,0.00,0.00
27,Finished,9 November 2020  1:23 PM,9 November 2020  2:02 PM,39 mins 12 secs,29.72,-1.67,6.67,6.67,3.33,-1.67,6.67,-1.11,-0.83,-1.67,6.67,0.00,0.00,0.00,0.00,6.67
28,Finished,9 November 2020  1:23 PM,9 November 2020  2:00 PM,37 mins 10 secs,14.17,-1.67,-1.67,-1.67,3.33,6.67,-1.67,6.67,-0.83,-1.67,0.00,6.67,0.00,0.00,0.00,0.00
29,Finished,9 November 2020  1:23 PM,9 November 2020  2:08 PM,44 mins 59 secs,53.89,-1.67,6.67,6.67,6.67,-1.67,6.67,-1.11,6.67,-1.67,6.67,6.67,0.00,0.00,6.67,6.67
30,Finished,9 November 2020  1:24 PM,9 November 2020  2:09 PM,45 mins,42.5,-1.67,6.67,6.67,0.00,6.67,6.67,6.67,-0.83,-1.67,6.67,0.00,0.00,0.00,0.00,6.67
31,Finished,9 November 2020  1:24 PM,9 November 2020  2:09 PM,45 mins,11.39,-1.67,6.67,-1.67,0.00,6.67,-1.67,-1.11,-0.83,-1.67,6.67,0.00,0.00,0.00,0.00,0.00
32,Finished,9 November 2020  1:24 PM,9 November 2020  2:09 PM,45 mins 1 sec,43.33,6.67,6.67,6.67,3.33,-,6.67,-,-,-,6.67,6.67,-,0.00,0.00,-
33,Finished,9 November 2020  1:25 PM,9 November 2020  2:09 PM,44 mins 42 secs,3.06,-1.67,-1.67,-1.67,3.33,-,6.67,-1.11,-0.83,-,0.00,0.00,0.00,0.00,0.00,-
34,Finished,9 November 2020  1:26 PM,9 November 2020  2:11 PM,45 mins,23.89,-,6.67,-,-,-1.67,-,-1.11,-,-,6.67,-,6.67,6.67,0.00,-
35,Finished,9 November 2020  1:26 PM,9 November 2020  2:11 PM,45 mins 2 secs,29.72,-1.67,6.67,6.67,3.33,-1.67,-1.67,-1.11,-0.83,6.67,6.67,0.00,0.00,0.00,0.00,6.67
36,Finished,9 November 2020  1:26 PM,9 November 2020  2:09 PM,43 mins 5 secs,19.72,6.67,6.67,6.67,0.00,-1.67,-1.67,-1.11,-0.83,-1.67,0.00,0.00,0.00,0.00,0.00,6.67
37,Finished,9 November 2020  1:26 PM,9 November 2020  2:11 PM,45 mins 1 sec,53.06,6.67,6.67,6.67,3.33,6.67,6.67,-1.11,-0.83,-1.67,6.67,6.67,0.00,0.00,0.00,6.67
38,Finished,9 November 2020  1:28 PM,9 November 2020  2:13 PM,44 mins 56 secs,28.33,6.67,-1.67,-1.67,3.33,-1.67,-1.67,6.67,6.67,-1.67,0.00,6.67,0.00,0.00,0.00,6.67
39,Finished,9 November 2020  1:29 PM,9 November 2020  2:12 PM,42 mins 44 secs,14.72,6.67,6.67,-1.67,3.33,-1.67,-1.67,-1.11,-0.83,-1.67,0.00,0.00,0.00,0.00,0.00,6.67
40,Finished,9 November 2020  1:29 PM,9 November 2020  2:14 PM,45 mins 1 sec,36.5,-1.67,6.67,-,0.67,-1.67,6.67,6.67,-0.83,6.67,0.00,6.67,0.00,0.00,0.00,6.67
41,Finished,9 November 2020  1:29 PM,9 November 2020  2:14 PM,44 mins 47 secs,55.83,6.67,6.67,6.67,6.67,-1.67,6.67,6.67,-0.83,-1.67,6.67,6.67,0.00,0.00,0.00,6.67
42,Finished,9 November 2020  1:29 PM,9 November 2020  2:14 PM,45 mins,30.06,-1.67,6.67,6.67,2.00,-1.67,6.67,-1.11,-0.83,6.67,0.00,6.67,0.00,0.00,0.00,0.00
43,Finished,9 November 2020  1:30 PM,9 November 2020  2:15 PM,45 mins,39.72,-1.67,6.67,-1.67,6.67,-1.67,6.67,-1.11,-0.83,6.67,6.67,6.67,6.67,0.00,0.00,0.00
44,Finished,9 November 2020  1:30 PM,9 November 2020  2:15 PM,45 mins 1 sec,46.39,-1.67,6.67,-1.67,6.67,-1.67,6.67,-1.11,-0.83,6.67,6.67,6.67,6.67,0.00,0.00,6.67
45,Finished,9 November 2020  1:30 PM,9 November 2020  2:15 PM,45 mins 2 secs,25.56,-1.67,6.67,-1.67,0.00,-1.67,6.67,-1.11,6.67,-1.67,6.67,6.67,0.00,0.00,0.00,0.00
46,Finished,9 November 2020  1:30 PM,9 November 2020  2:15 PM,45 mins,4.72,-1.67,6.67,-1.67,0.00,-1.67,6.67,-1.11,-0.83,-1.67,0.00,0.00,0.00,0.00,0.00,0.00
47,Finished,9 November 2020  1:30 PM,9 November 2020  2:15 PM,44 mins 29 secs,81.67,6.67,6.67,6.67,3.33,6.67,6.67,6.67,6.67,-1.67,6.67,6.67,6.67,0.00,6.67,6.67
48,Finished,9 November 2020  1:31 PM,9 November 2020  2:16 PM,45 mins 1 sec,86.67,6.67,6.67,6.67,6.67,6.67,6.67,6.67,6.67,6.67,6.67,6.67,6.67,-,-,6.67
49,Finished,9 November 2020  1:31 PM,9 November 2020  2:18 PM,46 mins 31 secs,14.17,-,-,-1.67,3.33,6.67,-,-,-0.83,6.67,-,0.00,0.00,-,0.00,-
50,Finished,9 November 2020  1:31 PM,9 November 2020  2:06 PM,35 mins 27 secs,23.06,6.67,6.67,-1.67,3.33,-1.67,6.67,-1.11,-0.83,-1.67,0.00,0.00,0.00,0.00,0.00,6.67
51,Finished,9 November 2020  1:31 PM,9 November 2020  2:16 PM,45 mins,-11.28,-1.67,-1.67,-1.67,0.67,-1.67,-1.67,-1.11,-0.83,-1.67,0.00,-,0.00,0.00,0.00,0.00
52,Finished,9 November 2020  1:31 PM,9 November 2020  2:13 PM,41 mins 33 secs,6.39,-1.67,-1.67,-1.67,3.33,-1.67,6.67,-1.11,-0.83,-1.67,0.00,0.00,6.67,0.00,0.00,0.00
53,Finished,9 November 2020  1:31 PM,9 November 2020  2:12 PM,40 mins 21 secs,62.22,-1.67,6.67,6.67,6.67,-1.67,6.67,-1.11,6.67,6.67,6.67,6.67,6.67,0.00,0.00,6.67
54,Finished,9 November 2020  1:32 PM,9 November 2020  2:17 PM,45 mins 24 secs,38.06,-1.67,6.67,-1.67,3.33,6.67,6.67,-1.11,-0.83,6.67,6.67,0.00,0.00,0.00,0.00,6.67
55,Finished,9 November 2020  1:32 PM,9 November 2020  2:15 PM,43 mins 30 secs,66.39,-1.67,6.67,6.67,3.33,6.67,6.67,-1.11,-0.83,6.67,6.67,6.67,6.67,6.67,0.00,6.67
56,Finished,9 November 2020  1:32 PM,9 November 2020  2:13 PM,40 mins 52 secs,44.72,6.67,6.67,6.67,6.67,6.67,6.67,-1.11,-0.83,-,-,6.67,-,-,-,-
57,Finished,9 November 2020  1:33 PM,9 November 2020  2:18 PM,44 mins 47 secs,61.67,-1.67,6.67,6.67,3.33,6.67,6.67,6.67,6.67,6.67,6.67,0.00,0.00,0.00,0.00,6.67
58,Finished,9 November 2020  1:34 PM,9 November 2020  2:19 PM,44 mins 38 secs,14.72,-1.67,6.67,-1.67,3.33,-1.67,-1.67,-1.11,-0.83,6.67,0.00,0.00,0.00,0.00,0.00,6.67
59,Finished,9 November 2020  1:34 PM,9 November 2020  2:19 PM,45 mins,43.33,-,6.67,6.67,3.33,6.67,6.67,-,-,-,0.00,6.67,6.67,0.00,-,-
60,Finished,9 November 2020  1:35 PM,9 November 2020  2:11 PM,36 mins 38 secs,30.56,-1.67,6.67,-1.67,3.33,6.67,6.67,-1.11,6.67,-1.67,0.00,6.67,0.00,0.00,0.00,0.00
61,Finished,9 November 2020  1:35 PM,9 November 2020  2:20 PM,45 mins,46.39,6.67,6.67,6.67,3.33,6.67,6.67,-1.11,-0.83,-1.67,6.67,0.00,0.00,0.00,0.00,6.67
62,Finished,9 November 2020  1:35 PM,9 November 2020  2:17 PM,41 mins 30 secs,43.06,-1.67,6.67,-1.67,3.33,6.67,6.67,-1.11,-0.83,-1.67,6.67,6.67,6.67,0.00,0.00,6.67
63,Finished,9 November 2020  1:36 PM,9 November 2020  2:21 PM,45 mins 2 secs,54.72,6.67,6.67,6.67,3.33,-,6.67,-1.11,-0.83,6.67,6.67,6.67,0.00,0.00,0.00,6.67
64,Finished,9 November 2020  1:37 PM,9 November 2020  2:15 PM,38 mins 40 secs,63.06,6.67,6.67,6.67,6.67,6.67,6.67,-1.11,-0.83,-1.67,6.67,6.67,0.00,6.67,0.00,6.67
65,Finished,9 November 2020  1:37 PM,9 November 2020  2:15 PM,37 mins 41 secs,20.56,6.67,-1.67,-1.67,0.00,-1.67,6.67,-1.11,6.67,6.67,0.00,0.00,0.00,0.00,0.00,0.00
66,Finished,9 November 2020  1:37 PM,9 November 2020  2:15 PM,37 mins 38 secs,73.33,6.67,6.67,6.67,3.33,-1.67,6.67,6.67,6.67,-1.67,6.67,6.67,6.67,6.67,0.00,6.67
67,Finished,9 November 2020  1:37 PM,9 November 2020  2:16 PM,39 mins,28.06,-1.67,6.67,-1.67,0.00,6.67,6.67,-1.11,-0.83,6.67,0.00,0.00,0.00,0.00,0.00,6.67
68,Finished,9 November 2020  1:38 PM,9 November 2020  2:23 PM,44 mins 55 secs,65.67,6.67,6.67,6.67,0.67,6.67,6.67,6.67,6.67,-1.67,6.67,6.67,0.00,0.00,0.00,6.67
69,Finished,9 November 2020  1:38 PM,9 November 2020  2:23 PM,45 mins,74.17,6.67,6.67,6.67,3.33,6.67,6.67,6.67,-0.83,-1.67,6.67,6.67,6.67,6.67,0.00,6.67
70,Finished,9 November 2020  1:38 PM,9 November 2020  2:15 PM,36 mins 51 secs,85.0,6.67,6.67,6.67,6.67,6.67,6.67,6.67,6.67,-1.67,6.67,6.67,6.67,6.67,0.00,6.67
71,Finished,9 November 2020  1:38 PM,9 November 2020  2:23 PM,45 mins,53.89,6.67,6.67,6.67,3.33,6.67,6.67,-1.11,6.67,-1.67,6.67,0.00,0.00,0.00,0.00,6.67
72,Finished,9 November 2020  1:39 PM,9 November 2020  2:15 PM,35 mins 29 secs,33.39,6.67,6.67,-1.67,5.33,6.67,6.67,-1.11,-0.83,-1.67,6.67,0.00,0.00,0.00,0.00,0.00
73,Finished,9 November 2020  1:40 PM,9 November 2020  2:25 PM,45 mins 1 sec,51.67,-1.67,6.67,6.67,3.33,-1.67,6.67,6.67,6.67,-1.67,6.67,0.00,0.00,6.67,0.00,6.67
74,Finished,9 November 2020  1:40 PM,9 November 2020  2:25 PM,45 mins 1 sec,60.56,6.67,6.67,6.67,3.33,6.67,6.67,-1.11,6.67,-1.67,6.67,6.67,0.00,0.00,0.00,6.67
75,Finished,9 November 2020  1:42 PM,9 November 2020  2:25 PM,42 mins 57 secs,53.06,6.67,6.67,6.67,3.33,-1.67,6.67,-1.11,-0.83,6.67,6.67,0.00,6.67,6.67,0.00,0.00
76,Finished,9 November 2020  1:42 PM,9 November 2020  2:12 PM,29 mins 29 secs,14.72,6.67,-1.67,-1.67,3.33,6.67,-1.67,-1.11,-0.83,-1.67,6.67,0.00,0.00,0.00,0.00,0.00
77,Finished,9 November 2020  1:42 PM,9 November 2020  2:27 PM,45 mins 1 sec,37.83,-1.67,6.67,-1.67,2.00,6.67,6.67,6.67,-0.83,6.67,0.00,0.00,0.00,0.00,0.00,6.67
78,Finished,9 November 2020  1:43 PM,9 November 2020  2:28 PM,45 mins,38.39,6.67,6.67,6.67,2.00,6.67,6.67,-1.11,-0.83,-1.67,6.67,0.00,0.00,0.00,0.00,0.00
79,Finished,9 November 2020  1:43 PM,9 November 2020  2:10 PM,26 mins 20 secs,23.06,6.67,6.67,6.67,3.33,-1.67,-1.67,-1.11,-0.83,-1.67,0.00,0.00,6.67,0.00,0.00,0.00
80,Finished,9 November 2020  1:45 PM,9 November 2020  2:29 PM,44 mins 30 secs,44.17,6.67,-1.67,-1.67,3.33,6.67,6.67,6.67,-0.83,-1.67,6.67,6.67,0.00,0.00,0.00,6.67
81,Finished,9 November 2020  1:45 PM,9 November 2020  2:29 PM,44 mins 17 secs,23.06,-1.67,6.67,-1.67,3.33,6.67,-1.67,-1.11,-0.83,6.67,6.67,0.00,0.00,0.00,0.00,0.00
82,Finished,9 November 2020  1:45 PM,9 November 2020  2:30 PM,45 mins 1 sec,24.72,6.67,6.67,-1.67,3.33,-,6.67,-1.11,-0.83,-1.67,0.00,0.00,0.00,0.00,-,6.67
83,Finished,9 November 2020  1:46 PM,9 November 2020  2:31 PM,45 mins 1 sec,59.72,6.67,6.67,6.67,3.33,6.67,6.67,-1.11,-0.83,-1.67,6.67,6.67,6.67,0.00,0.00,6.67
84,Finished,9 November 2020  1:47 PM,9 November 2020  2:31 PM,44 mins 45 secs,93.33,6.67,6.67,6.67,6.67,6.67,6.67,6.67,6.67,6.67,6.67,6.67,6.67,6.67,0.00,6.67
85,Finished,9 November 2020  1:47 PM,9 November 2020  2:32 PM,45 mins 1 sec,85.0,6.67,6.67,-1.67,6.67,6.67,6.67,6.67,6.67,6.67,6.67,0.00,6.67,6.67,6.67,6.67
86,Finished,9 November 2020  1:47 PM,9 November 2020  2:24 PM,37 mins 25 secs,11.39,-1.67,6.67,-1.67,0.00,6.67,-1.67,-1.11,-0.83,-1.67,0.00,6.67,0.00,0.00,0.00,0.00
87,Finished,9 November 2020  1:49 PM,9 November 2020  2:33 PM,44 mins 27 secs,70.83,6.67,6.67,6.67,6.67,-1.67,6.67,6.67,-0.83,6.67,0.00,6.67,6.67,6.67,0.00,6.67
88,Finished,9 November 2020  1:49 PM,9 November 2020  2:34 PM,44 mins 53 secs,67.22,6.67,6.67,6.67,3.33,6.67,6.67,-1.11,6.67,-1.67,6.67,6.67,0.00,6.67,0.00,6.67
89,Finished,9 November 2020  1:49 PM,9 November 2020  2:33 PM,44 mins 3 secs,8.06,-1.67,6.67,-1.67,3.33,-1.67,6.67,-1.11,-0.83,-1.67,0.00,0.00,0.00,0.00,0.00,0.00
90,Finished,9 November 2020  1:50 PM,9 November 2020  2:28 PM,38 mins 31 secs,-0.28,-1.67,-1.67,-1.67,3.33,-1.67,6.67,-1.11,-0.83,-1.67,0.00,0.00,0.00,0.00,0.00,0.00
91,Finished,9 November 2020  1:50 PM,9 November 2020  2:35 PM,45 mins 1 sec,43.89,-1.67,6.67,-1.67,3.33,6.67,6.67,-1.11,6.67,-1.67,0.00,6.67,0.00,6.67,0.00,6.67
92,Finished,9 November 2020  1:50 PM,9 November 2020  2:35 PM,45 mins,45.83,-1.67,6.67,6.67,3.33,6.67,6.67,6.67,-0.83,-1.67,0.00,6.67,0.00,0.00,0.00,6.67
93,Finished,9 November 2020  1:51 PM,9 November 2020  2:25 PM,33 mins 20 secs,55.83,-1.67,6.67,6.67,6.67,6.67,6.67,6.67,-0.83,-1.67,0.00,6.67,6.67,0.00,0.00,6.67
94,Finished,9 November 2020  1:51 PM,9 November 2020  2:24 PM,32 mins 23 secs,52.5,6.67,6.67,6.67,3.33,-1.67,6.67,6.67,-0.83,-1.67,6.67,6.67,0.00,0.00,0.00,6.67
95,Finished,9 November 2020  1:52 PM,9 November 2020  2:25 PM,33 mins 14 secs,37.5,-1.67,6.67,-1.67,3.33,6.67,6.67,6.67,-0.83,-1.67,6.67,6.67,0.00,0.00,0.00,0.00
96,Finished,9 November 2020  1:54 PM,9 November 2020  2:33 PM,38 mins 54 secs,29.17,-1.67,6.67,6.67,0.00,6.67,6.67,6.67,-0.83,-1.67,0.00,0.00,0.00,0.00,0.00,0.00
97,Finished,9 November 2020  1:59 PM,9 November 2020  2:44 PM,45 mins,37.5,-1.67,6.67,-1.67,3.33,6.67,6.67,6.67,-0.83,-1.67,0.00,6.67,6.67,0.00,0.00,0.00
98,Finished,9 November 2020  2:01 PM,9 November 2020  2:48 PM,46 mins 21 secs,22.22,-1.67,6.67,-1.67,3.33,-1.67,6.67,-1.11,6.67,-1.67,0.00,6.67,0.00,0.00,0.00,0.00
99,Finished,9 November 2020  2:09 PM,9 November 2020  2:18 PM,8 mins 49 secs,27.22,-1.67,6.67,6.67,0.00,-1.67,6.67,-1.11,6.67,-1.67,0.00,-,6.67,0.00,0.00,0.00
100,Finished,9 November 2020  2:19 PM,9 November 2020  3:06 PM,46 mins 33 secs,31.39,-,6.67,6.67,3.33,-1.67,6.67,-1.11,-0.83,-1.67,6.67,0.00,0.00,-,0.00,6.67
101,Finished,9 November 2020  2:20 PM,9 November 2020  3:07 PM,46 mins 14 secs,33.33,6.67,6.67,6.67,3.33,-,-1.67,-,6.67,-1.67,6.67,-,0.00,-,-,-
102,Finished,9 November 2020  2:27 PM,9 November 2020  3:14 PM,46 mins 35 secs,18.33,-,6.67,6.67,-,-,6.67,-,-,-1.67,0.00,-,-,-,-,-
103,Finished,9 November 2020  2:34 PM,9 November 2020  3:21 PM,46 mins 5 secs,14.72,-,6.67,6.67,-,-1.67,-,-1.11,-0.83,-1.67,-,-,6.67,0.00,0.00,-
104,Finished,9 November 2020  2:37 PM,9 November 2020  3:24 PM,46 mins 14 secs,0.83,-1.67,6.67,-,-,-1.67,-,-,-0.83,-1.67,-,0.00,-,-,0.00,-
105,Finished,9 November 2020  2:40 PM,9 November 2020  3:27 PM,46 mins 52 secs,5.56,-,6.67,-,-,-,-,-1.11,-,-,-,0.00,-,-,-,-
106,Finished,10 November 2020  8:18 AM,10 November 2020  9:03 AM,45 mins,37.22,6.67,6.67,6.67,3.33,-1.67,-1.67,-1.11,6.67,-1.67,0.00,0.00,6.67,0.00,0.00,6.67
107,Finished,10 November 2020  8:20 AM,10 November 2020  9:05 AM,45 mins 1 sec,19.72,-,6.67,6.67,6.67,-1.67,-1.67,-1.11,-0.83,-1.67,0.00,0.00,0.00,0.00,0.00,6.67
108,Finished,10 November 2020  8:20 AM,10 November 2020  9:05 AM,44 mins 31 secs,29.72,6.67,6.67,-1.67,3.33,-1.67,6.67,-1.11,-0.83,-1.67,6.67,0.00,0.00,0.00,0.00,6.67
109,Finished,10 November 2020  8:23 AM,10 November 2020  8:53 AM,29 mins 45 secs,11.39,-1.67,-1.67,-1.67,0.00,6.67,-1.67,-1.11,-0.83,6.67,0.00,0.00,6.67,0.00,0.00,0.00
110,Finished,10 November 2020  8:24 AM,10 November 2020  9:09 AM,45 mins,30.56,-1.67,-1.67,-,3.33,6.67,6.67,-1.11,-,-1.67,0.00,6.67,6.67,6.67,-,0.00
111,Finished,10 November 2020  8:50 AM,10 November 2020  9:35 AM,45 mins 1 sec,49.17,-1.67,6.67,-1.67,6.67,6.67,6.67,-,-0.83,6.67,6.67,6.67,0.00,-,0.00,6.67
112,Finished,10 November 2020  9:05 AM,10 November 2020  9:50 AM,45 mins,38.06,-1.67,-1.67,6.67,3.33,-,6.67,-1.11,-0.83,6.67,0.00,6.67,6.67,0.00,0.00,6.67
113,Finished,10 November 2020  9:13 AM,10 November 2020  9:56 AM,42 mins 49 secs,14.72,-1.67,6.67,-1.67,3.33,6.67,-1.67,-1.11,-0.83,-1.67,0.00,0.00,0.00,0.00,0.00,6.67
114,Finished,10 November 2020  9:25 AM,10 November 2020  10:10 AM,45 mins,55.89,6.67,6.67,6.67,5.33,6.67,6.67,-1.11,6.67,-1.67,6.67,0.00,0.00,-,0.00,6.67
115,Finished,10 November 2020  10:19 AM,10 November 2020  10:48 AM,29 mins 36 secs,11.67,-1.67,-1.67,-1.67,0.00,-1.67,-1.67,6.67,6.67,6.67,0.00,0.00,0.00,0.00,0.00,0.00
116,Finished,10 November 2020  11:02 AM,10 November 2020  11:46 AM,44 mins 56 secs,65.56,6.67,6.67,6.67,3.33,-1.67,6.67,-1.11,6.67,-1.67,6.67,6.67,0.00,6.67,6.67,6.67
117,Finished,10 November 2020  11:02 AM,10 November 2020  11:47 AM,45 mins,44.17,-1.67,6.67,6.67,3.33,-1.67,6.67,6.67,-0.83,-1.67,6.67,0.00,6.67,0.00,0.00,6.67
118,Finished,10 November 2020  11:02 AM,10 November 2020  11:47 AM,45 mins 1 sec,13.89,-1.67,6.67,-,0.00,-1.67,-,-1.11,6.67,-1.67,-,6.67,-,-,-,0.00
119,Finished,10 November 2020  11:36 AM,10 November 2020  12:18 PM,41 mins 15 secs,36.39,6.67,6.67,6.67,-,-,-1.67,-1.11,-0.83,-,6.67,0.00,0.00,6.67,0.00,6.67
120,Finished,10 November 2020  12:20 PM,10 November 2020  1:05 PM,44 mins 37 secs,20.0,-1.67,6.67,-1.67,3.33,6.67,6.67,-,-,-,0.00,0.00,0.00,-,-,-
121,Finished,10 November 2020  12:59 PM,10 November 2020  1:44 PM,44 mins 59 secs,16.39,-1.67,6.67,-1.67,3.33,-1.67,6.67,-1.11,-0.83,6.67,0.00,0.00,0.00,0.00,0.00,0.00
122,Finished,10 November 2020  1:02 PM,10 November 2020  1:47 PM,45 mins,47.22,6.67,6.67,-1.67,6.67,-1.67,6.67,-1.11,6.67,-1.67,0.00,6.67,0.00,6.67,0.00,6.67
123,Finished,10 November 2020  1:03 PM,10 November 2020  1:48 PM,45 mins 1 sec,16.39,6.67,6.67,-1.67,3.33,6.67,-1.67,-1.11,-0.83,-1.67,0.00,-,0.00,-,-,0.00
124,Finished,10 November 2020  1:03 PM,10 November 2020  1:48 PM,44 mins 48 secs,30.56,-1.67,6.67,-1.67,3.33,-1.67,6.67,-1.11,6.67,6.67,0.00,0.00,0.00,6.67,0.00,0.00
125,Finished,10 November 2020  1:04 PM,10 November 2020  1:49 PM,44 mins 59 secs,23.06,-1.67,6.67,-1.67,3.33,-1.67,6.67,-1.11,-0.83,6.67,0.00,0.00,0.00,0.00,0.00,6.67
126,Finished,10 November 2020  1:04 PM,10 November 2020  1:49 PM,44 mins 44 secs,44.72,6.67,6.67,6.67,3.33,-1.67,6.67,-1.11,-0.83,-1.67,0.00,6.67,0.00,6.67,0.00,6.67
127,Finished,10 November 2020  1:05 PM,10 November 2020  1:50 PM,45 mins,11.39,-1.67,6.67,-1.67,0.00,-1.67,6.67,-1.11,-0.83,-1.67,0.00,0.00,0.00,0.00,0.00,6.67
128,Finished,10 November 2020  1:10 PM,10 November 2020  1:55 PM,45 mins,27.22,-,-1.67,6.67,6.67,-1.67,6.67,-1.11,-,-1.67,6.67,0.00,-,0.00,0.00,6.67
129,Finished,10 November 2020  1:12 PM,10 November 2020  1:57 PM,44 mins 59 secs,30.83,-1.67,-1.67,-1.67,3.33,-,6.67,6.67,-0.83,6.67,6.67,-,6.67,-,-,-
130,Finished,10 November 2020  1:13 PM,10 November 2020  1:54 PM,41 mins 26 secs,31.72,-1.67,6.67,-1.67,5.33,6.67,6.67,-1.11,-0.83,-1.67,0.00,6.67,0.00,0.00,0.00,6.67
131,Finished,10 November 2020  1:15 PM,10 November 2020  2:00 PM,45 mins,15.06,-1.67,6.67,-1.67,2.00,-1.67,6.67,-1.11,-0.83,6.67,0.00,0.00,0.00,0.00,0.00,0.00
132,Finished,10 November 2020  1:15 PM,10 November 2020  2:00 PM,45 mins,15.89,-1.67,6.67,-1.67,2.00,-1.67,6.67,-1.11,-,6.67,0.00,0.00,-,-,-,-
133,Finished,10 November 2020  1:15 PM,10 November 2020  2:00 PM,45 mins,25.89,-,6.67,-,2.00,-1.67,6.67,-1.11,6.67,-,0.00,0.00,0.00,0.00,0.00,6.67
134,Finished,10 November 2020  1:16 PM,10 November 2020  1:54 PM,38 mins 25 secs,43.89,6.67,6.67,6.67,-,6.67,6.67,-1.11,6.67,-1.67,6.67,-,-,0.00,0.00,0.00
135,Finished,10 November 2020  1:16 PM,10 November 2020  1:54 PM,38 mins 10 secs,48.06,-1.67,6.67,6.67,6.67,-1.67,6.67,-1.11,-0.83,6.67,6.67,6.67,0.00,0.00,0.00,6.67
136,Finished,10 November 2020  1:16 PM,10 November 2020  2:01 PM,45 mins,100.0,6.67,6.67,6.67,6.67,6.67,6.67,6.67,6.67,6.67,6.67,6.67,6.67,6.67,6.67,6.67
137,Finished,10 November 2020  1:18 PM,10 November 2020  2:03 PM,44 mins 59 secs,46.39,6.67,6.67,6.67,3.33,6.67,6.67,-1.11,-0.83,-1.67,6.67,0.00,0.00,0.00,0.00,6.67
138,Finished,10 November 2020  1:20 PM,10 November 2020  1:27 PM,7 mins 21 secs,4.72,-1.67,-1.67,6.67,0.00,-1.67,-1.67,-1.11,-0.83,6.67,0.00,0.00,0.00,0.00,0.00,0.00
139,Finished,10 November 2020  1:22 PM,10 November 2020  1:50 PM,27 mins 52 secs,26.39,-1.67,-1.67,-1.67,0.00,6.67,6.67,-1.11,-0.83,6.67,0.00,0.00,6.67,0.00,0.00,6.67
140,Finished,10 November 2020  1:28 PM,10 November 2020  2:06 PM,38 mins 17 secs,-0.28,-1.67,-1.67,-1.67,3.33,-1.67,-1.67,-1.11,-0.83,6.67,0.00,0.00,0.00,0.00,0.00,0.00
141,Finished,10 November 2020  1:28 PM,10 November 2020  2:00 PM,31 mins 15 secs,29.17,6.67,-1.67,-1.67,3.33,-1.67,6.67,6.67,-0.83,-1.67,6.67,0.00,6.67,0.00,0.00,0.00
142,Finished,10 November 2020  1:28 PM,10 November 2020  2:13 PM,44 mins 32 secs,53.06,6.67,6.67,6.67,3.33,-1.67,6.67,-1.11,-0.83,6.67,6.67,6.67,0.00,0.00,0.00,6.67
143,Finished,10 November 2020  1:31 PM,10 November 2020  1:49 PM,18 mins 6 secs,8.06,-1.67,6.67,-1.67,3.33,-1.67,-1.67,-1.11,-0.83,6.67,0.00,0.00,0.00,0.00,0.00,0.00
144,Finished,10 November 2020  1:33 PM,10 November 2020  2:14 PM,41 mins 27 secs,41.67,6.67,6.67,-1.67,0.00,-1.67,6.67,6.67,6.67,-1.67,0.00,6.67,6.67,0.00,0.00,0.00
145,Finished,10 November 2020  1:33 PM,10 November 2020  2:07 PM,34 mins 21 secs,8.06,6.67,-1.67,-1.67,3.33,-1.67,6.67,-1.11,-0.83,-1.67,0.00,0.00,0.00,0.00,0.00,0.00
146,Finished,10 November 2020  1:34 PM,10 November 2020  2:19 PM,45 mins,25.0,-,6.67,-,-,6.67,6.67,-,-,-1.67,0.00,0.00,0.00,-,6.67,-
147,Finished,10 November 2020  1:34 PM,10 November 2020  2:19 PM,44 mins 52 secs,14.72,-1.67,6.67,-1.67,3.33,6.67,-1.67,-1.11,-0.83,-1.67,0.00,0.00,0.00,0.00,0.00,6.67
148,Finished,10 November 2020  1:35 PM,10 November 2020  2:13 PM,38 mins 51 secs,4.72,-1.67,6.67,-1.67,0.00,-1.67,-1.67,-1.11,-0.83,6.67,-,-,-,-,-,-
149,Finished,10 November 2020  1:35 PM,10 November 2020  1:36 PM,1 min 11 secs,-0.28,-1.67,6.67,-1.67,3.33,-1.67,-1.67,-1.11,-0.83,-1.67,-,-,-,-,-,-
150,Finished,10 November 2020  1:35 PM,10 November 2020  2:20 PM,44 mins 43 secs,29.72,6.67,6.67,6.67,6.67,-,-1.67,-1.11,-0.83,6.67,0.00,-,0.00,0.00,0.00,0.00
151,Finished,10 November 2020  1:35 PM,10 November 2020  1:37 PM,1 min 37 secs,12.5,6.67,-1.67,-1.67,0.00,-1.67,-1.67,6.67,-0.83,6.67,-,-,-,-,-,-
152,Finished,10 November 2020  1:35 PM,10 November 2020  2:20 PM,45 mins,46.39,6.67,6.67,-1.67,3.33,6.67,6.67,-1.11,-0.83,6.67,6.67,6.67,0.00,0.00,0.00,0.00
153,Finished,10 November 2020  1:35 PM,10 November 2020  2:14 PM,38 mins 38 secs,39.72,6.67,6.67,-1.67,3.33,6.67,6.67,-1.11,-0.83,6.67,6.67,0.00,0.00,0.00,0.00,0.00
154,Finished,10 November 2020  1:36 PM,10 November 2020  2:20 PM,44 mins 31 secs,39.72,6.67,6.67,-1.67,3.33,6.67,6.67,-1.11,-0.83,6.67,0.00,6.67,0.00,-,0.00,0.00
155,Finished,10 November 2020  1:36 PM,10 November 2020  2:20 PM,44 mins 38 secs,32.5,-,6.67,6.67,3.33,-1.67,6.67,6.67,-0.83,-1.67,0.00,0.00,-,-,-,6.67
156,Finished,10 November 2020  1:36 PM,10 November 2020  2:05 PM,29 mins 12 secs,21.39,6.67,6.67,-1.67,0.00,6.67,6.67,-1.11,-0.83,-1.67,0.00,0.00,0.00,0.00,0.00,0.00
157,Finished,10 November 2020  1:36 PM,10 November 2020  1:40 PM,3 mins 21 secs,13.06,6.67,6.67,6.67,0.00,-1.67,-1.67,-1.11,-0.83,-1.67,-,0.00,0.00,0.00,0.00,0.00
158,Finished,10 November 2020  1:37 PM,10 November 2020  2:22 PM,45 mins 1 sec,38.33,-,-1.67,6.67,6.67,6.67,6.67,-,6.67,-,6.67,0.00,-,-,-,-
159,Finished,10 November 2020  1:37 PM,10 November 2020  2:22 PM,44 mins 50 secs,53.06,6.67,6.67,-1.67,3.33,6.67,6.67,-1.11,-0.83,6.67,6.67,6.67,0.00,-,0.00,6.67
160,Finished,10 November 2020  1:37 PM,10 November 2020  2:22 PM,44 mins 24 secs,53.06,6.67,6.67,-1.67,3.33,6.67,6.67,-1.11,-0.83,6.67,6.67,6.67,0.00,-,0.00,6.67
161,Finished,10 November 2020  1:37 PM,10 November 2020  2:12 PM,34 mins 11 secs,-3.61,-1.67,6.67,-1.67,0.00,-1.67,-1.67,-1.11,-0.83,-1.67,0.00,0.00,0.00,0.00,0.00,0.00
162,Finished,10 November 2020  1:38 PM,10 November 2020  2:20 PM,41 mins 59 secs,39.72,6.67,6.67,-1.67,3.33,6.67,6.67,-1.11,-0.83,6.67,0.00,6.67,0.00,-,0.00,0.00
163,Finished,10 November 2020  1:39 PM,10 November 2020  2:20 PM,41 mins 33 secs,46.39,6.67,6.67,-1.67,3.33,6.67,6.67,-1.11,-0.83,6.67,6.67,6.67,0.00,-,0.00,0.00
164,Finished,10 November 2020  1:39 PM,10 November 2020  2:06 PM,26 mins 49 secs,15.72,6.67,-1.67,-1.67,2.67,6.67,6.67,-1.11,-0.83,-1.67,0.00,0.00,0.00,0.00,0.00,0.00
165,Finished,10 November 2020  1:40 PM,10 November 2020  2:25 PM,45 mins 1 sec,24.72,6.67,-1.67,6.67,3.33,-,-1.67,-1.11,-0.83,6.67,6.67,0.00,0.00,-,0.00,-
166,Finished,10 November 2020  1:40 PM,10 November 2020  2:25 PM,45 mins 1 sec,27.22,6.67,6.67,-1.67,3.33,-,6.67,-1.11,6.67,-,0.00,-,-,0.00,-,0.00
167,Finished,10 November 2020  1:40 PM,10 November 2020  2:25 PM,45 mins,35.83,6.67,6.67,-,3.33,-,6.67,-,-0.83,-,0.00,6.67,0.00,0.00,0.00,6.67
168,Finished,10 November 2020  1:41 PM,10 November 2020  2:24 PM,43 mins 30 secs,53.06,6.67,6.67,-1.67,3.33,6.67,6.67,-1.11,-0.83,6.67,6.67,6.67,0.00,-,0.00,6.67
169,Finished,10 November 2020  1:41 PM,10 November 2020  2:26 PM,45 mins 1 sec,33.06,6.67,-,-,3.33,-,6.67,-1.11,-0.83,-1.67,6.67,6.67,0.00,6.67,-,-
170,Finished,10 November 2020  1:41 PM,10 November 2020  2:26 PM,44 mins 44 secs,59.72,6.67,6.67,-1.67,3.33,6.67,6.67,-1.11,-0.83,6.67,6.67,6.67,0.00,6.67,0.00,6.67
171,Finished,10 November 2020  1:41 PM,10 November 2020  2:14 PM,32 mins 35 secs,27.22,-1.67,6.67,-1.67,0.00,6.67,6.67,-1.11,6.67,-1.67,0.00,0.00,0.00,0.00,0.00,6.67
172,Finished,10 November 2020  1:41 PM,10 November 2020  2:11 PM,30 mins 4 secs,23.06,-1.67,6.67,-1.67,3.33,-1.67,6.67,-1.11,-0.83,6.67,0.00,6.67,0.00,0.00,0.00,0.00
173,Finished,10 November 2020  1:42 PM,10 November 2020  2:27 PM,45 mins,49.72,6.67,6.67,6.67,6.67,-,6.67,-1.11,-0.83,-1.67,0.00,0.00,-,6.67,6.67,6.67
174,Finished,10 November 2020  1:42 PM,10 November 2020  2:27 PM,44 mins 54 secs,59.72,6.67,6.67,6.67,3.33,6.67,6.67,-1.11,-0.83,-1.67,6.67,0.00,6.67,0.00,6.67,6.67
175,Finished,10 November 2020  1:42 PM,10 November 2020  2:27 PM,44 mins 48 secs,59.72,6.67,6.67,6.67,3.33,6.67,6.67,-1.11,-0.83,-1.67,6.67,0.00,6.67,0.00,6.67,6.67
176,Finished,10 November 2020  1:42 PM,10 November 2020  2:27 PM,44 mins 50 secs,53.06,6.67,6.67,6.67,3.33,6.67,6.67,-1.11,-0.83,-1.67,0.00,0.00,6.67,0.00,6.67,6.67
177,Finished,10 November 2020  1:42 PM,10 November 2020  2:27 PM,44 mins 59 secs,42.5,6.67,6.67,6.67,3.33,-,6.67,-,-0.83,-,6.67,0.00,-,-,6.67,-
178,Finished,10 November 2020  1:42 PM,10 November 2020  2:27 PM,45 mins,80.0,6.67,6.67,6.67,6.67,6.67,6.67,-,6.67,6.67,6.67,6.67,6.67,6.67,-,0.00
179,Finished,10 November 2020  1:42 PM,10 November 2020  2:27 PM,45 mins,29.17,-,6.67,6.67,3.33,-,6.67,-,-0.83,-,6.67,0.00,-,-,-,-
180,Finished,10 November 2020  1:42 PM,10 November 2020  2:27 PM,44 mins 47 secs,59.72,6.67,6.67,6.67,3.33,6.67,6.67,-1.11,-0.83,-1.67,6.67,0.00,6.67,0.00,6.67,6.67
181,Finished,10 November 2020  1:42 PM,10 November 2020  2:27 PM,44 mins 47 secs,59.72,6.67,6.67,6.67,3.33,6.67,6.67,-1.11,-0.83,-1.67,6.67,0.00,6.67,0.00,6.67,6.67
182,Finished,10 November 2020  1:42 PM,10 November 2020  2:26 PM,43 mins 30 secs,26.67,6.67,6.67,-1.67,3.33,-,6.67,6.67,-,-1.67,0.00,0.00,0.00,-,0.00,-
183,Finished,10 November 2020  1:42 PM,10 November 2020  2:27 PM,45 mins,31.39,6.67,6.67,6.67,3.33,-1.67,6.67,-1.11,-0.83,-1.67,0.00,0.00,0.00,6.67,0.00,0.00
184,Finished,10 November 2020  1:42 PM,10 November 2020  2:27 PM,45 mins 1 sec,44.17,6.67,6.67,6.67,-,-1.67,6.67,-,-0.83,-,0.00,-,6.67,6.67,6.67,-
185,Finished,10 November 2020  1:42 PM,10 November 2020  2:24 PM,41 mins 59 secs,30.83,6.67,6.67,-1.67,3.33,-1.67,6.67,6.67,-0.83,-1.67,-,0.00,-,-,-,6.67
186,Finished,10 November 2020  1:43 PM,10 November 2020  2:28 PM,45 mins,59.17,6.67,6.67,6.67,6.67,-,6.67,-,-0.83,-,6.67,6.67,0.00,6.67,6.67,-
187,Finished,10 November 2020  1:43 PM,10 November 2020  2:21 PM,37 mins 54 secs,15.56,-1.67,6.67,-1.67,3.33,-1.67,-1.67,-1.11,6.67,6.67,0.00,0.00,0.00,0.00,0.00,0.00
188,Finished,10 November 2020  1:43 PM,10 November 2020  2:28 PM,45 mins,44.17,6.67,6.67,6.67,6.67,-,-1.67,-,-0.83,-,6.67,0.00,0.00,6.67,6.67,-
189,Finished,10 November 2020  1:43 PM,10 November 2020  2:23 PM,39 mins 52 secs,17.22,6.67,-1.67,6.67,3.33,-1.67,6.67,-1.11,-,-1.67,0.00,-,0.00,0.00,-,-
190,Finished,10 November 2020  1:43 PM,10 November 2020  2:28 PM,45 mins 1 sec,54.72,6.67,-,6.67,3.33,6.67,6.67,-1.11,-0.83,6.67,0.00,6.67,-,6.67,0.00,6.67
191,Finished,10 November 2020  1:43 PM,10 November 2020  2:22 PM,38 mins 56 secs,46.39,6.67,6.67,-1.67,3.33,-,6.67,-1.11,-0.83,6.67,6.67,6.67,0.00,-,0.00,6.67
192,Finished,10 November 2020  1:43 PM,10 November 2020  2:27 PM,43 mins 58 secs,30.56,-1.67,6.67,-1.67,3.33,6.67,6.67,-1.11,6.67,-1.67,0.00,0.00,0.00,0.00,0.00,6.67
193,Finished,10 November 2020  1:44 PM,10 November 2020  2:20 PM,36 mins 1 sec,58.89,6.67,6.67,-1.67,3.33,6.67,6.67,-1.11,6.67,-1.67,6.67,0.00,6.67,0.00,6.67,6.67
194,Finished,10 November 2020  1:44 PM,10 November 2020  2:19 PM,35 mins 31 secs,58.89,6.67,6.67,-1.67,3.33,6.67,6.67,-1.11,6.67,-1.67,6.67,0.00,6.67,0.00,6.67,6.67
195,Finished,10 November 2020  1:44 PM,10 November 2020  2:29 PM,44 mins 59 secs,14.72,-1.67,-1.67,-1.67,3.33,6.67,6.67,-1.11,-0.83,-1.67,-,-,-,0.00,-,6.67
196,Finished,10 November 2020  1:44 PM,10 November 2020  2:19 PM,35 mins 48 secs,58.89,6.67,6.67,-1.67,3.33,6.67,6.67,-1.11,6.67,-1.67,6.67,0.00,6.67,0.00,6.67,6.67
197,Finished,10 November 2020  1:44 PM,10 November 2020  2:31 PM,46 mins 58 secs,58.89,6.67,6.67,-1.67,3.33,6.67,6.67,-1.11,6.67,-1.67,6.67,0.00,6.67,0.00,6.67,6.67
198,Finished,10 November 2020  1:44 PM,10 November 2020  2:28 PM,43 mins 59 secs,29.72,-1.67,6.67,-1.67,3.33,6.67,6.67,-1.11,-0.83,-1.67,0.00,6.67,0.00,0.00,0.00,6.67
199,Finished,10 November 2020  1:44 PM,10 November 2020  2:29 PM,45 mins,26.67,-1.67,6.67,6.67,3.33,-,-1.67,-,-,-,6.67,6.67,-,-,-,-
200,Finished,10 November 2020  1:44 PM,10 November 2020  2:27 PM,42 mins 40 secs,59.17,6.67,6.67,6.67,6.67,6.67,6.67,6.67,-0.83,6.67,6.67,0.00,0.00,-,-,-
201,Finished,10 November 2020  1:44 PM,10 November 2020  2:25 PM,41 mins 1 sec,43.06,6.67,6.67,-1.67,6.67,6.67,6.67,-1.11,-0.83,6.67,6.67,0.00,0.00,-,0.00,-
202,Finished,10 November 2020  1:44 PM,10 November 2020  2:26 PM,42 mins 16 secs,39.72,6.67,6.67,-1.67,3.33,6.67,6.67,-1.11,-0.83,6.67,6.67,0.00,0.00,0.00,0.00,-
203,Finished,10 November 2020  1:44 PM,10 November 2020  2:28 PM,44 mins 21 secs,49.72,6.67,6.67,-1.67,6.67,6.67,6.67,-1.11,-0.83,6.67,6.67,0.00,0.00,-,-,6.67
204,Finished,10 November 2020  1:44 PM,10 November 2020  2:26 PM,42 mins 20 secs,43.06,6.67,6.67,-1.67,6.67,6.67,6.67,-1.11,-0.83,6.67,6.67,-,0.00,-,-,-
205,Finished,10 November 2020  1:44 PM,10 November 2020  2:29 PM,45 mins,14.22,-,6.67,-,2.00,-,6.67,-1.11,-,-,0.00,-,-,-,-,-
206,Finished,10 November 2020  1:44 PM,10 November 2020  2:27 PM,43 mins 15 secs,44.72,6.67,6.67,6.67,6.67,-,6.67,-1.11,-0.83,6.67,6.67,0.00,0.00,-,-,-
207,Finished,10 November 2020  1:44 PM,10 November 2020  2:29 PM,44 mins 48 secs,26.39,-1.67,6.67,-1.67,6.67,6.67,6.67,-1.11,-0.83,-1.67,6.67,0.00,-,-,0.00,-
208,Finished,10 November 2020  1:44 PM,10 November 2020  2:29 PM,45 mins 1 sec,24.72,-,6.67,6.67,-,-,6.67,-1.11,-0.83,-,6.67,-,0.00,-,-,-
209,Finished,10 November 2020  1:44 PM,10 November 2020  2:27 PM,42 mins 21 secs,29.72,-1.67,6.67,-1.67,3.33,6.67,6.67,-1.11,-0.83,-1.67,0.00,6.67,0.00,0.00,0.00,6.67
210,Finished,10 November 2020  1:44 PM,10 November 2020  2:24 PM,39 mins 50 secs,59.72,6.67,6.67,-1.67,3.33,6.67,6.67,-1.11,-0.83,6.67,6.67,6.67,0.00,6.67,0.00,6.67
211,Finished,10 November 2020  1:45 PM,10 November 2020  2:30 PM,44 mins 59 secs,43.89,-,-,6.67,6.67,6.67,6.67,-1.11,6.67,-1.67,6.67,6.67,-,0.00,-,0.00
212,Finished,10 November 2020  1:45 PM,10 November 2020  2:28 PM,43 mins 13 secs,18.89,-1.67,6.67,6.67,6.67,-1.67,-1.67,-1.11,6.67,-1.67,0.00,0.00,0.00,0.00,0.00,0.00
213,Finished,10 November 2020  1:45 PM,10 November 2020  2:30 PM,45 mins 4 secs,63.33,-,6.67,-,3.33,6.67,6.67,-,6.67,-,6.67,6.67,6.67,6.67,-,6.67
214,Finished,10 November 2020  1:45 PM,10 November 2020  2:18 PM,32 mins 53 secs,58.89,6.67,6.67,-1.67,3.33,6.67,6.67,-1.11,6.67,-1.67,6.67,0.00,6.67,0.00,6.67,6.67
215,Finished,10 November 2020  1:45 PM,10 November 2020  2:30 PM,45 mins,29.72,-,6.67,6.67,-,-1.67,6.67,-1.11,-0.83,6.67,0.00,-,-,-,-,6.67
216,Finished,10 November 2020  1:46 PM,10 November 2020  2:31 PM,45 mins 1 sec,28.33,-1.67,6.67,-1.67,6.67,-,6.67,-,6.67,-1.67,6.67,0.00,0.00,0.00,0.00,-
217,Finished,10 November 2020  1:46 PM,10 November 2020  2:31 PM,45 mins,26.39,-1.67,-1.67,6.67,6.67,-1.67,6.67,-1.11,-0.83,6.67,0.00,6.67,-,-,0.00,0.00
218,Finished,10 November 2020  1:46 PM,10 November 2020  2:31 PM,45 mins 1 sec,28.06,-1.67,6.67,-,0.00,-1.67,6.67,-1.11,-0.83,6.67,6.67,6.67,-,0.00,0.00,0.00
219,Finished,10 November 2020  1:46 PM,10 November 2020  2:31 PM,45 mins,15.06,-1.67,6.67,-1.67,2.00,6.67,-1.67,-1.11,-0.83,6.67,0.00,0.00,0.00,0.00,0.00,0.00
220,Finished,10 November 2020  1:46 PM,10 November 2020  2:28 PM,41 mins 29 secs,57.5,6.67,6.67,6.67,6.67,-1.67,6.67,6.67,-0.83,6.67,6.67,0.00,0.00,0.00,0.00,6.67
221,Finished,10 November 2020  1:46 PM,10 November 2020  2:31 PM,45 mins,60.0,-,6.67,6.67,-,-,6.67,-,6.67,-,6.67,6.67,6.67,6.67,-,6.67
222,Finished,10 November 2020  1:46 PM,10 November 2020  2:26 PM,40 mins 18 secs,52.22,6.67,6.67,6.67,0.00,6.67,6.67,-1.11,6.67,6.67,0.00,0.00,0.00,0.00,0.00,6.67
223,Finished,10 November 2020  1:46 PM,10 November 2020  2:31 PM,44 mins 17 secs,60.56,6.67,6.67,-1.67,3.33,6.67,6.67,-1.11,6.67,6.67,6.67,6.67,0.00,0.00,0.00,6.67
224,Finished,10 November 2020  1:46 PM,10 November 2020  2:31 PM,45 mins,66.67,6.67,6.67,6.67,6.67,6.67,6.67,-,6.67,-,6.67,0.00,6.67,0.00,-,6.67
225,Finished,10 November 2020  1:46 PM,10 November 2020  2:24 PM,38 mins 1 sec,22.5,-1.67,6.67,-1.67,3.33,-1.67,6.67,6.67,-0.83,-1.67,0.00,0.00,0.00,6.67,0.00,0.00
226,Finished,10 November 2020  1:47 PM,10 November 2020  2:32 PM,45 mins,21.72,-,6.67,-,5.33,-,-,-1.11,-0.83,-1.67,6.67,0.00,-,0.00,-,6.67
227,Finished,10 November 2020  1:47 PM,10 November 2020  2:21 PM,34 mins 16 secs,13.33,-,-,-,3.33,-1.67,6.67,6.67,-,-1.67,-,0.00,-,-,-,-
228,Finished,10 November 2020  1:47 PM,10 November 2020  2:32 PM,45 mins 1 sec,18.06,6.67,-,-,3.33,-1.67,6.67,-1.11,-0.83,-1.67,-,-,0.00,6.67,0.00,-
229,Finished,10 November 2020  1:47 PM,10 November 2020  2:29 PM,41 mins 23 secs,23.06,-1.67,6.67,6.67,3.33,-1.67,6.67,-1.11,-0.83,-1.67,0.00,6.67,0.00,0.00,0.00,0.00
230,Finished,10 November 2020  1:47 PM,10 November 2020  2:31 PM,43 mins 35 secs,30.56,-1.67,6.67,-1.67,3.33,-1.67,6.67,-1.11,6.67,6.67,6.67,0.00,0.00,0.00,0.00,0.00
231,Finished,10 November 2020  1:47 PM,10 November 2020  2:30 PM,42 mins 22 secs,60.83,6.67,6.67,-1.67,3.33,6.67,6.67,6.67,-0.83,6.67,6.67,6.67,0.00,0.00,0.00,6.67
232,Finished,10 November 2020  1:47 PM,10 November 2020  2:32 PM,45 mins 1 sec,21.67,-1.67,6.67,-1.67,-,-1.67,6.67,-,6.67,6.67,0.00,-,-,0.00,0.00,-
233,Finished,10 November 2020  1:48 PM,10 November 2020  2:31 PM,43 mins 19 secs,44.72,6.67,6.67,6.67,3.33,6.67,-1.67,-1.11,-0.83,-1.67,6.67,0.00,0.00,6.67,0.00,6.67
234,Finished,10 November 2020  1:48 PM,10 November 2020  2:33 PM,45 mins,8.06,-,-,-1.67,-,-1.67,6.67,-1.11,-0.83,-,0.00,6.67,-,0.00,0.00,0.00
235,Finished,10 November 2020  1:48 PM,10 November 2020  2:33 PM,45 mins 1 sec,10.39,-1.67,6.67,-1.67,0.67,-1.67,-1.67,-1.11,-0.83,-1.67,0.00,0.00,6.67,0.00,0.00,6.67
236,Finished,10 November 2020  1:48 PM,10 November 2020  2:32 PM,43 mins 42 secs,21.39,-1.67,6.67,-1.67,3.33,-1.67,6.67,-1.11,-0.83,-1.67,6.67,0.00,0.00,0.00,0.00,6.67
237,Finished,10 November 2020  1:49 PM,10 November 2020  2:23 PM,33 mins 34 secs,-3.61,-1.67,6.67,-1.67,0.00,-1.67,-1.67,-1.11,-0.83,-1.67,0.00,0.00,0.00,0.00,0.00,0.00
238,Finished,10 November 2020  1:49 PM,10 November 2020  2:34 PM,45 mins 1 sec,46.67,6.67,6.67,6.67,3.33,-1.67,6.67,-,-,-1.67,6.67,-,6.67,-,-,6.67
239,Finished,10 November 2020  1:49 PM,10 November 2020  2:30 PM,40 mins 59 secs,53.06,6.67,6.67,-1.67,3.33,6.67,6.67,-1.11,-0.83,6.67,0.00,6.67,0.00,6.67,0.00,6.67
240,Finished,10 November 2020  1:49 PM,10 November 2020  2:34 PM,45 mins,31.67,-1.67,6.67,-,-,-,6.67,-,6.67,6.67,0.00,6.67,-,0.00,-,-
241,Finished,10 November 2020  1:49 PM,10 November 2020  2:34 PM,45 mins,10.83,-1.67,-,6.67,3.33,-1.67,6.67,-,-0.83,-1.67,-,-,-,0.00,-,-
242,Finished,10 November 2020  1:49 PM,10 November 2020  2:34 PM,45 mins,4.17,-1.67,-,-,3.33,-1.67,6.67,-,-0.83,-1.67,-,-,-,0.00,-,-
243,Finished,10 November 2020  1:50 PM,10 November 2020  2:35 PM,45 mins,8.06,-1.67,-1.67,6.67,3.33,-1.67,6.67,-1.11,-0.83,-1.67,-,-,-,0.00,0.00,-
244,Finished,10 November 2020  1:50 PM,10 November 2020  2:32 PM,42 mins 11 secs,21.39,-1.67,6.67,-1.67,3.33,-1.67,6.67,-1.11,-0.83,-1.67,6.67,0.00,0.00,0.00,0.00,6.67
245,Finished,10 November 2020  1:50 PM,10 November 2020  2:35 PM,44 mins 59 secs,42.22,-,6.67,6.67,3.33,-,6.67,-1.11,-,6.67,6.67,-,-,-,0.00,6.67
246,Finished,10 November 2020  1:50 PM,10 November 2020  2:30 PM,40 mins 8 secs,28.06,-1.67,6.67,-1.67,6.67,6.67,6.67,-1.11,-0.83,6.67,0.00,0.00,0.00,0.00,0.00,0.00
247,Finished,10 November 2020  1:50 PM,10 November 2020  2:35 PM,45 mins,18.06,-1.67,6.67,-1.67,6.67,-1.67,6.67,-1.11,-0.83,-1.67,0.00,0.00,0.00,0.00,0.00,6.67
248,Finished,10 November 2020  1:50 PM,10 November 2020  2:35 PM,45 mins 1 sec,9.72,-1.67,-1.67,6.67,3.33,-,6.67,-1.11,-0.83,-1.67,0.00,-,-,-,-,0.00
249,Finished,10 November 2020  1:50 PM,10 November 2020  2:35 PM,45 mins,47.0,-1.67,6.67,6.67,5.33,-1.67,6.67,6.67,6.67,-1.67,0.00,6.67,-,-,-,6.67
250,Finished,10 November 2020  1:50 PM,10 November 2020  2:35 PM,45 mins 1 sec,50.0,6.67,6.67,-1.67,6.67,-,6.67,-,6.67,-1.67,6.67,6.67,0.00,-,-,6.67
251,Finished,10 November 2020  1:50 PM,10 November 2020  2:35 PM,45 mins,16.72,-1.67,6.67,-1.67,5.33,-1.67,6.67,-1.11,-0.83,-1.67,0.00,0.00,0.00,0.00,0.00,6.67
252,Finished,10 November 2020  1:51 PM,10 November 2020  2:36 PM,44 mins 55 secs,63.33,6.67,6.67,6.67,3.33,6.67,6.67,-,-,-,6.67,6.67,0.00,-,6.67,6.67
253,Finished,10 November 2020  1:51 PM,10 November 2020  2:36 PM,44 mins 31 secs,46.39,6.67,6.67,-1.67,3.33,6.67,6.67,-1.11,-0.83,6.67,6.67,6.67,0.00,0.00,0.00,0.00
254,Finished,10 November 2020  1:51 PM,10 November 2020  2:36 PM,45 mins,40.56,6.67,6.67,-1.67,3.33,-,6.67,-1.11,6.67,6.67,0.00,-,-,0.00,0.00,6.67
255,Finished,10 November 2020  1:52 PM,10 November 2020  2:37 PM,45 mins,32.22,6.67,6.67,-1.67,3.33,-,6.67,-1.11,6.67,-1.67,0.00,-,-,0.00,0.00,6.67
256,Finished,10 November 2020  1:52 PM,10 November 2020  2:37 PM,45 mins,53.06,6.67,6.67,-1.67,3.33,6.67,6.67,-1.11,-0.83,6.67,6.67,6.67,0.00,0.00,0.00,6.67
257,Finished,10 November 2020  1:52 PM,10 November 2020  2:36 PM,43 mins 28 secs,38.67,-1.67,6.67,6.67,2.00,6.67,6.67,6.67,6.67,-1.67,0.00,0.00,0.00,0.00,0.00,0.00
258,Finished,10 November 2020  1:56 PM,10 November 2020  2:41 PM,44 mins 59 secs,46.39,6.67,6.67,-1.67,3.33,6.67,6.67,-1.11,-0.83,6.67,6.67,6.67,0.00,0.00,0.00,0.00
259,Finished,10 November 2020  2:01 PM,10 November 2020  2:43 PM,42 mins 41 secs,-3.61,-1.67,-1.67,-1.67,0.00,-1.67,6.67,-1.11,-0.83,-1.67,0.00,0.00,0.00,0.00,0.00,0.00
260,Finished,10 November 2020  2:02 PM,10 November 2020  2:47 PM,45 mins 1 sec,-5.28,-1.67,-1.67,-1.67,-,-1.67,-1.67,-1.11,-0.83,-1.67,6.67,-,-,-,-,-
261,Finished,10 November 2020  2:10 PM,10 November 2020  2:54 PM,43 mins 51 secs,34.72,-1.67,6.67,6.67,6.67,6.67,6.67,-1.11,-0.83,-1.67,0.00,0.00,0.00,0.00,0.00,6.67
262,Finished,10 November 2020  2:10 PM,10 November 2020  2:55 PM,45 mins 2 secs,34.72,-1.67,6.67,6.67,6.67,6.67,6.67,-1.11,-0.83,-1.67,0.00,0.00,0.00,0.00,0.00,6.67
263,Finished,10 November 2020  2:10 PM,10 November 2020  2:54 PM,44 mins 1 sec,34.72,-1.67,6.67,6.67,6.67,6.67,6.67,-1.11,-0.83,-1.67,0.00,0.00,0.00,0.00,0.00,6.67
264,Finished,10 November 2020  2:13 PM,10 November 2020  2:52 PM,38 mins 45 secs,39.72,-1.67,6.67,6.67,3.33,6.67,6.67,-1.11,-0.83,6.67,0.00,0.00,6.67,0.00,0.00,0.00
265,Finished,10 November 2020  2:14 PM,10 November 2020  2:59 PM,45 mins,6.39,-1.67,-1.67,-1.67,3.33,6.67,-1.67,-1.11,-0.83,-1.67,6.67,0.00,0.00,0.00,0.00,0.00
266,Finished,10 November 2020  2:15 PM,10 November 2020  2:49 PM,34 mins 8 secs,30.56,-1.67,6.67,-,-,-,6.67,-1.11,-,6.67,0.00,0.00,0.00,6.67,-,6.67
267,Finished,10 November 2020  2:15 PM,10 November 2020  2:59 PM,43 mins 41 secs,55.83,6.67,6.67,6.67,0.00,6.67,-1.67,6.67,-0.83,-1.67,6.67,6.67,0.00,0.00,6.67,6.67
268,Finished,10 November 2020  2:16 PM,10 November 2020  2:55 PM,38 mins 58 secs,19.72,-1.67,6.67,-1.67,0.00,6.67,-1.67,-1.11,-0.83,6.67,0.00,0.00,0.00,6.67,0.00,0.00
269,Finished,10 November 2020  2:16 PM,10 November 2020  2:59 PM,42 mins 46 secs,56.39,6.67,6.67,6.67,6.67,6.67,6.67,-1.11,-0.83,-1.67,6.67,6.67,0.00,0.00,0.00,6.67
270,Finished,10 November 2020  2:16 PM,10 November 2020  3:01 PM,45 mins,38.89,6.67,6.67,-1.67,3.33,6.67,6.67,-1.11,6.67,-1.67,6.67,0.00,0.00,0.00,0.00,0.00
271,Finished,10 November 2020  2:16 PM,10 November 2020  2:50 PM,34 mins 24 secs,36.39,6.67,-1.67,6.67,3.33,-1.67,6.67,-1.11,-0.83,-1.67,6.67,6.67,0.00,0.00,0.00,6.67
272,Finished,10 November 2020  2:32 PM,10 November 2020  3:17 PM,45 mins 1 sec,50.33,6.67,6.67,-1.67,2.00,-1.67,6.67,6.67,6.67,-1.67,6.67,6.67,0.00,0.00,0.00,6.67
273,Finished,10 November 2020  2:53 PM,10 November 2020  3:13 PM,19 mins 40 secs,4.72,-1.67,6.67,-1.67,0.00,-1.67,-1.67,-1.11,-0.83,6.67,0.00,0.00,0.00,-,0.00,0.00
274,Finished,10 November 2020  2:57 PM,10 November 2020  3:43 PM,46 mins 10 secs,70.0,6.67,6.67,-1.67,6.67,6.67,6.67,6.67,6.67,-1.67,6.67,0.00,6.67,6.67,0.00,6.67
275,Finished,10 November 2020  2:59 PM,10 November 2020  3:44 PM,45 mins 1 sec,67.5,6.67,6.67,6.67,3.33,6.67,6.67,6.67,-0.83,-1.67,6.67,6.67,6.67,0.00,0.00,6.67
276,Finished,10 November 2020  3:09 PM,10 November 2020  3:47 PM,38 mins 53 secs,21.39,-1.67,-1.67,-1.67,3.33,6.67,6.67,-1.11,-0.83,-1.67,0.00,6.67,0.00,-,0.00,6.67
277,Finished,10 November 2020  3:09 PM,10 November 2020  3:54 PM,45 mins,61.67,6.67,6.67,6.67,3.33,-1.67,6.67,6.67,6.67,6.67,6.67,0.00,0.00,0.00,0.00,6.67
278,Finished,10 November 2020  3:10 PM,10 November 2020  3:52 PM,42 mins 15 secs,72.22,6.67,6.67,6.67,6.67,6.67,6.67,-1.11,6.67,6.67,6.67,6.67,0.00,0.00,0.00,6.67
279,Finished,10 November 2020  3:36 PM,10 November 2020  3:44 PM,8 mins 19 secs,-0.28,6.67,-1.67,-1.67,3.33,-1.67,-1.67,-1.11,-0.83,-1.67,0.00,0.00,0.00,0.00,0.00,0.00
280,Finished,10 November 2020  5:18 PM,10 November 2020  5:40 PM,22 mins 27 secs,-3.61,-1.67,-1.67,-1.67,0.00,-1.67,-1.67,-1.11,-0.83,6.67,0.00,0.00,0.00,0.00,0.00,0.00
