Email address,State,Started on,Completed,Time taken,Grade/100.00,Q. 1 /8.33,Q. 2 /8.33,Q. 3 /8.33,Q. 4 /8.33,Q. 5 /8.33,Q. 6 /8.33,Q. 7 /8.33,Q. 8 /8.33,Q. 9 /8.33,Q. 10 /8.33,Q. 11 /8.33,Q. 12 /8.33
2,Finished,9 November 2021  8:01 AM,9 November 2021  8:26 AM,25 mins 12 secs,15.97,-2.08,-2.78,-2.08,-2.08,8.33,8.33,-2.08,-2.08,-2.08,-2.08,8.33,8.33
3,Finished,9 November 2021  8:01 AM,9 November 2021  8:28 AM,26 mins 38 secs,47.92,-2.08,8.33,-2.08,8.33,8.33,8.33,-2.08,-2.08,8.33,8.33,-2.08,8.33
4,Finished,9 November 2021  8:02 AM,9 November 2021  8:38 AM,35 mins 30 secs,57.64,-2.08,-2.78,8.33,8.33,8.33,8.33,8.33,-2.08,8.33,8.33,8.33,-2.08
5,Finished,9 November 2021  8:03 AM,9 November 2021  8:34 AM,30 mins 34 secs,68.06,-2.08,-2.78,8.33,8.33,8.33,8.33,8.33,8.33,8.33,-2.08,8.33,8.33
6,Finished,9 November 2021  8:03 AM,9 November 2021  8:26 AM,23 mins 1 sec,57.64,8.33,-2.78,8.33,8.33,8.33,-2.08,-2.08,-2.08,8.33,8.33,8.33,8.33
7,Finished,9 November 2021  8:04 AM,9 November 2021  8:36 AM,32 mins 7 secs,37.22,8.33,-2.78,8.33,8.33,-1.67,-2.08,-2.08,-2.08,8.33,8.33,8.33,-2.08
8,Finished,9 November 2021  8:07 AM,9 November 2021  8:27 AM,19 mins 51 secs,48.33,-2.08,8.33,8.33,8.33,-1.67,8.33,8.33,-2.08,8.33,-2.08,8.33,-2.08
9,Finished,9 November 2021  8:07 AM,9 November 2021  8:23 AM,16 mins 2 secs,47.22,8.33,-2.78,-2.08,8.33,8.33,8.33,8.33,-2.08,8.33,-2.08,-2.08,8.33
10,Finished,9 November 2021  8:07 AM,9 November 2021  8:32 AM,24 mins 55 secs,47.92,-2.08,8.33,8.33,8.33,8.33,-2.08,8.33,-2.08,8.33,-2.08,8.33,-2.08
11,Finished,9 November 2021  8:07 AM,9 November 2021  8:40 AM,32 mins 9 secs,68.06,8.33,-2.78,8.33,8.33,8.33,8.33,-2.08,8.33,8.33,8.33,8.33,-2.08
12,Finished,9 November 2021  8:08 AM,9 November 2021  8:47 AM,39 mins 53 secs,27.5,-2.08,8.33,-2.08,-2.08,-1.67,8.33,8.33,-2.08,8.33,-2.08,8.33,-2.08
13,Finished,9 November 2021  8:08 AM,9 November 2021  8:32 AM,24 mins 46 secs,47.92,-2.08,8.33,8.33,-2.08,8.33,-2.08,8.33,-2.08,8.33,8.33,8.33,-2.08
14,Finished,9 November 2021  8:08 AM,9 November 2021  8:42 AM,34 mins 8 secs,47.22,8.33,-2.78,-2.08,8.33,8.33,-2.08,-2.08,-2.08,8.33,8.33,8.33,8.33
15,Finished,9 November 2021  8:08 AM,9 November 2021  8:39 AM,31 mins 21 secs,36.81,-2.08,-2.78,8.33,8.33,8.33,-2.08,8.33,-2.08,8.33,-2.08,-2.08,8.33
16,Finished,9 November 2021  8:08 AM,9 November 2021  8:45 AM,36 mins 51 secs,47.22,-2.08,-2.78,8.33,8.33,8.33,8.33,8.33,-2.08,8.33,-2.08,8.33,-2.08
17,Finished,9 November 2021  8:08 AM,9 November 2021  8:28 AM,20 mins 7 secs,47.22,-2.08,-2.78,8.33,-2.08,8.33,8.33,-2.08,8.33,8.33,8.33,8.33,-2.08
18,Finished,9 November 2021  8:08 AM,9 November 2021  8:28 AM,19 mins 43 secs,36.81,-2.08,-2.78,8.33,-2.08,8.33,8.33,-2.08,8.33,8.33,-2.08,8.33,-2.08
19,Finished,9 November 2021  8:08 AM,9 November 2021  8:33 AM,25 mins 3 secs,89.58,8.33,8.33,8.33,8.33,8.33,8.33,8.33,8.33,8.33,-2.08,8.33,8.33
20,Finished,9 November 2021  8:09 AM,9 November 2021  8:33 AM,24 mins 10 secs,57.64,-2.08,-2.78,8.33,8.33,8.33,8.33,-2.08,8.33,8.33,8.33,8.33,-2.08
21,Finished,9 November 2021  8:09 AM,9 November 2021  8:28 AM,18 mins 58 secs,57.64,8.33,-2.78,-2.08,8.33,8.33,-2.08,8.33,-2.08,8.33,8.33,8.33,8.33
22,Finished,9 November 2021  8:13 AM,9 November 2021  8:38 AM,25 mins 8 secs,79.17,8.33,8.33,8.33,8.33,8.33,8.33,8.33,-2.08,8.33,8.33,-2.08,8.33
23,Finished,9 November 2021  8:14 AM,9 November 2021  8:52 AM,38 mins 31 secs,58.33,8.33,8.33,-2.08,8.33,8.33,-2.08,8.33,-2.08,8.33,8.33,-2.08,8.33
24,Finished,9 November 2021  8:18 AM,9 November 2021  8:44 AM,26 mins 53 secs,37.92,-2.08,8.33,8.33,-2.08,-1.67,8.33,8.33,-2.08,8.33,-2.08,8.33,-2.08
25,Finished,9 November 2021  8:18 AM,9 November 2021  8:36 AM,18 mins 26 secs,36.81,8.33,-2.78,-2.08,8.33,8.33,-2.08,8.33,-2.08,8.33,-2.08,8.33,-2.08
26,Finished,9 November 2021  8:18 AM,9 November 2021  8:42 AM,23 mins 59 secs,57.64,8.33,-2.78,8.33,8.33,8.33,-2.08,8.33,-2.08,8.33,-2.08,8.33,8.33
27,Finished,9 November 2021  8:21 AM,9 November 2021  8:57 AM,36 mins 8 secs,79.17,-2.08,8.33,8.33,8.33,8.33,8.33,8.33,8.33,8.33,8.33,8.33,-2.08
28,Finished,9 November 2021  8:21 AM,9 November 2021  8:43 AM,22 mins 40 secs,-4.86,-2.08,-2.78,-2.08,-2.08,8.33,-2.08,-2.08,-2.08,8.33,-2.08,-2.08,-2.08
29,Finished,9 November 2021  8:21 AM,9 November 2021  8:52 AM,31 mins 29 secs,37.92,-2.08,8.33,8.33,-2.08,-1.67,-2.08,-2.08,8.33,8.33,8.33,8.33,-2.08
30,Finished,9 November 2021  8:21 AM,9 November 2021  8:56 AM,35 mins 4 secs,58.33,-2.08,8.33,8.33,8.33,8.33,-2.08,-2.08,8.33,8.33,-2.08,8.33,8.33
31,Finished,9 November 2021  8:21 AM,9 November 2021  8:58 AM,36 mins 31 secs,5.97,-2.08,-2.78,8.33,-2.08,-1.67,8.33,-2.08,-2.08,-2.08,-2.08,8.33,-2.08
32,Finished,9 November 2021  8:21 AM,9 November 2021  8:34 AM,13 mins 13 secs,-4.44,-2.08,-2.78,-2.08,-2.08,-1.67,8.33,-2.08,-2.08,8.33,-2.08,-2.08,-2.08
33,Finished,9 November 2021  8:23 AM,9 November 2021  8:50 AM,27 mins 5 secs,27.08,-2.08,8.33,-2.08,8.33,8.33,8.33,-2.08,-2.08,8.33,-2.08,-2.08,-2.08
34,Finished,9 November 2021  8:25 AM,9 November 2021  9:07 AM,41 mins 6 secs,27.08,-,8.33,-2.08,-2.08,-,-,-,-2.08,8.33,8.33,8.33,-
35,Finished,9 November 2021  8:26 AM,9 November 2021  9:04 AM,37 mins 43 secs,26.39,-2.08,-2.78,8.33,8.33,8.33,-2.08,-2.08,8.33,-2.08,-2.08,-2.08,8.33
36,Finished,9 November 2021  8:45 AM,9 November 2021  8:58 AM,13 mins 15 secs,5.56,-2.08,-2.78,8.33,-2.08,8.33,-2.08,8.33,-2.08,-2.08,-2.08,-2.08,-2.08
37,Finished,9 November 2021  8:48 AM,9 November 2021  8:58 AM,10 mins 6 secs,5.56,-2.08,-2.78,-2.08,-2.08,8.33,-2.08,8.33,-2.08,-2.08,-2.08,8.33,-2.08
38,Finished,9 November 2021  9:08 AM,9 November 2021  9:48 AM,40 mins,47.22,-2.08,-2.78,8.33,8.33,8.33,8.33,8.33,-2.08,8.33,-2.08,8.33,-2.08
39,Finished,9 November 2021  9:16 AM,9 November 2021  9:56 AM,40 mins,22.92,-,-,-,-2.08,8.33,8.33,-,-,-,-,8.33,-
40,Finished,9 November 2021  10:01 AM,9 November 2021  10:43 AM,41 mins 27 secs,47.22,-2.08,-2.78,8.33,8.33,8.33,8.33,-2.08,-2.08,8.33,8.33,8.33,-2.08
41,Finished,9 November 2021  10:02 AM,9 November 2021  10:35 AM,33 mins 12 secs,58.33,-2.08,8.33,8.33,8.33,8.33,-2.08,-2.08,8.33,8.33,-2.08,8.33,8.33
42,Finished,9 November 2021  10:07 AM,9 November 2021  10:32 AM,24 mins 26 secs,100.0,8.33,8.33,8.33,8.33,8.33,8.33,8.33,8.33,8.33,8.33,8.33,8.33
43,Finished,9 November 2021  10:09 AM,9 November 2021  10:38 AM,28 mins 45 secs,16.39,8.33,-2.78,-2.08,-2.08,-1.67,8.33,-2.08,-2.08,-2.08,8.33,8.33,-2.08
44,Finished,9 November 2021  10:19 AM,9 November 2021  10:35 AM,16 mins 44 secs,26.39,-2.08,-2.78,8.33,8.33,8.33,-2.08,8.33,-2.08,-2.08,-2.08,8.33,-2.08
45,Finished,9 November 2021  10:29 AM,9 November 2021  10:59 AM,29 mins 51 secs,36.81,-2.08,-2.78,8.33,8.33,8.33,8.33,-2.08,-2.08,8.33,8.33,-2.08,-2.08
46,Finished,9 November 2021  10:43 AM,9 November 2021  11:18 AM,35 mins 31 secs,68.75,8.33,8.33,8.33,8.33,8.33,-2.08,-2.08,8.33,8.33,8.33,8.33,-2.08
47,Finished,9 November 2021  10:54 AM,9 November 2021  11:20 AM,26 mins 56 secs,47.22,-2.08,-2.78,8.33,8.33,8.33,-2.08,8.33,-2.08,8.33,8.33,8.33,-2.08
48,Finished,9 November 2021  10:54 AM,9 November 2021  11:25 AM,30 mins 55 secs,57.64,-2.08,-2.78,8.33,8.33,8.33,8.33,8.33,8.33,8.33,-2.08,8.33,-2.08
49,Finished,9 November 2021  10:56 AM,9 November 2021  11:24 AM,28 mins 23 secs,58.33,-2.08,8.33,8.33,-2.08,8.33,8.33,8.33,-2.08,8.33,8.33,-2.08,8.33
50,Finished,9 November 2021  11:01 AM,9 November 2021  11:20 AM,19 mins 10 secs,79.17,8.33,8.33,8.33,8.33,8.33,8.33,8.33,8.33,8.33,-2.08,-2.08,8.33
51,Finished,9 November 2021  11:09 AM,9 November 2021  11:46 AM,36 mins 51 secs,89.58,8.33,8.33,8.33,8.33,8.33,8.33,8.33,8.33,8.33,-2.08,8.33,8.33
52,Finished,9 November 2021  11:14 AM,9 November 2021  11:54 AM,40 mins,29.17,-,-,8.33,-,-,8.33,8.33,-,-,-2.08,8.33,-2.08
53,Finished,9 November 2021  11:20 AM,9 November 2021  12:00 PM,40 mins,43.75,-,8.33,8.33,8.33,8.33,-,-2.08,-2.08,-,-2.08,8.33,8.33
54,Finished,9 November 2021  12:21 PM,9 November 2021  1:01 PM,40 mins,9.72,-2.08,-2.78,-2.08,-2.08,-,-2.08,-2.08,8.33,8.33,-2.08,8.33,-
55,Finished,9 November 2021  12:26 PM,9 November 2021  12:56 PM,30 mins 8 secs,58.75,8.33,8.33,8.33,8.33,-1.67,8.33,-2.08,-2.08,8.33,8.33,8.33,-2.08
56,Finished,9 November 2021  12:29 PM,9 November 2021  1:01 PM,31 mins 26 secs,36.81,-2.08,-2.78,8.33,-2.08,8.33,8.33,8.33,-2.08,8.33,8.33,-2.08,-2.08
57,Finished,9 November 2021  12:43 PM,9 November 2021  1:04 PM,20 mins 57 secs,47.92,-2.08,8.33,8.33,-2.08,8.33,-2.08,8.33,8.33,8.33,8.33,-2.08,-2.08
58,Finished,9 November 2021  12:47 PM,9 November 2021  1:17 PM,30 mins 5 secs,17.08,-2.08,8.33,-2.08,-2.08,-1.67,8.33,-2.08,-2.08,-2.08,-2.08,8.33,8.33
59,Finished,9 November 2021  12:47 PM,9 November 2021  1:25 PM,37 mins 42 secs,79.17,-2.08,8.33,8.33,8.33,8.33,-2.08,8.33,8.33,8.33,8.33,8.33,8.33
60,Finished,9 November 2021  12:49 PM,9 November 2021  1:25 PM,35 mins 51 secs,79.17,-2.08,8.33,8.33,8.33,8.33,-2.08,8.33,8.33,8.33,8.33,8.33,8.33
61,Finished,9 November 2021  12:51 PM,9 November 2021  1:15 PM,23 mins 59 secs,26.39,-2.08,-2.78,8.33,8.33,8.33,-2.08,-2.08,-2.08,8.33,-2.08,8.33,-2.08
62,Finished,9 November 2021  12:52 PM,9 November 2021  1:18 PM,25 mins 42 secs,78.47,-2.08,-2.78,8.33,8.33,8.33,8.33,8.33,8.33,8.33,8.33,8.33,8.33
63,Finished,9 November 2021  12:53 PM,9 November 2021  1:17 PM,23 mins 47 secs,79.17,-2.08,8.33,8.33,8.33,8.33,8.33,8.33,-2.08,8.33,8.33,8.33,8.33
64,Finished,9 November 2021  12:53 PM,9 November 2021  1:13 PM,19 mins 53 secs,47.92,-2.08,8.33,8.33,-2.08,8.33,8.33,8.33,-2.08,8.33,-2.08,8.33,-2.08
65,Finished,9 November 2021  12:54 PM,9 November 2021  1:18 PM,23 mins 29 secs,47.22,8.33,-2.78,8.33,-2.08,8.33,8.33,-2.08,-2.08,8.33,8.33,-2.08,8.33
66,Finished,9 November 2021  12:54 PM,9 November 2021  1:20 PM,25 mins 51 secs,57.64,8.33,-2.78,8.33,-2.08,8.33,-2.08,8.33,8.33,8.33,8.33,8.33,-2.08
67,Finished,9 November 2021  12:56 PM,9 November 2021  1:33 PM,37 mins 18 secs,48.33,-2.08,8.33,8.33,8.33,-1.67,8.33,-2.08,-2.08,8.33,8.33,8.33,-2.08
68,Finished,9 November 2021  12:57 PM,9 November 2021  1:35 PM,37 mins 14 secs,89.58,8.33,8.33,8.33,8.33,8.33,8.33,8.33,-2.08,8.33,8.33,8.33,8.33
69,Finished,9 November 2021  12:57 PM,9 November 2021  1:33 PM,35 mins 41 secs,36.81,-2.08,-2.78,8.33,-2.08,8.33,-2.08,8.33,-2.08,8.33,8.33,8.33,-2.08
70,Finished,9 November 2021  12:58 PM,9 November 2021  1:19 PM,21 mins 35 secs,78.47,8.33,-2.78,8.33,8.33,8.33,8.33,8.33,-2.08,8.33,8.33,8.33,8.33
71,Finished,9 November 2021  12:58 PM,9 November 2021  1:37 PM,39 mins 19 secs,89.58,8.33,8.33,-2.08,8.33,8.33,8.33,8.33,8.33,8.33,8.33,8.33,8.33
72,Finished,9 November 2021  12:59 PM,9 November 2021  1:15 PM,16 mins 27 secs,68.75,8.33,8.33,-2.08,-2.08,8.33,8.33,8.33,8.33,8.33,8.33,8.33,-2.08
73,Finished,9 November 2021  1:00 PM,9 November 2021  1:39 PM,38 mins 53 secs,79.17,8.33,8.33,8.33,8.33,8.33,8.33,8.33,-2.08,8.33,8.33,8.33,-2.08
74,Finished,9 November 2021  1:00 PM,9 November 2021  1:30 PM,30 mins 19 secs,100.0,8.33,8.33,8.33,8.33,8.33,8.33,8.33,8.33,8.33,8.33,8.33,8.33
75,Finished,9 November 2021  1:00 PM,9 November 2021  1:30 PM,30 mins 38 secs,40.97,-2.08,-2.78,-,8.33,8.33,-,8.33,-2.08,8.33,8.33,8.33,-2.08
76,Finished,9 November 2021  1:00 PM,9 November 2021  1:37 PM,37 mins 31 secs,58.33,-2.08,8.33,8.33,8.33,8.33,8.33,8.33,-2.08,8.33,-2.08,8.33,-2.08
77,Finished,9 November 2021  1:00 PM,9 November 2021  1:25 PM,25 mins 30 secs,27.08,-2.08,8.33,-2.08,8.33,8.33,-2.08,-2.08,-2.08,8.33,-2.08,8.33,-2.08
78,Finished,9 November 2021  1:00 PM,9 November 2021  1:37 PM,36 mins 38 secs,37.92,-2.08,8.33,-2.08,8.33,-1.67,8.33,8.33,-2.08,-2.08,8.33,8.33,-2.08
79,Finished,9 November 2021  1:00 PM,9 November 2021  1:37 PM,36 mins 57 secs,57.64,-2.08,-2.78,8.33,8.33,8.33,8.33,-2.08,-2.08,8.33,8.33,8.33,8.33
80,Finished,9 November 2021  1:00 PM,9 November 2021  1:26 PM,25 mins 45 secs,43.75,-,-,8.33,8.33,8.33,-,-2.08,-2.08,8.33,8.33,8.33,-2.08
81,Finished,9 November 2021  1:00 PM,9 November 2021  1:10 PM,9 mins 53 secs,6.67,-2.08,8.33,-2.08,-2.08,-1.67,8.33,-2.08,8.33,-2.08,-2.08,-2.08,-2.08
82,Finished,9 November 2021  1:00 PM,9 November 2021  1:39 PM,39 mins 14 secs,37.92,8.33,8.33,8.33,-2.08,-1.67,-2.08,8.33,-2.08,8.33,-2.08,8.33,-2.08
83,Finished,9 November 2021  1:00 PM,9 November 2021  1:38 PM,37 mins 53 secs,89.58,8.33,8.33,8.33,8.33,8.33,8.33,8.33,8.33,8.33,8.33,8.33,-2.08
84,Finished,9 November 2021  1:00 PM,9 November 2021  1:40 PM,39 mins 18 secs,89.58,8.33,8.33,8.33,8.33,8.33,8.33,8.33,8.33,8.33,-2.08,8.33,8.33
85,Finished,9 November 2021  1:00 PM,9 November 2021  1:35 PM,34 mins 31 secs,79.17,-2.08,8.33,8.33,8.33,8.33,8.33,-2.08,8.33,8.33,8.33,8.33,8.33
86,Finished,9 November 2021  1:00 PM,9 November 2021  1:40 PM,40 mins,54.17,8.33,8.33,8.33,8.33,8.33,-2.08,-,-,-,8.33,8.33,-2.08
87,Finished,9 November 2021  1:00 PM,9 November 2021  1:42 PM,41 mins 7 secs,47.22,8.33,-2.78,8.33,8.33,8.33,8.33,8.33,-2.08,-2.08,8.33,-2.08,-2.08
88,Finished,9 November 2021  1:00 PM,9 November 2021  1:36 PM,35 mins 50 secs,78.47,8.33,-2.78,8.33,8.33,8.33,-2.08,8.33,8.33,8.33,8.33,8.33,8.33
89,Finished,9 November 2021  1:00 PM,9 November 2021  1:38 PM,37 mins 56 secs,89.58,8.33,8.33,8.33,8.33,8.33,8.33,8.33,-2.08,8.33,8.33,8.33,8.33
90,Finished,9 November 2021  1:01 PM,9 November 2021  1:20 PM,19 mins 18 secs,36.81,-2.08,-2.78,-2.08,-2.08,8.33,8.33,8.33,-2.08,8.33,-2.08,8.33,8.33
91,Finished,9 November 2021  1:01 PM,9 November 2021  1:32 PM,31 mins 48 secs,20.83,-,-,-2.08,8.33,8.33,8.33,-2.08,-2.08,8.33,-2.08,-2.08,-2.08
92,Finished,9 November 2021  1:01 PM,9 November 2021  1:28 PM,27 mins 17 secs,5.97,-2.08,-2.78,-2.08,-2.08,-1.67,-2.08,-2.08,-2.08,8.33,-2.08,8.33,8.33
93,Finished,9 November 2021  1:01 PM,9 November 2021  1:30 PM,28 mins 45 secs,69.17,8.33,8.33,-2.08,8.33,-1.67,8.33,-2.08,8.33,8.33,8.33,8.33,8.33
94,Finished,9 November 2021  1:01 PM,9 November 2021  1:23 PM,22 mins 13 secs,-14.86,-2.08,-2.78,8.33,-2.08,-1.67,-2.08,-2.08,-2.08,-2.08,-2.08,-2.08,-2.08
95,Finished,9 November 2021  1:01 PM,9 November 2021  1:24 PM,22 mins 53 secs,32.64,-2.08,-2.78,8.33,8.33,-,-,8.33,-,8.33,-2.08,-2.08,8.33
96,Finished,9 November 2021  1:01 PM,9 November 2021  1:18 PM,16 mins 42 secs,-12.08,-2.08,-,-,-,-1.67,-,-,-2.08,-,-2.08,-2.08,-2.08
97,Finished,9 November 2021  1:01 PM,9 November 2021  1:17 PM,16 mins 19 secs,-10.0,-,-,-,-2.08,-1.67,-,-,-2.08,-,-,-2.08,-2.08
98,Finished,9 November 2021  1:01 PM,9 November 2021  1:23 PM,21 mins 51 secs,36.81,-2.08,-2.78,-2.08,-2.08,8.33,-2.08,8.33,-2.08,8.33,8.33,8.33,8.33
99,Finished,9 November 2021  1:01 PM,9 November 2021  1:29 PM,27 mins 38 secs,68.75,-2.08,8.33,8.33,8.33,8.33,8.33,8.33,-2.08,8.33,-2.08,8.33,8.33
100,Finished,9 November 2021  1:01 PM,9 November 2021  1:17 PM,16 mins 8 secs,17.08,-2.08,8.33,8.33,-2.08,-1.67,8.33,-2.08,-2.08,8.33,-2.08,-2.08,-2.08
101,Finished,9 November 2021  1:01 PM,9 November 2021  1:22 PM,20 mins 32 secs,26.39,-2.08,-2.78,-2.08,8.33,8.33,-2.08,8.33,-2.08,8.33,8.33,-2.08,-2.08
102,Finished,9 November 2021  1:01 PM,9 November 2021  1:40 PM,38 mins 26 secs,47.92,-2.08,8.33,8.33,8.33,8.33,8.33,-2.08,-2.08,-2.08,8.33,8.33,-2.08
103,Finished,9 November 2021  1:01 PM,9 November 2021  1:26 PM,24 mins 28 secs,15.97,-2.08,-2.78,-2.08,-2.08,8.33,8.33,-2.08,8.33,-2.08,8.33,-2.08,-2.08
104,Finished,9 November 2021  1:01 PM,9 November 2021  1:33 PM,31 mins 28 secs,17.08,-2.08,8.33,8.33,-2.08,-1.67,-2.08,8.33,8.33,-2.08,-2.08,-2.08,-2.08
105,Finished,9 November 2021  1:02 PM,9 November 2021  1:31 PM,29 mins 8 secs,79.17,-2.08,8.33,8.33,8.33,8.33,8.33,8.33,8.33,8.33,8.33,8.33,-2.08
106,Finished,9 November 2021  1:02 PM,9 November 2021  1:15 PM,13 mins 35 secs,27.5,-2.08,8.33,-2.08,-2.08,-1.67,8.33,8.33,-2.08,8.33,8.33,-2.08,-2.08
107,Finished,9 November 2021  1:02 PM,9 November 2021  1:42 PM,40 mins,58.33,8.33,8.33,8.33,8.33,8.33,-2.08,-2.08,-2.08,8.33,-2.08,8.33,8.33
108,Finished,9 November 2021  1:02 PM,9 November 2021  1:22 PM,20 mins 19 secs,47.92,8.33,8.33,8.33,8.33,8.33,-2.08,-2.08,8.33,-2.08,-2.08,8.33,-2.08
109,Finished,9 November 2021  1:02 PM,9 November 2021  1:27 PM,24 mins 38 secs,6.67,8.33,8.33,8.33,-2.08,-1.67,-2.08,-2.08,-2.08,-2.08,-2.08,-2.08,-2.08
110,Finished,9 November 2021  1:02 PM,9 November 2021  1:29 PM,26 mins 20 secs,47.22,8.33,-2.78,-2.08,8.33,8.33,-2.08,-2.08,8.33,8.33,8.33,-2.08,8.33
111,Finished,9 November 2021  1:02 PM,9 November 2021  1:34 PM,31 mins 34 secs,68.06,-2.08,-2.78,8.33,8.33,8.33,8.33,8.33,8.33,8.33,8.33,8.33,-2.08
112,Finished,9 November 2021  1:02 PM,9 November 2021  1:42 PM,40 mins 1 sec,36.81,-2.08,-2.78,8.33,-2.08,8.33,8.33,-2.08,8.33,-2.08,8.33,8.33,-2.08
113,Finished,9 November 2021  1:03 PM,9 November 2021  1:16 PM,13 mins 50 secs,47.22,-2.08,-2.78,8.33,-2.08,8.33,8.33,8.33,8.33,8.33,-2.08,8.33,-2.08
114,Finished,9 November 2021  1:03 PM,9 November 2021  1:27 PM,24 mins 50 secs,17.08,-2.08,8.33,-2.08,-2.08,-1.67,-2.08,8.33,-2.08,-2.08,-2.08,8.33,8.33
115,Finished,9 November 2021  1:03 PM,9 November 2021  1:40 PM,37 mins 18 secs,68.06,-2.08,-2.78,8.33,8.33,8.33,8.33,8.33,-2.08,8.33,8.33,8.33,8.33
116,Finished,9 November 2021  1:03 PM,9 November 2021  1:33 PM,30 mins 10 secs,37.92,8.33,8.33,8.33,-2.08,-1.67,8.33,-2.08,-2.08,8.33,-2.08,8.33,-2.08
117,Finished,9 November 2021  1:03 PM,9 November 2021  1:38 PM,35 mins 11 secs,37.5,8.33,8.33,-2.08,-2.08,8.33,8.33,-2.08,-2.08,8.33,-2.08,-2.08,8.33
118,Finished,9 November 2021  1:04 PM,9 November 2021  1:24 PM,19 mins 51 secs,37.5,-2.08,8.33,8.33,-2.08,8.33,-2.08,-2.08,8.33,8.33,8.33,-2.08,-2.08
119,Finished,9 November 2021  1:04 PM,9 November 2021  1:44 PM,40 mins,58.33,8.33,8.33,8.33,-2.08,8.33,8.33,8.33,-2.08,8.33,-2.08,8.33,-2.08
120,Finished,9 November 2021  1:04 PM,9 November 2021  1:44 PM,39 mins 44 secs,100.0,8.33,8.33,8.33,8.33,8.33,8.33,8.33,8.33,8.33,8.33,8.33,8.33
121,Finished,9 November 2021  1:04 PM,9 November 2021  1:45 PM,40 mins 3 secs,31.25,-,8.33,8.33,8.33,-,-,-,-,-,-2.08,-,8.33
122,Finished,9 November 2021  1:05 PM,9 November 2021  1:40 PM,35 mins 51 secs,89.58,-2.08,8.33,8.33,8.33,8.33,8.33,8.33,8.33,8.33,8.33,8.33,8.33
123,Finished,9 November 2021  1:05 PM,9 November 2021  1:30 PM,25 mins 20 secs,27.5,-2.08,8.33,8.33,8.33,-1.67,-2.08,-2.08,-2.08,8.33,-2.08,8.33,-2.08
124,Finished,9 November 2021  1:05 PM,9 November 2021  1:41 PM,36 mins 22 secs,58.33,-2.08,8.33,8.33,8.33,8.33,8.33,-2.08,8.33,8.33,-2.08,8.33,-2.08
125,Finished,9 November 2021  1:05 PM,9 November 2021  1:18 PM,13 mins 15 secs,5.97,-2.08,-2.78,-2.08,-2.08,-1.67,8.33,-2.08,8.33,8.33,-2.08,-2.08,-2.08
126,Finished,9 November 2021  1:05 PM,9 November 2021  1:34 PM,29 mins 8 secs,37.92,-2.08,8.33,8.33,-2.08,-1.67,8.33,-2.08,-2.08,8.33,8.33,8.33,-2.08
127,Finished,9 November 2021  1:05 PM,9 November 2021  1:45 PM,39 mins 37 secs,100.0,8.33,8.33,8.33,8.33,8.33,8.33,8.33,8.33,8.33,8.33,8.33,8.33
128,Finished,9 November 2021  1:05 PM,9 November 2021  1:18 PM,13 mins 23 secs,37.5,8.33,8.33,8.33,-2.08,8.33,8.33,-2.08,-2.08,-2.08,-2.08,-2.08,8.33
129,Finished,9 November 2021  1:05 PM,9 November 2021  1:28 PM,22 mins 22 secs,28.89,8.33,-2.78,8.33,-2.08,-1.67,8.33,-2.08,-2.08,8.33,-2.08,8.33,-
130,Finished,9 November 2021  1:05 PM,9 November 2021  1:36 PM,30 mins 53 secs,37.92,-2.08,8.33,-2.08,-2.08,-1.67,8.33,-2.08,-2.08,8.33,8.33,8.33,8.33
131,Finished,9 November 2021  1:05 PM,9 November 2021  1:28 PM,22 mins 22 secs,26.81,-2.08,-2.78,-2.08,8.33,-1.67,8.33,-2.08,-2.08,8.33,8.33,8.33,-2.08
132,Finished,9 November 2021  1:05 PM,9 November 2021  1:24 PM,19 mins,58.33,8.33,8.33,-2.08,8.33,8.33,8.33,8.33,8.33,8.33,-2.08,-2.08,-2.08
133,Finished,9 November 2021  1:05 PM,9 November 2021  1:33 PM,27 mins 37 secs,47.22,8.33,-2.78,-2.08,-2.08,8.33,8.33,8.33,-2.08,8.33,8.33,8.33,-2.08
134,Finished,9 November 2021  1:05 PM,9 November 2021  1:31 PM,25 mins 56 secs,48.33,8.33,8.33,-2.08,8.33,-1.67,8.33,8.33,-2.08,-2.08,-2.08,8.33,8.33
135,Finished,9 November 2021  1:05 PM,9 November 2021  1:34 PM,28 mins 10 secs,89.58,8.33,8.33,8.33,8.33,8.33,8.33,8.33,-2.08,8.33,8.33,8.33,8.33
136,Finished,9 November 2021  1:05 PM,9 November 2021  1:42 PM,36 mins 50 secs,89.58,-2.08,8.33,8.33,8.33,8.33,8.33,8.33,8.33,8.33,8.33,8.33,8.33
137,Finished,9 November 2021  1:06 PM,9 November 2021  1:45 PM,39 mins 1 sec,36.81,-2.08,-2.78,8.33,-2.08,8.33,-2.08,-2.08,8.33,8.33,8.33,8.33,-2.08
138,Finished,9 November 2021  1:06 PM,9 November 2021  1:38 PM,31 mins 51 secs,26.39,-2.08,-2.78,8.33,-2.08,8.33,-2.08,8.33,-2.08,8.33,8.33,-2.08,-2.08
139,Finished,9 November 2021  1:06 PM,9 November 2021  1:24 PM,17 mins 23 secs,-14.86,-2.08,-2.78,-2.08,-2.08,-1.67,8.33,-2.08,-2.08,-2.08,-2.08,-2.08,-2.08
140,Finished,9 November 2021  1:06 PM,9 November 2021  1:46 PM,40 mins 2 secs,36.81,8.33,-2.78,8.33,-2.08,8.33,8.33,-2.08,-2.08,8.33,-2.08,8.33,-2.08
141,Finished,9 November 2021  1:07 PM,9 November 2021  1:22 PM,15 mins 45 secs,68.75,8.33,8.33,8.33,8.33,8.33,8.33,8.33,-2.08,8.33,-2.08,8.33,-2.08
142,Finished,9 November 2021  1:07 PM,9 November 2021  1:33 PM,26 mins 6 secs,58.33,8.33,8.33,8.33,8.33,8.33,8.33,8.33,-2.08,8.33,-2.08,-2.08,-2.08
143,Finished,9 November 2021  1:08 PM,9 November 2021  1:46 PM,38 mins 30 secs,58.75,-2.08,8.33,8.33,8.33,-1.67,8.33,8.33,-2.08,8.33,-2.08,8.33,8.33
144,Finished,9 November 2021  1:08 PM,9 November 2021  1:24 PM,16 mins 31 secs,27.5,-2.08,8.33,8.33,-2.08,-1.67,-2.08,8.33,-2.08,8.33,-2.08,8.33,-2.08
145,Finished,9 November 2021  1:08 PM,9 November 2021  1:48 PM,39 mins 47 secs,68.75,-2.08,8.33,8.33,8.33,8.33,8.33,8.33,-2.08,8.33,8.33,8.33,-2.08
146,Finished,9 November 2021  1:09 PM,9 November 2021  1:23 PM,14 mins 4 secs,47.92,-2.08,8.33,-2.08,-2.08,8.33,8.33,8.33,8.33,8.33,-2.08,8.33,-2.08
147,Finished,9 November 2021  1:09 PM,9 November 2021  1:34 PM,24 mins 50 secs,69.17,8.33,8.33,8.33,8.33,-1.67,8.33,8.33,-2.08,8.33,-2.08,8.33,8.33
148,Finished,9 November 2021  1:09 PM,9 November 2021  1:36 PM,27 mins 31 secs,15.97,-2.08,-2.78,-2.08,-2.08,8.33,-2.08,-2.08,-2.08,8.33,8.33,-2.08,8.33
149,Finished,9 November 2021  1:10 PM,9 November 2021  1:47 PM,36 mins 58 secs,17.08,-2.08,8.33,8.33,-2.08,-1.67,8.33,-2.08,-2.08,8.33,-2.08,-2.08,-2.08
150,Finished,9 November 2021  1:10 PM,9 November 2021  1:34 PM,24 mins 28 secs,36.81,-2.08,-2.78,8.33,-2.08,8.33,8.33,8.33,-2.08,-2.08,8.33,-2.08,8.33
151,Finished,9 November 2021  1:10 PM,9 November 2021  1:29 PM,19 mins 39 secs,16.67,-2.08,8.33,-2.08,-2.08,8.33,8.33,-2.08,-2.08,-2.08,-2.08,8.33,-2.08
152,Finished,9 November 2021  1:10 PM,9 November 2021  1:15 PM,5 mins 35 secs,0.42,8.33,-,-2.08,-2.08,-1.67,-2.08,-2.08,8.33,-,-2.08,-2.08,-2.08
153,Finished,9 November 2021  1:10 PM,9 November 2021  1:35 PM,24 mins 48 secs,58.06,8.33,-2.78,8.33,8.33,-1.67,8.33,-2.08,-2.08,8.33,8.33,8.33,8.33
154,Finished,9 November 2021  1:10 PM,9 November 2021  1:25 PM,15 mins 6 secs,17.08,8.33,8.33,-2.08,8.33,-1.67,-2.08,-2.08,8.33,-2.08,-2.08,-2.08,-2.08
155,Finished,9 November 2021  1:10 PM,9 November 2021  1:26 PM,15 mins 54 secs,6.25,-2.08,8.33,-2.08,-2.08,8.33,-2.08,-2.08,-2.08,-2.08,8.33,-2.08,-2.08
156,Finished,9 November 2021  1:10 PM,9 November 2021  1:34 PM,24 mins 19 secs,37.92,-2.08,8.33,8.33,8.33,-1.67,-2.08,8.33,-2.08,8.33,8.33,-2.08,-2.08
157,Finished,9 November 2021  1:10 PM,9 November 2021  1:34 PM,23 mins 46 secs,6.67,-2.08,8.33,-2.08,-2.08,-1.67,8.33,8.33,-2.08,-2.08,-2.08,-2.08,-2.08
158,Finished,9 November 2021  1:10 PM,9 November 2021  1:41 PM,31 mins 15 secs,17.08,8.33,8.33,8.33,-2.08,-1.67,-2.08,-2.08,-2.08,-2.08,8.33,-2.08,-2.08
159,Finished,9 November 2021  1:11 PM,9 November 2021  1:37 PM,25 mins 43 secs,68.75,8.33,8.33,8.33,-2.08,8.33,8.33,8.33,8.33,8.33,-2.08,8.33,-2.08
160,Finished,9 November 2021  1:11 PM,9 November 2021  1:51 PM,40 mins 1 sec,79.17,-2.08,8.33,8.33,8.33,8.33,8.33,8.33,-2.08,8.33,8.33,8.33,8.33
161,Finished,9 November 2021  1:12 PM,9 November 2021  1:48 PM,36 mins 16 secs,26.81,-2.08,-2.78,-2.08,8.33,-1.67,-2.08,-2.08,8.33,8.33,-2.08,8.33,8.33
162,Finished,9 November 2021  1:12 PM,9 November 2021  1:39 PM,27 mins 30 secs,36.81,-2.08,-2.78,8.33,-2.08,8.33,8.33,-2.08,-2.08,8.33,8.33,-2.08,8.33
163,Finished,9 November 2021  1:12 PM,9 November 2021  1:52 PM,40 mins 1 sec,18.75,-2.08,8.33,-,-2.08,-,-2.08,8.33,-,-,8.33,-,-
164,Finished,9 November 2021  1:12 PM,9 November 2021  1:31 PM,19 mins 10 secs,58.33,8.33,8.33,8.33,8.33,8.33,8.33,8.33,-2.08,8.33,-2.08,-2.08,-2.08
165,Finished,9 November 2021  1:12 PM,9 November 2021  1:36 PM,23 mins 46 secs,89.58,-2.08,8.33,8.33,8.33,8.33,8.33,8.33,8.33,8.33,8.33,8.33,8.33
166,Finished,9 November 2021  1:13 PM,9 November 2021  1:51 PM,38 mins 13 secs,79.17,8.33,8.33,-2.08,8.33,8.33,8.33,8.33,8.33,8.33,8.33,8.33,-2.08
167,Finished,9 November 2021  1:13 PM,9 November 2021  1:29 PM,15 mins 59 secs,26.81,8.33,-2.78,8.33,-2.08,-1.67,8.33,-2.08,-2.08,-2.08,-2.08,8.33,8.33
168,Finished,9 November 2021  1:13 PM,9 November 2021  1:53 PM,40 mins 2 secs,15.97,8.33,-2.78,-2.08,-2.08,8.33,-2.08,-2.08,-2.08,8.33,-2.08,8.33,-2.08
169,Finished,9 November 2021  1:14 PM,9 November 2021  1:37 PM,22 mins 47 secs,26.81,-2.08,-2.78,-2.08,8.33,-1.67,8.33,8.33,-2.08,8.33,-2.08,8.33,-2.08
170,Finished,9 November 2021  1:14 PM,9 November 2021  1:53 PM,38 mins 46 secs,27.08,-2.08,8.33,8.33,-2.08,8.33,-2.08,8.33,8.33,-2.08,-2.08,-2.08,-2.08
171,Finished,9 November 2021  1:16 PM,9 November 2021  1:58 PM,41 mins 11 secs,15.97,-2.08,-2.78,8.33,-2.08,8.33,-2.08,8.33,8.33,-2.08,-2.08,-2.08,-2.08
172,Finished,9 November 2021  1:18 PM,9 November 2021  1:57 PM,39 mins 16 secs,38.89,-2.08,-2.78,8.33,-,8.33,8.33,-2.08,-2.08,8.33,8.33,-2.08,8.33
173,Finished,9 November 2021  1:20 PM,9 November 2021  1:42 PM,22 mins 13 secs,6.67,-2.08,8.33,8.33,-2.08,-1.67,-2.08,-2.08,-2.08,-2.08,-2.08,8.33,-2.08
174,Finished,9 November 2021  1:21 PM,9 November 2021  1:48 PM,27 mins 31 secs,36.81,-2.08,-2.78,-2.08,-2.08,8.33,8.33,8.33,8.33,8.33,8.33,-2.08,-2.08
175,Finished,9 November 2021  1:26 PM,9 November 2021  1:55 PM,29 mins 6 secs,17.08,-2.08,8.33,-2.08,-2.08,-1.67,-2.08,-2.08,-2.08,8.33,-2.08,8.33,8.33
176,Finished,9 November 2021  1:27 PM,9 November 2021  1:56 PM,29 mins 38 secs,57.64,8.33,-2.78,8.33,8.33,8.33,-2.08,8.33,8.33,8.33,-2.08,8.33,-2.08
177,Finished,9 November 2021  1:30 PM,9 November 2021  2:03 PM,33 mins 36 secs,36.81,-2.08,-2.78,-2.08,8.33,8.33,8.33,-2.08,8.33,-2.08,-2.08,8.33,8.33
178,Finished,9 November 2021  1:34 PM,9 November 2021  2:16 PM,41 mins 47 secs,8.33,-2.08,8.33,-2.08,-2.08,8.33,-2.08,-2.08,-,-2.08,8.33,-2.08,-2.08
179,Finished,9 November 2021  1:36 PM,9 November 2021  2:16 PM,40 mins 1 sec,10.14,-2.08,-2.78,8.33,-2.08,-1.67,-2.08,8.33,-2.08,-,8.33,-2.08,-
180,Finished,9 November 2021  1:38 PM,9 November 2021  2:16 PM,38 mins 29 secs,58.33,-2.08,8.33,8.33,8.33,8.33,-2.08,8.33,-2.08,8.33,8.33,-2.08,8.33
181,Finished,9 November 2021  1:38 PM,9 November 2021  1:56 PM,18 mins 24 secs,37.92,-2.08,8.33,8.33,8.33,-1.67,8.33,-2.08,-2.08,8.33,-2.08,-2.08,8.33
182,Finished,9 November 2021  1:39 PM,9 November 2021  1:58 PM,18 mins 41 secs,5.97,-2.08,-2.78,8.33,-2.08,-1.67,8.33,-2.08,-2.08,-2.08,8.33,-2.08,-2.08
183,Finished,9 November 2021  1:43 PM,9 November 2021  2:01 PM,18 mins 31 secs,19.17,-2.08,8.33,-2.08,-2.08,-1.67,-,-2.08,-2.08,8.33,8.33,-2.08,8.33
184,Finished,9 November 2021  1:43 PM,9 November 2021  2:03 PM,20 mins 20 secs,27.5,8.33,8.33,-2.08,8.33,-1.67,8.33,-2.08,-2.08,-2.08,-2.08,8.33,-2.08
185,Finished,9 November 2021  1:48 PM,9 November 2021  2:11 PM,23 mins 43 secs,79.17,8.33,8.33,8.33,8.33,8.33,8.33,8.33,8.33,8.33,-2.08,8.33,-2.08
186,Finished,9 November 2021  1:49 PM,9 November 2021  2:20 PM,31 mins 7 secs,47.22,-2.08,-2.78,-2.08,-2.08,8.33,8.33,8.33,-2.08,8.33,8.33,8.33,8.33
187,Finished,9 November 2021  1:50 PM,9 November 2021  2:11 PM,21 mins 13 secs,16.39,8.33,-2.78,-2.08,-2.08,-1.67,-2.08,8.33,-2.08,-2.08,8.33,-2.08,8.33
188,Finished,9 November 2021  1:53 PM,9 November 2021  2:13 PM,20 mins 1 sec,26.81,8.33,-2.78,-2.08,-2.08,-1.67,8.33,-2.08,8.33,8.33,-2.08,-2.08,8.33
189,Finished,9 November 2021  1:55 PM,9 November 2021  2:32 PM,37 mins 47 secs,68.75,-2.08,8.33,8.33,8.33,8.33,8.33,8.33,-2.08,8.33,8.33,8.33,-2.08
190,Finished,9 November 2021  1:55 PM,9 November 2021  2:21 PM,26 mins 21 secs,79.17,8.33,8.33,8.33,8.33,8.33,8.33,8.33,-2.08,8.33,-2.08,8.33,8.33
191,Finished,9 November 2021  2:06 PM,9 November 2021  2:27 PM,21 mins 1 sec,5.56,-2.08,-2.78,-2.08,-2.08,8.33,-2.08,-2.08,8.33,-2.08,8.33,-2.08,-2.08
192,Finished,9 November 2021  2:21 PM,9 November 2021  2:39 PM,18 mins 1 sec,36.81,-2.08,-2.78,8.33,8.33,8.33,8.33,-2.08,8.33,8.33,-2.08,-2.08,-2.08
193,Finished,9 November 2021  2:42 PM,9 November 2021  3:01 PM,19 mins,47.92,-2.08,8.33,8.33,8.33,8.33,8.33,-2.08,-2.08,-2.08,8.33,-2.08,8.33
194,Finished,9 November 2021  2:47 PM,9 November 2021  3:11 PM,24 mins 16 secs,37.22,8.33,-2.78,8.33,8.33,-1.67,-2.08,8.33,-2.08,8.33,-2.08,8.33,-2.08
195,Finished,9 November 2021  3:12 PM,9 November 2021  3:41 PM,28 mins 47 secs,79.17,8.33,8.33,8.33,8.33,8.33,8.33,8.33,-2.08,8.33,8.33,8.33,-2.08
196,Finished,9 November 2021  3:14 PM,9 November 2021  3:37 PM,22 mins 25 secs,58.33,-2.08,8.33,8.33,8.33,8.33,8.33,8.33,8.33,8.33,-2.08,-2.08,-2.08
197,Finished,9 November 2021  3:17 PM,9 November 2021  3:38 PM,21 mins 24 secs,57.64,-2.08,-2.78,8.33,-2.08,8.33,8.33,8.33,8.33,8.33,8.33,8.33,-2.08
198,Finished,9 November 2021  3:17 PM,9 November 2021  3:37 PM,20 mins 44 secs,68.06,8.33,-2.78,8.33,8.33,8.33,8.33,8.33,-2.08,8.33,-2.08,8.33,8.33
199,Finished,9 November 2021  3:25 PM,9 November 2021  4:01 PM,35 mins 53 secs,68.75,-2.08,8.33,8.33,-2.08,8.33,-2.08,8.33,8.33,8.33,8.33,8.33,8.33
200,Finished,9 November 2021  3:25 PM,9 November 2021  4:05 PM,40 mins 1 sec,91.67,-,8.33,8.33,8.33,8.33,8.33,8.33,8.33,8.33,8.33,8.33,8.33
201,Finished,9 November 2021  3:30 PM,9 November 2021  4:00 PM,29 mins 52 secs,68.75,-2.08,8.33,8.33,8.33,8.33,8.33,8.33,-2.08,8.33,8.33,8.33,-2.08
202,Finished,9 November 2021  3:30 PM,9 November 2021  4:01 PM,31 mins 36 secs,89.58,8.33,8.33,8.33,8.33,8.33,8.33,8.33,-2.08,8.33,8.33,8.33,8.33
203,Finished,9 November 2021  3:30 PM,9 November 2021  3:51 PM,20 mins 42 secs,37.92,8.33,8.33,8.33,-2.08,-1.67,-2.08,8.33,-2.08,8.33,-2.08,8.33,-2.08
204,Finished,9 November 2021  3:30 PM,9 November 2021  3:54 PM,24 mins 5 secs,26.39,-2.08,-2.78,8.33,-2.08,8.33,-2.08,8.33,-2.08,8.33,-2.08,8.33,-2.08
205,Finished,9 November 2021  3:30 PM,9 November 2021  4:10 PM,40 mins 2 secs,-10.69,-,-2.78,-,-,-1.67,-,-,-,-,-2.08,-2.08,-2.08
206,Finished,9 November 2021  3:30 PM,9 November 2021  4:10 PM,39 mins 58 secs,58.33,-2.08,8.33,-2.08,8.33,8.33,8.33,8.33,8.33,8.33,-2.08,-2.08,8.33
207,Finished,9 November 2021  3:31 PM,9 November 2021  4:06 PM,35 mins 5 secs,57.64,-2.08,-2.78,-2.08,8.33,8.33,8.33,8.33,8.33,8.33,8.33,8.33,-2.08
208,Finished,9 November 2021  3:31 PM,9 November 2021  3:46 PM,15 mins 2 secs,89.58,-2.08,8.33,8.33,8.33,8.33,8.33,8.33,8.33,8.33,8.33,8.33,8.33
209,Finished,9 November 2021  3:31 PM,9 November 2021  3:56 PM,25 mins 7 secs,89.58,-2.08,8.33,8.33,8.33,8.33,8.33,8.33,8.33,8.33,8.33,8.33,8.33
210,Finished,9 November 2021  3:32 PM,9 November 2021  4:05 PM,33 mins 12 secs,47.92,-2.08,8.33,8.33,8.33,8.33,-2.08,-2.08,-2.08,8.33,8.33,8.33,-2.08
211,Finished,9 November 2021  3:32 PM,9 November 2021  4:08 PM,36 mins 13 secs,89.58,8.33,8.33,8.33,8.33,8.33,8.33,8.33,-2.08,8.33,8.33,8.33,8.33
212,Finished,9 November 2021  3:34 PM,9 November 2021  4:06 PM,31 mins 50 secs,47.92,8.33,8.33,-2.08,8.33,8.33,-2.08,8.33,-2.08,8.33,-2.08,8.33,-2.08
213,Finished,9 November 2021  3:35 PM,9 November 2021  4:03 PM,28 mins 4 secs,58.33,-2.08,8.33,8.33,8.33,8.33,-2.08,8.33,-2.08,8.33,8.33,8.33,-2.08
214,Finished,9 November 2021  3:35 PM,9 November 2021  4:16 PM,40 mins 32 secs,15.97,-2.08,-2.78,8.33,-2.08,8.33,8.33,-2.08,-2.08,-2.08,8.33,-2.08,-2.08
215,Finished,9 November 2021  3:35 PM,9 November 2021  3:56 PM,20 mins 51 secs,15.97,8.33,-2.78,-2.08,-2.08,8.33,-2.08,-2.08,-2.08,8.33,-2.08,-2.08,8.33
216,Finished,9 November 2021  3:36 PM,9 November 2021  4:16 PM,40 mins,70.83,8.33,-,8.33,8.33,8.33,8.33,-2.08,-2.08,8.33,8.33,8.33,8.33
217,Finished,9 November 2021  3:36 PM,9 November 2021  4:02 PM,25 mins 28 secs,79.17,-2.08,8.33,8.33,8.33,8.33,8.33,8.33,8.33,8.33,8.33,8.33,-2.08
218,Finished,9 November 2021  3:37 PM,9 November 2021  4:16 PM,39 mins 32 secs,68.75,-2.08,8.33,8.33,-2.08,8.33,8.33,8.33,8.33,8.33,8.33,8.33,-2.08
219,Finished,9 November 2021  3:37 PM,9 November 2021  4:14 PM,36 mins 44 secs,47.22,8.33,-2.78,8.33,-2.08,8.33,-2.08,8.33,-2.08,8.33,8.33,-2.08,8.33
220,Finished,9 November 2021  3:37 PM,9 November 2021  3:52 PM,14 mins 41 secs,37.22,8.33,-2.78,-2.08,8.33,-1.67,-2.08,-2.08,8.33,8.33,8.33,-2.08,8.33
221,Finished,9 November 2021  3:38 PM,9 November 2021  4:16 PM,37 mins 42 secs,100.0,8.33,8.33,8.33,8.33,8.33,8.33,8.33,8.33,8.33,8.33,8.33,8.33
222,Finished,9 November 2021  3:38 PM,9 November 2021  4:16 PM,37 mins 24 secs,36.81,8.33,-2.78,8.33,-2.08,8.33,8.33,8.33,-2.08,-2.08,8.33,-2.08,-2.08
223,Finished,9 November 2021  3:39 PM,9 November 2021  4:03 PM,23 mins 35 secs,5.97,-2.08,-2.78,-2.08,-2.08,-1.67,8.33,-2.08,8.33,8.33,-2.08,-2.08,-2.08
224,Finished,9 November 2021  3:40 PM,9 November 2021  4:08 PM,28 mins 31 secs,47.92,-2.08,8.33,8.33,8.33,8.33,-2.08,8.33,-2.08,8.33,8.33,-2.08,-2.08
225,Finished,9 November 2021  3:40 PM,9 November 2021  4:20 PM,39 mins 47 secs,68.75,-2.08,8.33,8.33,-2.08,8.33,8.33,8.33,-2.08,8.33,8.33,8.33,8.33
226,Finished,9 November 2021  3:52 PM,9 November 2021  4:34 PM,41 mins 46 secs,26.39,-2.08,-2.78,8.33,8.33,8.33,-2.08,8.33,-2.08,-2.08,8.33,-2.08,-2.08
227,Finished,9 November 2021  4:01 PM,9 November 2021  4:37 PM,35 mins 50 secs,79.17,-2.08,8.33,8.33,8.33,8.33,8.33,-2.08,8.33,8.33,8.33,8.33,8.33
228,Finished,9 November 2021  4:05 PM,9 November 2021  4:27 PM,21 mins 46 secs,47.64,-2.08,-2.78,-2.08,8.33,-1.67,8.33,8.33,8.33,8.33,8.33,8.33,-2.08
229,Finished,9 November 2021  4:13 PM,9 November 2021  4:36 PM,23 mins 14 secs,15.97,-2.08,-2.78,-2.08,-2.08,8.33,-2.08,8.33,-2.08,8.33,-2.08,-2.08,8.33
230,Finished,9 November 2021  4:25 PM,9 November 2021  4:41 PM,16 mins 21 secs,36.81,8.33,-2.78,-2.08,-2.08,8.33,8.33,-2.08,8.33,8.33,-2.08,8.33,-2.08
231,Finished,9 November 2021  5:17 PM,9 November 2021  5:42 PM,25 mins 33 secs,79.17,-2.08,8.33,8.33,8.33,8.33,8.33,8.33,8.33,8.33,8.33,-2.08,8.33
232,Finished,13 November 2021  11:20 AM,13 November 2021  11:40 AM,20 mins 2 secs,26.39,-2.08,-2.78,-2.08,-2.08,8.33,-2.08,8.33,8.33,8.33,-2.08,8.33,-2.08
233,Finished,13 November 2021  11:20 AM,13 November 2021  12:00 PM,40 mins,89.58,8.33,8.33,8.33,8.33,8.33,-2.08,8.33,8.33,8.33,8.33,8.33,8.33
234,Finished,13 November 2021  11:20 AM,13 November 2021  11:46 AM,25 mins 58 secs,57.64,-2.08,-2.78,8.33,8.33,8.33,8.33,8.33,-2.08,8.33,8.33,-2.08,8.33
235,Finished,13 November 2021  11:21 AM,13 November 2021  12:01 PM,40 mins 1 sec,12.92,-2.08,-,-,-2.08,-1.67,8.33,-2.08,8.33,8.33,-,-2.08,-2.08
236,Finished,13 November 2021  11:21 AM,13 November 2021  11:42 AM,21 mins 37 secs,58.33,-2.08,8.33,-2.08,8.33,8.33,-2.08,8.33,8.33,8.33,-2.08,8.33,8.33
237,Finished,13 November 2021  11:21 AM,13 November 2021  11:44 AM,23 mins 2 secs,57.64,8.33,-2.78,8.33,8.33,8.33,-2.08,8.33,-2.08,8.33,8.33,-2.08,8.33
238,Finished,13 November 2021  11:21 AM,13 November 2021  11:52 AM,30 mins 51 secs,26.81,-2.08,-2.78,-2.08,8.33,-1.67,8.33,-2.08,-2.08,-2.08,8.33,8.33,8.33
239,Finished,13 November 2021  11:22 AM,13 November 2021  11:40 AM,18 mins 27 secs,47.22,-2.08,-2.78,8.33,8.33,8.33,-2.08,-2.08,8.33,8.33,8.33,8.33,-2.08
240,Finished,13 November 2021  11:22 AM,13 November 2021  11:56 AM,33 mins 50 secs,57.64,8.33,-2.78,8.33,-2.08,8.33,8.33,8.33,-2.08,-2.08,8.33,8.33,8.33
241,Finished,13 November 2021  11:23 AM,13 November 2021  11:59 AM,36 mins 38 secs,68.75,-2.08,8.33,8.33,8.33,8.33,8.33,8.33,-2.08,8.33,8.33,-2.08,8.33
242,Finished,13 November 2021  11:23 AM,13 November 2021  12:03 PM,40 mins 18 secs,66.67,-,-,-,8.33,8.33,-,8.33,8.33,8.33,8.33,8.33,8.33
243,Finished,13 November 2021  11:23 AM,13 November 2021  11:49 AM,25 mins 44 secs,68.06,8.33,-2.78,8.33,-2.08,8.33,8.33,-2.08,8.33,8.33,8.33,8.33,8.33
244,Finished,13 November 2021  11:23 AM,13 November 2021  11:49 AM,26 mins 6 secs,58.33,-2.08,8.33,-2.08,8.33,8.33,8.33,-2.08,-2.08,8.33,8.33,8.33,8.33
245,Finished,13 November 2021  11:23 AM,13 November 2021  11:57 AM,33 mins 29 secs,47.92,-2.08,8.33,-2.08,8.33,8.33,-2.08,-2.08,-2.08,8.33,8.33,8.33,8.33
246,Finished,13 November 2021  11:23 AM,13 November 2021  11:53 AM,29 mins 37 secs,68.75,-2.08,8.33,8.33,8.33,8.33,8.33,8.33,8.33,8.33,8.33,-2.08,-2.08
247,Finished,13 November 2021  11:24 AM,13 November 2021  11:40 AM,16 mins 43 secs,26.39,-2.08,-2.78,8.33,-2.08,8.33,-2.08,8.33,-2.08,-2.08,8.33,8.33,-2.08
248,Finished,13 November 2021  11:24 AM,13 November 2021  12:01 PM,36 mins 45 secs,68.75,-2.08,8.33,8.33,8.33,8.33,8.33,-2.08,8.33,8.33,-2.08,8.33,8.33
249,Finished,13 November 2021  11:24 AM,13 November 2021  11:44 AM,19 mins 41 secs,68.75,-2.08,8.33,8.33,8.33,8.33,8.33,8.33,-2.08,8.33,-2.08,8.33,8.33
250,Finished,13 November 2021  11:24 AM,13 November 2021  12:01 PM,36 mins 55 secs,68.75,8.33,8.33,8.33,8.33,8.33,8.33,-2.08,8.33,8.33,-2.08,-2.08,8.33
251,Finished,13 November 2021  11:24 AM,13 November 2021  11:53 AM,28 mins 56 secs,17.08,8.33,8.33,-2.08,-2.08,-1.67,-2.08,-2.08,8.33,8.33,-2.08,-2.08,-2.08
252,Finished,13 November 2021  11:25 AM,13 November 2021  11:39 AM,13 mins 42 secs,26.81,-2.08,-2.78,8.33,-2.08,-1.67,8.33,-2.08,-2.08,8.33,8.33,-2.08,8.33
253,Finished,13 November 2021  11:25 AM,13 November 2021  12:05 PM,39 mins 45 secs,68.06,-2.08,-2.78,8.33,8.33,8.33,8.33,8.33,8.33,8.33,-2.08,8.33,8.33
254,Finished,13 November 2021  11:25 AM,13 November 2021  12:07 PM,41 mins 5 secs,12.5,-,-,-,8.33,-,8.33,-2.08,-,-,-,-2.08,-
255,Finished,13 November 2021  11:26 AM,13 November 2021  11:57 AM,31 mins 19 secs,58.33,8.33,8.33,8.33,8.33,8.33,8.33,-2.08,-2.08,8.33,-2.08,8.33,-2.08
256,Finished,13 November 2021  11:26 AM,13 November 2021  12:03 PM,37 mins 17 secs,100.0,8.33,8.33,8.33,8.33,8.33,8.33,8.33,8.33,8.33,8.33,8.33,8.33
257,Finished,13 November 2021  11:26 AM,13 November 2021  12:06 PM,39 mins 46 secs,89.58,-2.08,8.33,8.33,8.33,8.33,8.33,8.33,8.33,8.33,8.33,8.33,8.33
258,Finished,13 November 2021  11:27 AM,13 November 2021  12:02 PM,35 mins 4 secs,48.33,8.33,8.33,8.33,8.33,-1.67,-2.08,8.33,-2.08,8.33,-2.08,8.33,-2.08
259,Finished,13 November 2021  11:27 AM,13 November 2021  12:06 PM,39 mins 33 secs,17.08,-2.08,8.33,-2.08,-2.08,-1.67,-2.08,8.33,8.33,-2.08,-2.08,8.33,-2.08
260,Finished,13 November 2021  11:27 AM,13 November 2021  12:01 PM,33 mins 57 secs,57.64,-2.08,-2.78,8.33,-2.08,8.33,8.33,8.33,-2.08,8.33,8.33,8.33,8.33
261,Finished,13 November 2021  11:27 AM,13 November 2021  11:57 AM,29 mins 59 secs,79.17,8.33,8.33,-2.08,8.33,8.33,8.33,8.33,-2.08,8.33,8.33,8.33,8.33
262,Finished,13 November 2021  11:27 AM,13 November 2021  12:07 PM,39 mins 15 secs,48.33,8.33,8.33,-2.08,8.33,-1.67,8.33,-2.08,8.33,-2.08,8.33,8.33,-2.08
263,Finished,13 November 2021  11:28 AM,13 November 2021  11:53 AM,24 mins 56 secs,47.92,-2.08,8.33,8.33,-2.08,8.33,-2.08,-2.08,-2.08,8.33,8.33,8.33,8.33
264,Finished,13 November 2021  11:28 AM,13 November 2021  12:01 PM,32 mins 34 secs,79.17,-2.08,8.33,8.33,8.33,8.33,8.33,8.33,-2.08,8.33,8.33,8.33,8.33
265,Finished,13 November 2021  11:28 AM,13 November 2021  12:01 PM,33 mins 4 secs,27.5,8.33,8.33,-2.08,-2.08,-1.67,8.33,-2.08,-2.08,8.33,-2.08,8.33,-2.08
266,Finished,13 November 2021  11:28 AM,13 November 2021  11:59 AM,31 mins 4 secs,68.06,-2.08,-2.78,8.33,8.33,8.33,8.33,8.33,-2.08,8.33,8.33,8.33,8.33
267,Finished,13 November 2021  11:28 AM,13 November 2021  12:08 PM,39 mins 59 secs,20.14,-,-2.78,-,8.33,-,8.33,-,-2.08,-,-,-,8.33
268,Finished,13 November 2021  11:28 AM,13 November 2021  11:59 AM,30 mins 47 secs,17.08,8.33,8.33,8.33,-2.08,-1.67,-2.08,-2.08,-2.08,8.33,-2.08,-2.08,-2.08
269,Finished,13 November 2021  11:28 AM,13 November 2021  12:06 PM,37 mins 10 secs,15.97,-2.08,-2.78,-2.08,-2.08,8.33,8.33,-2.08,-2.08,-2.08,8.33,8.33,-2.08
270,Finished,13 November 2021  11:28 AM,13 November 2021  12:08 PM,40 mins 1 sec,70.83,8.33,8.33,8.33,-2.08,8.33,-,8.33,8.33,8.33,8.33,8.33,-2.08
271,Finished,13 November 2021  11:29 AM,13 November 2021  11:51 AM,22 mins 20 secs,27.5,8.33,8.33,-2.08,8.33,-1.67,8.33,-2.08,-2.08,8.33,-2.08,-2.08,-2.08
272,Finished,13 November 2021  11:29 AM,13 November 2021  11:50 AM,21 mins 40 secs,15.97,-2.08,-2.78,-2.08,-2.08,8.33,-2.08,-2.08,-2.08,8.33,-2.08,8.33,8.33
273,Finished,13 November 2021  11:29 AM,13 November 2021  11:55 AM,26 mins 32 secs,89.58,8.33,8.33,-2.08,8.33,8.33,8.33,8.33,8.33,8.33,8.33,8.33,8.33
274,Finished,13 November 2021  11:29 AM,13 November 2021  12:05 PM,36 mins,79.17,-2.08,8.33,8.33,8.33,8.33,-2.08,8.33,8.33,8.33,8.33,8.33,8.33
275,Finished,13 November 2021  11:29 AM,13 November 2021  12:02 PM,33 mins 35 secs,47.92,-2.08,8.33,8.33,8.33,8.33,-2.08,8.33,-2.08,8.33,8.33,-2.08,-2.08
276,Finished,13 November 2021  11:29 AM,13 November 2021  11:48 AM,18 mins 51 secs,79.17,-2.08,8.33,-2.08,8.33,8.33,8.33,8.33,8.33,8.33,8.33,8.33,8.33
277,Finished,13 November 2021  11:29 AM,13 November 2021  11:57 AM,27 mins 57 secs,58.33,-2.08,8.33,-2.08,8.33,8.33,8.33,8.33,-2.08,8.33,8.33,8.33,-2.08
278,Finished,13 November 2021  11:29 AM,13 November 2021  12:09 PM,40 mins,37.5,-2.08,8.33,-2.08,-2.08,8.33,8.33,-2.08,8.33,8.33,-2.08,8.33,-2.08
279,Finished,13 November 2021  11:29 AM,13 November 2021  12:11 PM,41 mins 28 secs,16.39,8.33,-2.78,-2.08,-2.08,-1.67,-2.08,8.33,8.33,-2.08,8.33,-2.08,-2.08
280,Finished,13 November 2021  11:29 AM,13 November 2021  11:53 AM,23 mins 42 secs,48.33,-2.08,8.33,8.33,8.33,-1.67,8.33,8.33,-2.08,-2.08,8.33,-2.08,8.33
281,Finished,13 November 2021  11:29 AM,13 November 2021  12:08 PM,39 mins 11 secs,26.81,8.33,-2.78,8.33,-2.08,-1.67,-2.08,-2.08,-2.08,8.33,8.33,8.33,-2.08
282,Finished,13 November 2021  11:29 AM,13 November 2021  11:48 AM,18 mins 23 secs,68.75,-2.08,8.33,-2.08,8.33,8.33,-2.08,8.33,8.33,8.33,8.33,8.33,8.33
283,Finished,13 November 2021  11:30 AM,13 November 2021  11:47 AM,16 mins 57 secs,89.58,-2.08,8.33,8.33,8.33,8.33,8.33,8.33,8.33,8.33,8.33,8.33,8.33
284,Finished,13 November 2021  11:30 AM,13 November 2021  11:55 AM,24 mins 45 secs,47.22,-2.08,-2.78,-2.08,8.33,8.33,8.33,8.33,-2.08,8.33,8.33,8.33,-2.08
285,Finished,13 November 2021  11:30 AM,13 November 2021  11:57 AM,27 mins 12 secs,79.17,8.33,8.33,8.33,8.33,8.33,8.33,-2.08,8.33,8.33,8.33,8.33,-2.08
286,Finished,13 November 2021  11:30 AM,13 November 2021  11:43 AM,12 mins 37 secs,47.92,-2.08,8.33,-2.08,8.33,8.33,8.33,8.33,8.33,8.33,-2.08,-2.08,-2.08
287,Finished,13 November 2021  11:31 AM,13 November 2021  11:51 AM,20 mins 9 secs,68.06,8.33,-2.78,8.33,8.33,8.33,8.33,8.33,-2.08,8.33,8.33,8.33,-2.08
288,Finished,13 November 2021  11:31 AM,13 November 2021  12:11 PM,40 mins 1 sec,89.58,-2.08,8.33,8.33,8.33,8.33,8.33,8.33,8.33,8.33,8.33,8.33,8.33
289,Finished,13 November 2021  11:31 AM,13 November 2021  12:00 PM,28 mins 58 secs,37.5,-2.08,8.33,8.33,-2.08,8.33,8.33,-2.08,-2.08,8.33,8.33,-2.08,-2.08
290,Finished,13 November 2021  11:31 AM,13 November 2021  12:11 PM,40 mins,47.22,-2.08,-2.78,8.33,8.33,8.33,8.33,8.33,-2.08,8.33,-2.08,8.33,-2.08
291,Finished,13 November 2021  11:31 AM,13 November 2021  11:56 AM,24 mins 39 secs,48.33,-2.08,8.33,-2.08,8.33,-1.67,-2.08,-2.08,8.33,8.33,8.33,8.33,8.33
292,Finished,13 November 2021  11:31 AM,13 November 2021  11:58 AM,26 mins 49 secs,26.81,-2.08,-2.78,8.33,-2.08,-1.67,8.33,-2.08,-2.08,-2.08,8.33,8.33,8.33
293,Finished,13 November 2021  11:31 AM,13 November 2021  12:08 PM,36 mins 6 secs,89.58,-2.08,8.33,8.33,8.33,8.33,8.33,8.33,8.33,8.33,8.33,8.33,8.33
294,Finished,13 November 2021  11:32 AM,13 November 2021  11:58 AM,26 mins 16 secs,100.0,8.33,8.33,8.33,8.33,8.33,8.33,8.33,8.33,8.33,8.33,8.33,8.33
295,Finished,13 November 2021  11:32 AM,13 November 2021  11:55 AM,22 mins 31 secs,5.97,-2.08,-2.78,-2.08,-2.08,-1.67,-2.08,8.33,8.33,-2.08,8.33,-2.08,-2.08
296,Finished,13 November 2021  11:33 AM,13 November 2021  11:58 AM,25 mins 23 secs,37.5,-2.08,8.33,8.33,-2.08,8.33,8.33,8.33,-2.08,-2.08,8.33,-2.08,-2.08
297,Finished,13 November 2021  11:33 AM,13 November 2021  12:01 PM,28 mins,37.5,-2.08,8.33,8.33,-2.08,8.33,8.33,8.33,-2.08,8.33,-2.08,-2.08,-2.08
298,Finished,13 November 2021  11:33 AM,13 November 2021  12:13 PM,40 mins 1 sec,54.58,8.33,8.33,-,-,-1.67,-2.08,8.33,8.33,8.33,-,8.33,8.33
299,Finished,13 November 2021  11:33 AM,13 November 2021  12:06 PM,33 mins 2 secs,47.92,-2.08,8.33,8.33,-2.08,8.33,8.33,8.33,-2.08,8.33,-2.08,-2.08,8.33
300,Finished,13 November 2021  11:33 AM,13 November 2021  12:00 PM,27 mins,37.5,-2.08,8.33,-2.08,-2.08,8.33,-2.08,-2.08,-2.08,8.33,8.33,8.33,8.33
301,Finished,13 November 2021  11:34 AM,13 November 2021  11:50 AM,15 mins 27 secs,68.06,8.33,-2.78,8.33,-2.08,8.33,8.33,8.33,8.33,8.33,8.33,8.33,-2.08
302,Finished,13 November 2021  11:34 AM,13 November 2021  12:06 PM,31 mins 5 secs,78.47,8.33,-2.78,8.33,8.33,8.33,8.33,8.33,8.33,8.33,8.33,8.33,-2.08
303,Finished,13 November 2021  11:36 AM,13 November 2021  12:09 PM,33 mins 39 secs,26.39,-2.08,-2.78,8.33,-2.08,8.33,-2.08,-2.08,-2.08,-2.08,8.33,8.33,8.33
304,Finished,13 November 2021  11:36 AM,13 November 2021  12:16 PM,39 mins 26 secs,57.64,-2.08,-2.78,8.33,8.33,8.33,8.33,-2.08,-2.08,8.33,8.33,8.33,8.33
305,Finished,13 November 2021  11:36 AM,13 November 2021  12:16 PM,39 mins 43 secs,57.64,-2.08,-2.78,8.33,8.33,8.33,8.33,-2.08,-2.08,8.33,8.33,8.33,8.33
306,Finished,13 November 2021  11:36 AM,13 November 2021  12:00 PM,23 mins 51 secs,36.81,-2.08,-2.78,-2.08,8.33,8.33,8.33,8.33,-2.08,8.33,-2.08,-2.08,8.33
307,Finished,13 November 2021  11:36 AM,13 November 2021  12:00 PM,23 mins 56 secs,78.47,8.33,-2.78,8.33,8.33,8.33,8.33,8.33,-2.08,8.33,8.33,8.33,8.33
308,Finished,13 November 2021  11:37 AM,13 November 2021  11:58 AM,21 mins 30 secs,78.47,8.33,-2.78,8.33,8.33,8.33,8.33,8.33,-2.08,8.33,8.33,8.33,8.33
309,Finished,13 November 2021  11:39 AM,13 November 2021  12:01 PM,22 mins 39 secs,37.5,8.33,8.33,-2.08,-2.08,8.33,8.33,-2.08,-2.08,8.33,-2.08,-2.08,8.33
310,Finished,13 November 2021  11:40 AM,13 November 2021  12:11 PM,31 mins 7 secs,79.17,-2.08,8.33,8.33,8.33,8.33,8.33,-2.08,8.33,8.33,8.33,8.33,8.33
311,Finished,13 November 2021  11:40 AM,13 November 2021  12:06 PM,26 mins 37 secs,47.92,8.33,8.33,8.33,-2.08,8.33,-2.08,-2.08,-2.08,8.33,8.33,8.33,-2.08
312,Finished,13 November 2021  11:40 AM,13 November 2021  12:14 PM,34 mins 17 secs,36.81,-2.08,-2.78,8.33,-2.08,8.33,8.33,-2.08,8.33,8.33,-2.08,-2.08,8.33
313,Finished,13 November 2021  11:40 AM,13 November 2021  12:20 PM,40 mins,-1.67,8.33,-,8.33,-2.08,-1.67,-2.08,-2.08,-2.08,-2.08,-2.08,-2.08,-2.08
314,Finished,13 November 2021  11:41 AM,13 November 2021  12:08 PM,26 mins 40 secs,58.33,-2.08,8.33,8.33,8.33,8.33,8.33,8.33,-2.08,8.33,-2.08,8.33,-2.08
315,Finished,13 November 2021  11:42 AM,13 November 2021  11:55 AM,13 mins 7 secs,47.92,-2.08,8.33,8.33,-2.08,8.33,8.33,-2.08,-2.08,8.33,-2.08,8.33,8.33
316,Finished,13 November 2021  11:42 AM,13 November 2021  12:16 PM,34 mins 18 secs,-3.75,-2.08,8.33,8.33,-2.08,-1.67,-2.08,-2.08,-2.08,-2.08,-2.08,-2.08,-2.08
317,Finished,13 November 2021  11:42 AM,13 November 2021  11:52 AM,9 mins 38 secs,17.08,-2.08,8.33,8.33,-2.08,-1.67,-2.08,-2.08,8.33,-2.08,-2.08,-2.08,8.33
318,Finished,13 November 2021  11:42 AM,13 November 2021  12:07 PM,24 mins 29 secs,27.5,-2.08,8.33,8.33,-2.08,-1.67,-2.08,8.33,-2.08,-2.08,8.33,8.33,-2.08
319,Finished,13 November 2021  11:44 AM,13 November 2021  12:24 PM,40 mins,49.31,-2.08,-2.78,8.33,8.33,8.33,8.33,8.33,-,8.33,8.33,-2.08,-2.08
320,Finished,13 November 2021  11:44 AM,13 November 2021  12:07 PM,22 mins 52 secs,68.75,-2.08,8.33,8.33,8.33,8.33,-2.08,8.33,8.33,8.33,8.33,-2.08,8.33
321,Finished,13 November 2021  11:45 AM,13 November 2021  12:08 PM,23 mins 40 secs,79.17,-2.08,8.33,8.33,8.33,8.33,8.33,8.33,-2.08,8.33,8.33,8.33,8.33
322,Finished,13 November 2021  11:45 AM,13 November 2021  12:08 PM,22 mins 49 secs,47.22,8.33,-2.78,-2.08,-2.08,8.33,-2.08,8.33,8.33,8.33,-2.08,8.33,8.33
323,Finished,13 November 2021  11:45 AM,13 November 2021  12:08 PM,22 mins 40 secs,36.81,8.33,-2.78,-2.08,-2.08,8.33,-2.08,8.33,8.33,8.33,-2.08,8.33,-2.08
324,Finished,13 November 2021  11:45 AM,13 November 2021  11:54 AM,8 mins 35 secs,15.97,-2.08,-2.78,-2.08,8.33,8.33,8.33,-2.08,-2.08,-2.08,-2.08,-2.08,8.33
325,Finished,13 November 2021  11:46 AM,13 November 2021  12:22 PM,35 mins 59 secs,47.92,-2.08,8.33,-2.08,-2.08,8.33,8.33,8.33,-2.08,8.33,-2.08,8.33,8.33
326,Finished,13 November 2021  11:49 AM,13 November 2021  12:29 PM,40 mins 1 sec,39.58,8.33,8.33,-,-,-,8.33,-2.08,-,8.33,-,-,8.33
327,Finished,13 November 2021  11:49 AM,13 November 2021  12:31 PM,41 mins 5 secs,15.97,-2.08,-2.78,-2.08,-2.08,8.33,-2.08,8.33,-2.08,8.33,-2.08,8.33,-2.08
328,Finished,13 November 2021  11:50 AM,13 November 2021  12:07 PM,17 mins 38 secs,47.92,8.33,8.33,8.33,-2.08,8.33,-2.08,-2.08,8.33,8.33,8.33,-2.08,-2.08
329,Finished,13 November 2021  11:52 AM,13 November 2021  12:32 PM,40 mins,68.75,8.33,8.33,-2.08,8.33,8.33,8.33,8.33,-2.08,8.33,-2.08,8.33,8.33
330,Finished,13 November 2021  11:59 AM,13 November 2021  12:28 PM,29 mins 20 secs,16.67,-2.08,8.33,-2.08,-2.08,8.33,-2.08,-2.08,-2.08,8.33,8.33,-2.08,-2.08
331,Finished,13 November 2021  12:01 PM,13 November 2021  12:18 PM,16 mins 49 secs,5.56,-2.08,-2.78,-2.08,-2.08,8.33,-2.08,8.33,-2.08,8.33,-2.08,-2.08,-2.08
332,Finished,13 November 2021  12:03 PM,13 November 2021  12:43 PM,40 mins,37.92,8.33,8.33,-2.08,8.33,-1.67,8.33,-2.08,-2.08,-2.08,8.33,8.33,-2.08
333,Finished,13 November 2021  12:06 PM,13 November 2021  12:46 PM,40 mins,-4.44,-2.08,-2.78,-2.08,-2.08,-1.67,-2.08,-2.08,-2.08,8.33,-2.08,8.33,-2.08
334,Finished,13 November 2021  12:10 PM,13 November 2021  12:50 PM,39 mins 54 secs,-15.28,-2.08,-2.78,-2.08,-2.08,8.33,-2.08,-2.08,-2.08,-2.08,-2.08,-2.08,-2.08
335,Finished,13 November 2021  12:12 PM,13 November 2021  12:34 PM,21 mins 53 secs,89.58,-2.08,8.33,8.33,8.33,8.33,8.33,8.33,8.33,8.33,8.33,8.33,8.33
336,Finished,13 November 2021  12:12 PM,13 November 2021  12:52 PM,40 mins 1 sec,47.92,8.33,-,8.33,8.33,8.33,-,-2.08,-,8.33,-,8.33,-
337,Finished,13 November 2021  12:14 PM,13 November 2021  12:51 PM,37 mins 29 secs,26.39,-2.08,-2.78,-2.08,8.33,8.33,-2.08,-2.08,8.33,8.33,-2.08,8.33,-2.08
338,Finished,13 November 2021  12:16 PM,13 November 2021  12:56 PM,39 mins 36 secs,68.75,8.33,8.33,-2.08,8.33,8.33,-2.08,8.33,-2.08,8.33,8.33,8.33,8.33
339,Finished,13 November 2021  12:18 PM,13 November 2021  12:37 PM,18 mins 48 secs,58.33,8.33,8.33,8.33,-2.08,8.33,-2.08,8.33,-2.08,8.33,8.33,8.33,-2.08
340,Finished,13 November 2021  12:22 PM,13 November 2021  12:35 PM,13 mins 19 secs,27.08,-2.08,8.33,-2.08,-2.08,8.33,8.33,-2.08,-2.08,-2.08,8.33,8.33,-2.08
341,Finished,13 November 2021  12:26 PM,13 November 2021  12:39 PM,13 mins 22 secs,36.81,-2.08,-2.78,-2.08,8.33,8.33,8.33,8.33,-2.08,8.33,8.33,-2.08,-2.08
342,Finished,13 November 2021  12:48 PM,13 November 2021  1:14 PM,25 mins 50 secs,-4.44,-2.08,-2.78,8.33,-2.08,-1.67,-2.08,8.33,-2.08,-2.08,-2.08,-2.08,-2.08
343,Finished,13 November 2021  12:50 PM,13 November 2021  1:15 PM,24 mins 58 secs,-25.28,-2.08,-2.78,-2.08,-2.08,-1.67,-2.08,-2.08,-2.08,-2.08,-2.08,-2.08,-2.08
344,Finished,13 November 2021  12:56 PM,13 November 2021  1:23 PM,27 mins 10 secs,57.64,-2.08,-2.78,8.33,8.33,8.33,8.33,8.33,8.33,8.33,8.33,-2.08,-2.08
345,Finished,13 November 2021  1:38 PM,13 November 2021  1:46 PM,7 mins 54 secs,58.33,8.33,8.33,-2.08,8.33,8.33,-2.08,8.33,-2.08,-2.08,8.33,8.33,8.33
346,Finished,13 November 2021  2:50 PM,13 November 2021  3:22 PM,32 mins 36 secs,26.39,-2.08,-2.78,8.33,-2.08,8.33,-2.08,-2.08,-2.08,8.33,8.33,8.33,-2.08
347,Finished,13 November 2021  3:52 PM,13 November 2021  4:30 PM,38 mins 32 secs,37.92,-2.08,8.33,8.33,-2.08,-1.67,8.33,8.33,8.33,8.33,-2.08,-2.08,-2.08
348,Finished,13 November 2021  4:57 PM,13 November 2021  5:39 PM,41 mins 23 secs,8.33,-,-,-,-,-,-,8.33,-,-,-,-,-
