Email address,State,Started on,Completed,Time taken,Grade/100.00,Q. 1 /9.09,Q. 2 /9.09,Q. 3 /9.09,Q. 4 /9.09,Q. 5 /9.09,Q. 6 /9.09,Q. 7 /9.09,Q. 8 /36.36
34,Finished,9 November 2020  10:00 AM,9 November 2020  10:15 AM,15 mins,29.55,-2.27,9.09,-2.27,9.09,9.09,9.09,-2.27,0.00
10,Finished,9 November 2020  10:00 AM,9 November 2020  10:15 AM,15 mins,3.03,-2.27,9.09,-2.27,0.00,-2.27,3.03,-2.27,0.00
8,Finished,9 November 2020  10:00 AM,9 November 2020  10:15 AM,15 mins,71.21,9.09,9.09,-2.27,9.09,9.09,3.03,-2.27,36.36
13,Finished,9 November 2020  10:00 AM,9 November 2020  10:15 AM,14 mins 40 secs,52.27,9.09,9.09,9.09,9.09,9.09,9.09,-2.27,0.00
24,Finished,9 November 2020  10:00 AM,9 November 2020  10:15 AM,15 mins,59.09,9.09,9.09,-2.27,0.00,-2.27,9.09,-,36.36
55,Finished,9 November 2020  10:00 AM,9 November 2020  10:15 AM,14 mins 59 secs,37.88,9.09,9.09,-2.27,9.09,9.09,6.06,-2.27,0.00
62,Finished,9 November 2020  10:00 AM,9 November 2020  10:15 AM,15 mins,68.18,9.09,9.09,-2.27,0.00,9.09,9.09,-2.27,36.36
23,Finished,9 November 2020  10:00 AM,9 November 2020  10:13 AM,12 mins 31 secs,73.48,9.09,9.09,9.09,0.00,9.09,3.03,-2.27,36.36
73,Finished,9 November 2020  10:00 AM,9 November 2020  10:15 AM,15 mins 1 sec,27.27,-,9.09,9.09,-,-,9.09,-,0.00
48,Finished,9 November 2020  10:00 AM,9 November 2020  10:14 AM,13 mins 35 secs,-4.55,-,-,-2.27,-,-2.27,-,-,0.00
25,Finished,9 November 2020  10:00 AM,9 November 2020  10:15 AM,15 mins,22.73,9.09,9.09,-,0.00,-2.27,9.09,-2.27,0.00
14,Finished,9 November 2020  10:00 AM,9 November 2020  10:15 AM,15 mins,65.15,9.09,9.09,-2.27,-,9.09,6.06,-2.27,36.36
12,Finished,9 November 2020  10:01 AM,9 November 2020  10:16 AM,15 mins,62.12,9.09,9.09,-2.27,-,9.09,3.03,-2.27,36.36
16,Finished,9 November 2020  10:01 AM,9 November 2020  10:16 AM,14 mins 59 secs,79.55,9.09,9.09,9.09,0.00,9.09,9.09,-2.27,36.36
15,Finished,9 November 2020  10:01 AM,9 November 2020  10:16 AM,14 mins 58 secs,88.64,9.09,9.09,9.09,9.09,9.09,9.09,-2.27,36.36
11,Finished,9 November 2020  10:01 AM,9 November 2020  10:16 AM,15 mins,47.73,9.09,9.09,-2.27,-,-2.27,-,-2.27,36.36
35,Finished,9 November 2020  10:01 AM,9 November 2020  10:16 AM,15 mins,14.39,-2.27,9.09,-2.27,9.09,-2.27,3.03,-,-
4,Finished,9 November 2020  10:01 AM,9 November 2020  10:12 AM,10 mins 56 secs,74.24,9.09,9.09,-2.27,9.09,9.09,6.06,-2.27,36.36
63,Finished,9 November 2020  10:01 AM,9 November 2020  10:15 AM,13 mins 47 secs,37.12,9.09,9.09,9.09,0.00,-2.27,3.03,9.09,0.00
18,Finished,9 November 2020  10:01 AM,9 November 2020  10:16 AM,15 mins 1 sec,5.3,9.09,-2.27,-2.27,0.00,-2.27,3.03,-,0.00
20,Finished,9 November 2020  10:01 AM,9 November 2020  10:16 AM,15 mins,31.82,9.09,9.09,-2.27,9.09,-2.27,9.09,-,0.00
17,Finished,9 November 2020  10:01 AM,9 November 2020  10:16 AM,15 mins,28.03,-2.27,-2.27,-2.27,0.00,-2.27,3.03,-2.27,36.36
6,Finished,9 November 2020  10:01 AM,9 November 2020  10:12 AM,11 mins 30 secs,39.39,-2.27,9.09,-2.27,0.00,-2.27,3.03,-2.27,36.36
79,Finished,9 November 2020  10:01 AM,9 November 2020  10:14 AM,12 mins 29 secs,29.55,-2.27,9.09,-2.27,9.09,-2.27,9.09,9.09,0.00
21,Finished,9 November 2020  10:01 AM,9 November 2020  10:16 AM,15 mins,34.09,9.09,9.09,-2.27,0.00,9.09,9.09,-,0.00
3,Finished,9 November 2020  10:01 AM,9 November 2020  10:10 AM,9 mins 8 secs,71.21,9.09,9.09,-2.27,9.09,-2.27,3.03,9.09,36.36
22,Finished,9 November 2020  10:01 AM,9 November 2020  10:16 AM,15 mins,0.76,-,-,-2.27,0.00,-,3.03,-,0.00
65,Finished,9 November 2020  10:01 AM,9 November 2020  10:15 AM,13 mins 26 secs,88.64,9.09,9.09,9.09,9.09,9.09,9.09,-2.27,36.36
9,Finished,9 November 2020  10:01 AM,9 November 2020  10:15 AM,13 mins 35 secs,14.39,9.09,9.09,-2.27,0.00,-2.27,3.03,-2.27,0.00
37,Finished,9 November 2020  10:01 AM,9 November 2020  10:16 AM,15 mins 1 sec,18.18,9.09,9.09,-,-,-,-,-,0.00
19,Finished,9 November 2020  10:01 AM,9 November 2020  10:15 AM,13 mins 47 secs,20.45,9.09,-2.27,-2.27,0.00,9.09,9.09,-2.27,0.00
33,Finished,9 November 2020  10:01 AM,9 November 2020  10:16 AM,15 mins 1 sec,28.03,9.09,9.09,9.09,-,-2.27,3.03,-,-
41,Finished,9 November 2020  10:02 AM,9 November 2020  10:17 AM,15 mins 1 sec,88.64,9.09,-2.27,9.09,9.09,9.09,9.09,9.09,36.36
26,Finished,9 November 2020  10:02 AM,9 November 2020  10:17 AM,15 mins 1 sec,77.27,9.09,9.09,-2.27,9.09,9.09,9.09,-2.27,36.36
68,Finished,9 November 2020  10:02 AM,9 November 2020  10:17 AM,15 mins 1 sec,68.18,9.09,-2.27,9.09,0.00,-2.27,9.09,9.09,36.36
27,Finished,9 November 2020  10:02 AM,9 November 2020  10:16 AM,14 mins 24 secs,68.18,9.09,9.09,-2.27,9.09,-2.27,9.09,-,36.36
29,Finished,9 November 2020  10:02 AM,9 November 2020  10:17 AM,15 mins 1 sec,50.0,9.09,-,-2.27,-,-,9.09,-2.27,36.36
54,Finished,9 November 2020  10:02 AM,9 November 2020  10:15 AM,12 mins 36 secs,23.48,-2.27,9.09,-2.27,9.09,9.09,3.03,-2.27,0.00
31,Finished,9 November 2020  10:02 AM,9 November 2020  10:17 AM,15 mins,56.82,-2.27,9.09,-2.27,0.00,9.09,9.09,-2.27,36.36
59,Finished,9 November 2020  10:02 AM,9 November 2020  10:15 AM,13 mins 13 secs,29.55,9.09,9.09,-2.27,9.09,-2.27,9.09,-2.27,0.00
32,Finished,9 November 2020  10:02 AM,9 November 2020  10:17 AM,15 mins,52.27,-,9.09,-,-,-2.27,9.09,-,36.36
28,Finished,9 November 2020  10:02 AM,9 November 2020  10:17 AM,14 mins 42 secs,20.45,9.09,9.09,-2.27,0.00,-2.27,9.09,-2.27,0.00
75,Finished,9 November 2020  10:02 AM,9 November 2020  10:17 AM,15 mins,71.21,-2.27,9.09,-2.27,9.09,9.09,3.03,9.09,36.36
42,Finished,9 November 2020  10:03 AM,9 November 2020  10:18 AM,15 mins 1 sec,68.18,9.09,9.09,-2.27,0.00,9.09,9.09,-2.27,36.36
7,Finished,9 November 2020  10:03 AM,9 November 2020  10:14 AM,11 mins 46 secs,43.94,-2.27,-,-2.27,-,9.09,3.03,-,36.36
43,Finished,9 November 2020  10:03 AM,9 November 2020  10:18 AM,15 mins 2 secs,73.48,9.09,9.09,9.09,0.00,9.09,3.03,-2.27,36.36
40,Finished,9 November 2020  10:03 AM,9 November 2020  10:18 AM,14 mins 58 secs,29.55,9.09,-2.27,9.09,9.09,-2.27,9.09,-2.27,0.00
38,Finished,9 November 2020  10:03 AM,9 November 2020  10:18 AM,15 mins,-9.09,-2.27,-,-2.27,-,-2.27,-,-2.27,0.00
30,Finished,9 November 2020  10:03 AM,9 November 2020  10:17 AM,13 mins 51 secs,20.45,9.09,9.09,-2.27,0.00,-2.27,9.09,-2.27,0.00
46,Finished,9 November 2020  10:03 AM,9 November 2020  10:18 AM,15 mins,29.55,9.09,9.09,-2.27,9.09,-2.27,9.09,-2.27,0.00
53,Finished,9 November 2020  10:03 AM,9 November 2020  10:18 AM,15 mins 1 sec,68.18,9.09,9.09,-2.27,0.00,9.09,9.09,-2.27,36.36
51,Finished,9 November 2020  10:03 AM,9 November 2020  10:18 AM,15 mins 1 sec,65.15,9.09,9.09,-2.27,9.09,-2.27,6.06,-,36.36
52,Finished,9 November 2020  10:03 AM,9 November 2020  10:18 AM,15 mins,52.27,-2.27,-,-,9.09,-,9.09,-,36.36
39,Finished,9 November 2020  10:03 AM,9 November 2020  10:18 AM,14 mins 57 secs,68.18,9.09,9.09,-2.27,0.00,9.09,9.09,-2.27,36.36
58,Finished,9 November 2020  10:03 AM,9 November 2020  10:18 AM,15 mins,22.73,9.09,9.09,-2.27,0.00,-2.27,-,9.09,0.00
44,Finished,9 November 2020  10:04 AM,9 November 2020  10:19 AM,15 mins,34.09,9.09,9.09,9.09,-,-2.27,9.09,-,-
47,Finished,9 November 2020  10:04 AM,9 November 2020  10:19 AM,15 mins,1.52,-2.27,-2.27,-,-,-,6.06,-,-
45,Finished,9 November 2020  10:04 AM,9 November 2020  10:19 AM,15 mins,15.91,-2.27,9.09,-,-,9.09,-,-,0.00
36,Finished,9 November 2020  10:05 AM,9 November 2020  10:17 AM,11 mins 50 secs,14.39,9.09,9.09,-2.27,0.00,-2.27,3.03,-2.27,0.00
66,Finished,9 November 2020  10:06 AM,9 November 2020  10:21 AM,15 mins,62.12,9.09,9.09,9.09,0.00,-2.27,3.03,-2.27,36.36
50,Finished,9 November 2020  10:06 AM,9 November 2020  10:20 AM,14 mins 32 secs,81.82,9.09,9.09,9.09,-,9.09,9.09,-,36.36
61,Finished,9 November 2020  10:06 AM,9 November 2020  10:21 AM,15 mins,52.27,9.09,9.09,9.09,9.09,9.09,9.09,-2.27,0.00
56,Finished,9 November 2020  10:07 AM,9 November 2020  10:22 AM,15 mins,50.0,-,9.09,-2.27,0.00,9.09,-,-2.27,36.36
1,Finished,9 November 2020  10:07 AM,9 November 2020  10:20 AM,13 mins 19 secs,71.21,9.09,9.09,-2.27,9.09,9.09,3.03,-2.27,36.36
67,Finished,9 November 2020  10:07 AM,9 November 2020  10:24 AM,16 mins 24 secs,79.55,9.09,9.09,-2.27,9.09,9.09,9.09,-,36.36
64,Finished,9 November 2020  10:08 AM,9 November 2020  10:23 AM,15 mins 1 sec,73.48,-2.27,9.09,9.09,0.00,9.09,3.03,9.09,36.36
57,Finished,9 November 2020  10:08 AM,9 November 2020  10:22 AM,13 mins 51 secs,11.36,-2.27,-2.27,-2.27,0.00,9.09,9.09,-,0.00
5,Finished,9 November 2020  10:08 AM,9 November 2020  10:25 AM,16 mins 11 secs,0.0,-,-,-,-,-,-,-,-
72,Finished,9 November 2020  10:09 AM,9 November 2020  10:23 AM,14 mins 42 secs,37.88,9.09,9.09,-2.27,9.09,9.09,6.06,-2.27,0.00
49,Finished,9 November 2020  10:09 AM,9 November 2020  10:20 AM,10 mins 54 secs,31.82,9.09,9.09,-2.27,0.00,-2.27,9.09,9.09,0.00
60,Finished,9 November 2020  10:11 AM,9 November 2020  10:23 AM,12 mins,77.27,9.09,9.09,-2.27,9.09,9.09,9.09,-2.27,36.36
76,Finished,9 November 2020  10:11 AM,9 November 2020  10:26 AM,15 mins,-2.27,-2.27,-,-,-,-,-,-,-
71,Finished,9 November 2020  10:12 AM,9 November 2020  10:28 AM,16 mins 24 secs,0.0,-,-,-,-,-,-,-,-
70,Finished,9 November 2020  10:13 AM,9 November 2020  10:28 AM,15 mins 1 sec,70.45,9.09,9.09,-2.27,0.00,9.09,9.09,-,36.36
69,Finished,9 November 2020  10:13 AM,9 November 2020  10:27 AM,13 mins 45 secs,15.15,-2.27,9.09,-2.27,9.09,-2.27,6.06,-2.27,0.00
74,Finished,9 November 2020  10:22 AM,9 November 2020  10:37 AM,14 mins 56 secs,14.39,9.09,-2.27,-2.27,-,9.09,3.03,-2.27,0.00
78,Finished,9 November 2020  10:29 AM,9 November 2020  10:44 AM,15 mins,34.09,-2.27,-2.27,-2.27,0.00,-2.27,9.09,-2.27,36.36
80,Finished,9 November 2020  10:35 AM,9 November 2020  10:50 AM,14 mins 48 secs,34.09,9.09,9.09,-2.27,9.09,-,9.09,-,0.00
81,Finished,9 November 2020  10:44 AM,9 November 2020  10:59 AM,15 mins,31.82,9.09,9.09,-2.27,0.00,9.09,9.09,-2.27,0.00
82,Finished,9 November 2020  11:34 AM,9 November 2020  11:49 AM,15 mins 20 secs,25.0,9.09,9.09,-2.27,-,-,9.09,-,0.00
86,Finished,11 November 2020  8:01 AM,11 November 2020  8:16 AM,15 mins 1 sec,88.64,9.09,9.09,9.09,9.09,-2.27,9.09,9.09,36.36
116,Finished,11 November 2020  8:01 AM,11 November 2020  8:14 AM,12 mins 45 secs,79.55,9.09,9.09,-2.27,9.09,9.09,9.09,-,36.36
83,Finished,11 November 2020  8:01 AM,11 November 2020  8:14 AM,13 mins 6 secs,39.39,-2.27,-2.27,-2.27,0.00,-2.27,3.03,9.09,36.36
84,Finished,11 November 2020  8:01 AM,11 November 2020  8:16 AM,15 mins 1 sec,50.0,-2.27,-,-2.27,-,9.09,9.09,-,36.36
85,Finished,11 November 2020  8:01 AM,11 November 2020  8:16 AM,15 mins,48.48,9.09,9.09,9.09,9.09,-,3.03,9.09,0.00
88,Finished,11 November 2020  8:01 AM,11 November 2020  8:16 AM,15 mins 1 sec,55.3,-2.27,9.09,-,-,9.09,3.03,-,36.36
109,Finished,11 November 2020  8:01 AM,11 November 2020  8:16 AM,15 mins,15.15,-2.27,-2.27,-2.27,9.09,9.09,6.06,-2.27,0.00
87,Finished,11 November 2020  8:02 AM,11 November 2020  8:16 AM,14 mins 9 secs,64.39,9.09,9.09,-,9.09,-2.27,3.03,-,36.36
115,Finished,11 November 2020  8:02 AM,11 November 2020  8:17 AM,15 mins,31.82,9.09,9.09,-2.27,-,9.09,9.09,-2.27,0.00
90,Finished,11 November 2020  8:02 AM,11 November 2020  8:17 AM,15 mins,50.76,9.09,9.09,-2.27,0.00,-2.27,3.03,-2.27,36.36
128,Finished,11 November 2020  8:03 AM,11 November 2020  8:18 AM,15 mins,59.09,9.09,9.09,-2.27,-,-,9.09,-2.27,36.36
111,Finished,11 November 2020  8:04 AM,11 November 2020  8:18 AM,14 mins 14 secs,74.24,9.09,9.09,9.09,9.09,-2.27,6.06,-2.27,36.36
91,Finished,11 November 2020  8:04 AM,11 November 2020  8:19 AM,15 mins,68.18,9.09,9.09,9.09,-,-2.27,9.09,-2.27,36.36
92,Finished,11 November 2020  8:06 AM,11 November 2020  8:16 AM,10 mins 40 secs,65.15,9.09,9.09,9.09,0.00,-2.27,6.06,-2.27,36.36
94,Finished,11 November 2020  8:06 AM,11 November 2020  8:21 AM,15 mins,25.0,9.09,-,9.09,0.00,9.09,-,-2.27,0.00
96,Finished,11 November 2020  8:06 AM,11 November 2020  8:21 AM,15 mins,55.3,9.09,-,-2.27,0.00,-,3.03,9.09,36.36
108,Finished,11 November 2020  8:06 AM,11 November 2020  8:21 AM,15 mins 1 sec,18.18,9.09,-,-,9.09,-,-,-,-
102,Finished,11 November 2020  8:06 AM,11 November 2020  8:21 AM,15 mins 1 sec,14.39,9.09,-2.27,-2.27,-,-2.27,3.03,9.09,0.00
98,Finished,11 November 2020  8:06 AM,11 November 2020  8:21 AM,15 mins,57.58,9.09,-,-,9.09,-,3.03,-,36.36
97,Finished,11 November 2020  8:06 AM,11 November 2020  8:21 AM,14 mins 59 secs,-2.27,-2.27,-2.27,-2.27,0.00,-2.27,9.09,-2.27,0.00
101,Finished,11 November 2020  8:06 AM,11 November 2020  8:21 AM,15 mins,9.09,-2.27,9.09,-2.27,-,-2.27,9.09,-2.27,0.00
89,Finished,11 November 2020  8:07 AM,11 November 2020  8:14 AM,7 mins 5 secs,-8.33,-2.27,-2.27,-2.27,0.00,-2.27,3.03,-2.27,0.00
103,Finished,11 November 2020  8:07 AM,11 November 2020  8:22 AM,15 mins 1 sec,20.45,-2.27,9.09,-,9.09,-2.27,9.09,-2.27,-
126,Finished,11 November 2020  8:07 AM,11 November 2020  8:22 AM,14 mins 52 secs,20.45,-2.27,9.09,-2.27,0.00,-2.27,9.09,9.09,0.00
104,Finished,11 November 2020  8:07 AM,11 November 2020  8:22 AM,15 mins,6.06,-2.27,-2.27,-2.27,-,9.09,6.06,-2.27,0.00
93,Finished,11 November 2020  8:07 AM,11 November 2020  8:21 AM,13 mins 39 secs,61.36,9.09,9.09,-2.27,-,9.09,-,-,36.36
99,Finished,11 November 2020  8:07 AM,11 November 2020  8:22 AM,15 mins,21.21,9.09,-,-,-,9.09,3.03,-,-
114,Finished,11 November 2020  8:08 AM,11 November 2020  8:22 AM,14 mins 11 secs,14.39,-2.27,9.09,-2.27,0.00,9.09,3.03,-2.27,0.00
107,Finished,11 November 2020  8:08 AM,11 November 2020  8:23 AM,15 mins,59.09,-2.27,9.09,9.09,0.00,9.09,0.00,-2.27,36.36
100,Finished,11 November 2020  8:08 AM,11 November 2020  8:23 AM,14 mins 48 secs,14.39,9.09,-2.27,-2.27,0.00,-2.27,3.03,9.09,0.00
119,Finished,11 November 2020  8:08 AM,11 November 2020  8:23 AM,15 mins 1 sec,81.82,9.09,9.09,-,-,9.09,9.09,9.09,36.36
106,Finished,11 November 2020  8:08 AM,11 November 2020  8:23 AM,14 mins 46 secs,82.58,9.09,9.09,9.09,9.09,9.09,3.03,-2.27,36.36
105,Finished,11 November 2020  8:09 AM,11 November 2020  8:23 AM,14 mins 37 secs,14.39,-2.27,-2.27,9.09,0.00,-2.27,3.03,9.09,0.00
95,Finished,11 November 2020  8:09 AM,11 November 2020  8:26 AM,16 mins 27 secs,28.03,-2.27,9.09,-,-,9.09,3.03,9.09,0.00
162,Finished,11 November 2020  8:09 AM,11 November 2020  8:26 AM,16 mins 3 secs,15.91,-,9.09,-,9.09,-2.27,-,-,-
112,Finished,11 November 2020  8:10 AM,11 November 2020  8:23 AM,13 mins 30 secs,39.39,-2.27,9.09,-2.27,0.00,-2.27,3.03,-2.27,36.36
113,Finished,11 November 2020  8:10 AM,11 November 2020  8:25 AM,15 mins 3 secs,3.03,9.09,-2.27,-2.27,0.00,-2.27,3.03,-2.27,0.00
110,Finished,11 November 2020  8:11 AM,11 November 2020  8:24 AM,12 mins 49 secs,31.82,-2.27,9.09,-2.27,0.00,9.09,9.09,9.09,0.00
123,Finished,11 November 2020  8:13 AM,11 November 2020  8:30 AM,16 mins 6 secs,0.0,-,-,-,-,-,-,-,-
129,Finished,11 November 2020  8:14 AM,11 November 2020  8:27 AM,12 mins 28 secs,14.39,-2.27,-2.27,9.09,0.00,9.09,3.03,-2.27,0.00
117,Finished,11 November 2020  8:20 AM,11 November 2020  8:32 AM,12 mins 30 secs,50.76,-2.27,9.09,-2.27,0.00,-2.27,3.03,9.09,36.36
132,Finished,11 November 2020  8:20 AM,11 November 2020  8:37 AM,16 mins 52 secs,0.0,-,-,-,-,-,-,-,-
122,Finished,11 November 2020  8:20 AM,11 November 2020  8:35 AM,14 mins 55 secs,70.45,9.09,-,-2.27,9.09,9.09,9.09,-,36.36
121,Finished,11 November 2020  8:22 AM,11 November 2020  8:37 AM,15 mins 2 secs,18.18,-,9.09,-,-,9.09,-,-,-
141,Finished,11 November 2020  8:22 AM,11 November 2020  8:38 AM,15 mins 1 sec,10.61,9.09,-,-2.27,-,-2.27,6.06,-,0.00
125,Finished,11 November 2020  8:30 AM,11 November 2020  8:45 AM,14 mins 57 secs,25.76,9.09,9.09,-2.27,0.00,9.09,3.03,-2.27,0.00
120,Finished,11 November 2020  8:30 AM,11 November 2020  8:38 AM,8 mins 37 secs,50.76,-2.27,9.09,-2.27,0.00,9.09,3.03,-2.27,36.36
124,Finished,11 November 2020  8:30 AM,11 November 2020  8:45 AM,14 mins 46 secs,79.55,9.09,9.09,-2.27,9.09,9.09,9.09,-,36.36
127,Finished,11 November 2020  8:31 AM,11 November 2020  8:46 AM,15 mins,34.09,9.09,9.09,-,9.09,-2.27,9.09,-,0.00
130,Finished,11 November 2020  8:43 AM,11 November 2020  8:58 AM,15 mins,42.42,-2.27,-2.27,-2.27,0.00,9.09,6.06,-2.27,36.36
133,Finished,11 November 2020  8:46 AM,11 November 2020  9:01 AM,15 mins 1 sec,6.82,-,9.09,-,0.00,-2.27,-,-,-
134,Finished,11 November 2020  8:47 AM,11 November 2020  9:02 AM,15 mins 1 sec,45.45,9.09,9.09,-,9.09,9.09,9.09,-,0.00
131,Finished,11 November 2020  8:49 AM,11 November 2020  9:01 AM,11 mins 55 secs,88.64,9.09,9.09,-2.27,9.09,9.09,9.09,9.09,36.36
135,Finished,11 November 2020  8:54 AM,11 November 2020  9:06 AM,11 mins 18 secs,81.82,9.09,9.09,-,9.09,9.09,9.09,-,36.36
516,Finished,11 November 2020  8:56 AM,11 November 2020  9:10 AM,14 mins 47 secs,77.27,-2.27,9.09,-2.27,9.09,9.09,9.09,9.09,36.36
136,Finished,11 November 2020  9:09 AM,11 November 2020  9:24 AM,14 mins 36 secs,56.82,-2.27,9.09,-2.27,9.09,-2.27,9.09,-,36.36
139,Finished,11 November 2020  9:10 AM,11 November 2020  9:25 AM,15 mins,5.3,-2.27,9.09,-2.27,-,-,3.03,-2.27,0.00
138,Finished,11 November 2020  9:14 AM,11 November 2020  9:29 AM,15 mins 1 sec,64.39,-2.27,9.09,9.09,-,9.09,3.03,-,36.36
137,Finished,11 November 2020  9:22 AM,11 November 2020  9:37 AM,14 mins 59 secs,59.85,-2.27,9.09,-2.27,9.09,9.09,3.03,-2.27,36.36
235,Finished,11 November 2020  9:57 AM,11 November 2020  10:10 AM,12 mins 38 secs,62.12,-2.27,9.09,9.09,0.00,-2.27,3.03,9.09,36.36
145,Finished,11 November 2020  10:00 AM,11 November 2020  10:15 AM,15 mins 1 sec,72.73,9.09,9.09,-,-,9.09,9.09,-,36.36
142,Finished,11 November 2020  10:02 AM,11 November 2020  10:05 AM,3 mins 26 secs,14.39,9.09,9.09,-2.27,0.00,-2.27,3.03,-2.27,0.00
146,Finished,11 November 2020  10:02 AM,11 November 2020  10:15 AM,12 mins 57 secs,25.0,-,9.09,-2.27,0.00,9.09,-,9.09,-
277,Finished,11 November 2020  10:05 AM,11 November 2020  10:20 AM,15 mins 1 sec,40.15,-,-,-2.27,-,-,6.06,-,36.36
156,Finished,11 November 2020  10:06 AM,11 November 2020  10:21 AM,15 mins,9.85,-2.27,-,-,0.00,9.09,3.03,-,-
150,Finished,11 November 2020  10:06 AM,11 November 2020  10:17 AM,10 mins 42 secs,20.45,-2.27,9.09,9.09,0.00,-2.27,9.09,-2.27,0.00
147,Finished,11 November 2020  10:07 AM,11 November 2020  10:23 AM,16 mins,50.0,-2.27,9.09,-2.27,-,-,-,9.09,36.36
152,Finished,11 November 2020  10:07 AM,11 November 2020  10:18 AM,11 mins 10 secs,45.45,9.09,-2.27,-2.27,0.00,-2.27,9.09,-2.27,36.36
149,Finished,11 November 2020  10:07 AM,11 November 2020  10:16 AM,9 mins 33 secs,-4.55,-2.27,-,-,-,-2.27,-,-,-
153,Finished,11 November 2020  10:07 AM,11 November 2020  10:18 AM,11 mins 9 secs,3.03,-2.27,-2.27,9.09,0.00,-2.27,3.03,-2.27,0.00
151,Finished,11 November 2020  10:07 AM,11 November 2020  10:17 AM,9 mins 34 secs,15.91,-,-,9.09,9.09,-2.27,-,-,0.00
154,Finished,11 November 2020  10:07 AM,11 November 2020  10:19 AM,11 mins 34 secs,13.64,-2.27,9.09,-2.27,9.09,-,-,-,-
157,Finished,11 November 2020  10:11 AM,11 November 2020  10:26 AM,15 mins 1 sec,9.09,-2.27,-2.27,-2.27,0.00,9.09,9.09,-2.27,0.00
148,Finished,11 November 2020  10:14 AM,11 November 2020  10:31 AM,16 mins 38 secs,0.0,-,-,-,-,-,-,-,-
160,Finished,11 November 2020  10:18 AM,11 November 2020  10:27 AM,9 mins 11 secs,31.82,9.09,9.09,-2.27,0.00,-2.27,9.09,9.09,0.00
155,Finished,11 November 2020  10:25 AM,11 November 2020  10:41 AM,16 mins 1 sec,0.0,-,-,-,-,-,-,-,-
159,Finished,11 November 2020  10:26 AM,11 November 2020  10:41 AM,15 mins,20.45,-2.27,9.09,-2.27,-,-2.27,9.09,9.09,0.00
161,Finished,11 November 2020  10:26 AM,11 November 2020  10:39 AM,13 mins 15 secs,62.12,9.09,-2.27,9.09,0.00,-2.27,3.03,9.09,36.36
265,Finished,11 November 2020  11:07 AM,11 November 2020  11:19 AM,12 mins 43 secs,34.85,9.09,9.09,-2.27,9.09,-2.27,3.03,9.09,0.00
199,Finished,11 November 2020  12:01 PM,11 November 2020  12:09 PM,8 mins 32 secs,39.39,-2.27,9.09,-2.27,0.00,-2.27,3.03,-2.27,36.36
163,Finished,11 November 2020  12:06 PM,11 November 2020  12:19 PM,12 mins 36 secs,40.91,9.09,9.09,-2.27,9.09,9.09,9.09,-2.27,0.00
164,Finished,11 November 2020  12:18 PM,11 November 2020  12:33 PM,15 mins,16.67,9.09,9.09,-,0.00,-2.27,3.03,-2.27,-
500,Finished,11 November 2020  12:20 PM,11 November 2020  12:35 PM,15 mins 22 secs,70.45,9.09,9.09,-,9.09,-2.27,9.09,-,36.36
461,Finished,11 November 2020  12:24 PM,11 November 2020  12:39 PM,15 mins 1 sec,62.12,-2.27,9.09,-2.27,0.00,9.09,3.03,9.09,36.36
418,Finished,11 November 2020  12:30 PM,11 November 2020  12:44 PM,13 mins 55 secs,39.39,-2.27,9.09,-2.27,0.00,-2.27,3.03,-2.27,36.36
186,Finished,11 November 2020  12:30 PM,11 November 2020  12:47 PM,16 mins 22 secs,-2.27,-,-,-,-,-,-,-2.27,-
365,Finished,11 November 2020  12:31 PM,11 November 2020  12:46 PM,15 mins 1 sec,2.27,-2.27,-,9.09,-,-2.27,-,-2.27,-
357,Finished,11 November 2020  12:32 PM,11 November 2020  12:47 PM,15 mins,2.27,-2.27,-2.27,9.09,-,-,-,-2.27,0.00
165,Finished,11 November 2020  12:39 PM,11 November 2020  12:52 PM,12 mins 48 secs,100.0,9.09,9.09,9.09,9.09,9.09,9.09,9.09,36.36
335,Finished,11 November 2020  12:44 PM,11 November 2020  12:44 PM,38 secs,17.42,-2.27,-2.27,9.09,0.00,9.09,6.06,-2.27,0.00
167,Finished,11 November 2020  12:46 PM,11 November 2020  1:01 PM,15 mins,16.67,9.09,9.09,-2.27,0.00,-2.27,3.03,-,0.00
168,Finished,11 November 2020  12:46 PM,11 November 2020  1:00 PM,14 mins 13 secs,45.45,-2.27,9.09,-2.27,0.00,-2.27,9.09,-2.27,36.36
173,Finished,11 November 2020  12:46 PM,11 November 2020  1:01 PM,14 mins 59 secs,46.21,9.09,9.09,9.09,9.09,9.09,3.03,-2.27,0.00
169,Finished,11 November 2020  12:48 PM,11 November 2020  1:03 PM,14 mins 19 secs,52.27,9.09,9.09,9.09,9.09,9.09,9.09,-2.27,0.00
170,Finished,11 November 2020  12:49 PM,11 November 2020  1:03 PM,14 mins,48.48,9.09,-2.27,-2.27,9.09,-2.27,3.03,-2.27,36.36
171,Finished,11 November 2020  12:49 PM,11 November 2020  1:03 PM,13 mins 36 secs,28.03,-2.27,-2.27,-2.27,0.00,-2.27,3.03,-2.27,36.36
172,Finished,11 November 2020  12:51 PM,11 November 2020  1:05 PM,14 mins 51 secs,20.45,9.09,9.09,-2.27,0.00,-2.27,9.09,-2.27,0.00
202,Finished,11 November 2020  12:51 PM,11 November 2020  1:08 PM,16 mins 43 secs,-6.06,-2.27,-2.27,-,-,-2.27,3.03,-2.27,-
174,Finished,11 November 2020  12:52 PM,11 November 2020  1:07 PM,14 mins 42 secs,63.64,9.09,9.09,-,9.09,-,-,-,36.36
254,Finished,11 November 2020  12:55 PM,11 November 2020  1:12 PM,16 mins 31 secs,4.55,-2.27,-,-2.27,-,-,-,9.09,0.00
175,Finished,11 November 2020  12:55 PM,11 November 2020  1:09 PM,13 mins 47 secs,17.42,9.09,9.09,-2.27,0.00,-2.27,6.06,-2.27,0.00
176,Finished,11 November 2020  12:56 PM,11 November 2020  1:11 PM,15 mins,55.3,-,9.09,9.09,-,-,3.03,-2.27,36.36
166,Finished,11 November 2020  12:57 PM,11 November 2020  1:13 PM,16 mins,9.09,-,9.09,-,-,-,-,-,-
178,Finished,11 November 2020  12:57 PM,11 November 2020  1:12 PM,15 mins,31.06,9.09,9.09,9.09,-,-2.27,6.06,-,0.00
180,Finished,11 November 2020  12:58 PM,11 November 2020  1:13 PM,15 mins 1 sec,25.0,9.09,-,-,9.09,-2.27,9.09,-,-
190,Finished,11 November 2020  1:02 PM,11 November 2020  1:17 PM,15 mins,23.48,9.09,9.09,-2.27,9.09,-2.27,3.03,-2.27,0.00
182,Finished,11 November 2020  1:02 PM,11 November 2020  1:17 PM,15 mins 1 sec,7.58,-2.27,9.09,-2.27,0.00,-,3.03,-,-
194,Finished,11 November 2020  1:05 PM,11 November 2020  1:20 PM,15 mins 1 sec,40.91,9.09,-,-2.27,-,-2.27,-,-,36.36
189,Finished,11 November 2020  1:06 PM,11 November 2020  1:19 PM,13 mins 13 secs,39.39,-2.27,-2.27,-2.27,0.00,-2.27,3.03,9.09,36.36
183,Finished,11 November 2020  1:06 PM,11 November 2020  1:20 PM,13 mins 57 secs,65.91,-2.27,9.09,-2.27,9.09,9.09,9.09,-2.27,36.36
184,Finished,11 November 2020  1:06 PM,11 November 2020  1:21 PM,15 mins 1 sec,81.82,9.09,9.09,-,9.09,9.09,9.09,-,36.36
401,Finished,11 November 2020  1:07 PM,11 November 2020  1:21 PM,14 mins 51 secs,28.03,-2.27,-2.27,-2.27,0.00,-2.27,3.03,-2.27,36.36
446,Finished,11 November 2020  1:08 PM,11 November 2020  1:23 PM,15 mins,12.12,-2.27,9.09,-2.27,9.09,-2.27,3.03,-2.27,0.00
188,Finished,11 November 2020  1:08 PM,11 November 2020  1:19 PM,10 mins 56 secs,14.39,-2.27,9.09,-2.27,0.00,-2.27,3.03,9.09,0.00
226,Finished,11 November 2020  1:08 PM,11 November 2020  1:23 PM,15 mins 2 secs,29.55,-2.27,-2.27,9.09,9.09,9.09,9.09,-2.27,0.00
193,Finished,11 November 2020  1:10 PM,11 November 2020  1:26 PM,16 mins 48 secs,0.0,-,-,-,-,-,-,-,-
457,Finished,11 November 2020  1:11 PM,11 November 2020  1:27 PM,16 mins 8 secs,3.03,-,-,-,-,-,3.03,-,-
179,Finished,11 November 2020  1:11 PM,11 November 2020  1:17 PM,5 mins 17 secs,73.48,9.09,9.09,9.09,0.00,9.09,3.03,-2.27,36.36
236,Finished,11 November 2020  1:12 PM,11 November 2020  1:27 PM,14 mins 59 secs,3.03,-2.27,9.09,-2.27,0.00,-2.27,3.03,-2.27,0.00
187,Finished,11 November 2020  1:16 PM,11 November 2020  1:23 PM,7 mins 11 secs,61.36,9.09,9.09,-,0.00,-2.27,9.09,-,36.36
313,Finished,11 November 2020  1:18 PM,11 November 2020  1:33 PM,15 mins,53.79,-2.27,9.09,9.09,0.00,-2.27,6.06,-2.27,36.36
200,Finished,11 November 2020  1:18 PM,11 November 2020  1:33 PM,14 mins 12 secs,62.88,-2.27,9.09,-2.27,9.09,9.09,6.06,-2.27,36.36
196,Finished,11 November 2020  1:18 PM,11 November 2020  1:33 PM,15 mins,31.82,9.09,-,-2.27,9.09,-2.27,9.09,9.09,-
218,Finished,11 November 2020  1:19 PM,11 November 2020  1:31 PM,12 mins 53 secs,28.79,9.09,9.09,-2.27,0.00,9.09,6.06,-2.27,-
197,Finished,11 November 2020  1:19 PM,11 November 2020  1:34 PM,15 mins,45.45,9.09,9.09,9.09,-,9.09,9.09,-,0.00
201,Finished,11 November 2020  1:19 PM,11 November 2020  1:34 PM,15 mins,62.12,-2.27,9.09,9.09,0.00,-2.27,3.03,9.09,36.36
205,Finished,11 November 2020  1:19 PM,11 November 2020  1:34 PM,15 mins,11.36,-,9.09,-2.27,-,-2.27,9.09,-2.27,-
192,Finished,11 November 2020  1:19 PM,11 November 2020  1:30 PM,11 mins 44 secs,59.85,9.09,9.09,-2.27,9.09,-2.27,3.03,-2.27,36.36
208,Finished,11 November 2020  1:19 PM,11 November 2020  1:34 PM,15 mins 7 secs,18.18,9.09,9.09,-,0.00,-,-,-,0.00
252,Finished,11 November 2020  1:19 PM,11 November 2020  1:34 PM,15 mins 1 sec,22.73,9.09,9.09,-,-,-2.27,9.09,-2.27,0.00
336,Finished,11 November 2020  1:19 PM,11 November 2020  1:34 PM,14 mins 59 secs,56.82,-2.27,9.09,-2.27,0.00,-2.27,9.09,9.09,36.36
243,Finished,11 November 2020  1:19 PM,11 November 2020  1:34 PM,15 mins,17.42,-2.27,-2.27,9.09,0.00,9.09,6.06,-2.27,0.00
340,Finished,11 November 2020  1:19 PM,11 November 2020  1:34 PM,15 mins 1 sec,47.73,-2.27,9.09,-2.27,0.00,-2.27,9.09,-,36.36
209,Finished,11 November 2020  1:19 PM,11 November 2020  1:34 PM,15 mins 1 sec,8.33,-2.27,9.09,-2.27,0.00,-,6.06,-2.27,0.00
233,Finished,11 November 2020  1:19 PM,11 November 2020  1:34 PM,14 mins 45 secs,3.03,-2.27,-2.27,9.09,0.00,-2.27,3.03,-2.27,0.00
191,Finished,11 November 2020  1:19 PM,11 November 2020  1:31 PM,12 mins 18 secs,6.06,-2.27,9.09,-2.27,0.00,-2.27,6.06,-2.27,0.00
239,Finished,11 November 2020  1:19 PM,11 November 2020  1:34 PM,15 mins,14.39,-2.27,9.09,9.09,0.00,-2.27,3.03,-2.27,0.00
204,Finished,11 November 2020  1:19 PM,11 November 2020  1:34 PM,14 mins 29 secs,-8.33,-2.27,-2.27,-2.27,0.00,-2.27,3.03,-2.27,0.00
405,Finished,11 November 2020  1:20 PM,11 November 2020  1:35 PM,15 mins,18.18,-,9.09,9.09,0.00,-,-,-,-
206,Finished,11 November 2020  1:20 PM,11 November 2020  1:35 PM,15 mins,3.03,-2.27,-2.27,-2.27,0.00,9.09,3.03,-2.27,0.00
198,Finished,11 November 2020  1:20 PM,11 November 2020  1:33 PM,13 mins,68.18,-2.27,9.09,9.09,0.00,9.09,9.09,-2.27,36.36
212,Finished,11 November 2020  1:20 PM,11 November 2020  1:35 PM,15 mins 1 sec,25.0,-2.27,9.09,9.09,0.00,-,9.09,-,0.00
220,Finished,11 November 2020  1:20 PM,11 November 2020  1:32 PM,12 mins 12 secs,31.06,-2.27,-2.27,-2.27,0.00,-2.27,6.06,-2.27,36.36
232,Finished,11 November 2020  1:20 PM,11 November 2020  1:35 PM,15 mins 7 secs,-5.3,-2.27,-2.27,-2.27,0.00,-2.27,6.06,-2.27,0.00
230,Finished,11 November 2020  1:20 PM,11 November 2020  1:35 PM,14 mins 50 secs,68.18,9.09,9.09,-2.27,0.00,9.09,9.09,-2.27,36.36
219,Finished,11 November 2020  1:20 PM,11 November 2020  1:34 PM,13 mins 19 secs,65.15,-2.27,-2.27,9.09,0.00,9.09,6.06,9.09,36.36
203,Finished,11 November 2020  1:20 PM,11 November 2020  1:35 PM,15 mins 1 sec,50.0,-,9.09,-2.27,0.00,-2.27,9.09,-,36.36
215,Finished,11 November 2020  1:20 PM,11 November 2020  1:35 PM,15 mins 1 sec,3.03,-2.27,9.09,-2.27,-,-2.27,3.03,-2.27,0.00
339,Finished,11 November 2020  1:20 PM,11 November 2020  1:35 PM,14 mins 41 secs,34.09,-2.27,-2.27,-2.27,0.00,-2.27,9.09,-2.27,36.36
241,Finished,11 November 2020  1:20 PM,11 November 2020  1:34 PM,13 mins 56 secs,14.39,-2.27,9.09,9.09,0.00,-2.27,3.03,-2.27,0.00
237,Finished,11 November 2020  1:20 PM,11 November 2020  1:32 PM,11 mins 20 secs,34.85,-2.27,9.09,-2.27,9.09,9.09,3.03,9.09,0.00
216,Finished,11 November 2020  1:21 PM,11 November 2020  1:36 PM,15 mins 1 sec,14.39,-2.27,9.09,-2.27,0.00,9.09,3.03,-2.27,0.00
213,Finished,11 November 2020  1:21 PM,11 November 2020  1:36 PM,15 mins,41.67,-2.27,9.09,-2.27,0.00,-2.27,3.03,-,36.36
211,Finished,11 November 2020  1:21 PM,11 November 2020  1:36 PM,15 mins,12.88,-2.27,9.09,-,-,-,6.06,-,-
210,Finished,11 November 2020  1:21 PM,11 November 2020  1:36 PM,14 mins 43 secs,77.27,-2.27,9.09,-2.27,9.09,9.09,9.09,9.09,36.36
297,Finished,11 November 2020  1:21 PM,11 November 2020  1:33 PM,12 mins 10 secs,3.03,-2.27,9.09,-2.27,0.00,-2.27,3.03,-2.27,0.00
207,Finished,11 November 2020  1:21 PM,11 November 2020  1:36 PM,15 mins,53.03,-,9.09,-2.27,9.09,-2.27,3.03,-,36.36
412,Finished,11 November 2020  1:21 PM,11 November 2020  1:26 PM,4 mins 43 secs,14.39,-2.27,9.09,-2.27,-,-2.27,3.03,9.09,-
224,Finished,11 November 2020  1:21 PM,11 November 2020  1:36 PM,15 mins,53.79,-2.27,9.09,-2.27,9.09,-,6.06,-2.27,36.36
223,Finished,11 November 2020  1:21 PM,11 November 2020  1:36 PM,14 mins 43 secs,52.27,9.09,9.09,-2.27,9.09,9.09,9.09,9.09,0.00
227,Finished,11 November 2020  1:21 PM,11 November 2020  1:36 PM,15 mins,62.12,-2.27,9.09,9.09,-,9.09,3.03,-2.27,36.36
222,Finished,11 November 2020  1:22 PM,11 November 2020  1:36 PM,14 mins 49 secs,25.76,-2.27,9.09,9.09,0.00,-2.27,3.03,9.09,0.00
268,Finished,11 November 2020  1:22 PM,11 November 2020  1:37 PM,15 mins,4.55,-,-,-2.27,-,9.09,-,-2.27,-
435,Finished,11 November 2020  1:22 PM,11 November 2020  1:31 PM,9 mins 24 secs,50.76,9.09,-2.27,-2.27,0.00,9.09,3.03,-2.27,36.36
470,Finished,11 November 2020  1:22 PM,11 November 2020  1:37 PM,15 mins,79.55,9.09,9.09,-2.27,9.09,9.09,9.09,-,36.36
238,Finished,11 November 2020  1:22 PM,11 November 2020  1:37 PM,15 mins,37.12,-2.27,9.09,9.09,0.00,9.09,3.03,9.09,0.00
311,Finished,11 November 2020  1:23 PM,11 November 2020  1:34 PM,11 mins 49 secs,14.39,9.09,-2.27,-2.27,0.00,9.09,3.03,-2.27,0.00
195,Finished,11 November 2020  1:23 PM,11 November 2020  1:33 PM,10 mins 3 secs,3.03,-2.27,9.09,-2.27,0.00,-2.27,3.03,-2.27,0.00
314,Finished,11 November 2020  1:23 PM,11 November 2020  1:37 PM,14 mins 6 secs,14.39,9.09,-2.27,9.09,0.00,-2.27,3.03,-2.27,0.00
389,Finished,11 November 2020  1:23 PM,11 November 2020  1:38 PM,15 mins 2 secs,43.94,-,-,-2.27,9.09,-2.27,3.03,-,36.36
217,Finished,11 November 2020  1:23 PM,11 November 2020  1:36 PM,12 mins 51 secs,65.91,-2.27,9.09,-2.27,9.09,9.09,9.09,-2.27,36.36
221,Finished,11 November 2020  1:23 PM,11 November 2020  1:38 PM,15 mins,2.27,9.09,-2.27,-2.27,-,-2.27,-,-,0.00
214,Finished,11 November 2020  1:24 PM,11 November 2020  1:34 PM,10 mins 44 secs,50.76,-2.27,9.09,9.09,0.00,-2.27,3.03,-2.27,36.36
272,Finished,11 November 2020  1:24 PM,11 November 2020  1:41 PM,16 mins 18 secs,9.09,-2.27,-2.27,9.09,0.00,-2.27,9.09,-2.27,0.00
229,Finished,11 November 2020  1:24 PM,11 November 2020  1:39 PM,14 mins 37 secs,43.94,-2.27,-,-2.27,0.00,9.09,3.03,-,36.36
240,Finished,11 November 2020  1:24 PM,11 November 2020  1:30 PM,6 mins 1 sec,17.42,9.09,-2.27,-2.27,0.00,-2.27,6.06,9.09,0.00
287,Finished,11 November 2020  1:25 PM,11 November 2020  1:40 PM,15 mins,28.03,-2.27,-2.27,-2.27,0.00,-2.27,3.03,-2.27,36.36
321,Finished,11 November 2020  1:25 PM,11 November 2020  1:39 PM,13 mins 49 secs,9.85,-2.27,9.09,-,-,-,3.03,-,0.00
286,Finished,11 November 2020  1:25 PM,11 November 2020  1:38 PM,13 mins 6 secs,42.42,-2.27,9.09,-2.27,0.00,-2.27,6.06,-2.27,36.36
283,Finished,11 November 2020  1:25 PM,11 November 2020  1:34 PM,9 mins 21 secs,-11.36,-2.27,-2.27,-2.27,0.00,-2.27,0.00,-2.27,0.00
362,Finished,11 November 2020  1:25 PM,11 November 2020  1:40 PM,15 mins 1 sec,14.39,9.09,-2.27,-2.27,0.00,9.09,3.03,-2.27,0.00
310,Finished,11 November 2020  1:25 PM,11 November 2020  1:40 PM,15 mins 1 sec,36.36,9.09,-,-,9.09,9.09,9.09,-,-
284,Finished,11 November 2020  1:25 PM,11 November 2020  1:38 PM,12 mins 35 secs,68.18,9.09,9.09,-2.27,0.00,-2.27,9.09,9.09,36.36
234,Finished,11 November 2020  1:25 PM,11 November 2020  1:40 PM,15 mins 1 sec,15.91,9.09,-2.27,-,-,9.09,-,-,0.00
294,Finished,11 November 2020  1:25 PM,11 November 2020  1:40 PM,15 mins 1 sec,9.09,-2.27,9.09,-2.27,0.00,-2.27,9.09,-2.27,0.00
289,Finished,11 November 2020  1:25 PM,11 November 2020  1:40 PM,15 mins,75.76,9.09,9.09,-,0.00,9.09,3.03,9.09,36.36
288,Finished,11 November 2020  1:25 PM,11 November 2020  1:40 PM,14 mins 42 secs,28.79,9.09,9.09,-2.27,0.00,-2.27,6.06,9.09,0.00
290,Finished,11 November 2020  1:25 PM,11 November 2020  1:40 PM,15 mins 1 sec,21.21,9.09,9.09,-,0.00,-,3.03,-,0.00
308,Finished,11 November 2020  1:25 PM,11 November 2020  1:40 PM,14 mins 59 secs,17.42,9.09,9.09,-2.27,0.00,-2.27,6.06,-2.27,0.00
448,Finished,11 November 2020  1:25 PM,11 November 2020  1:40 PM,15 mins 1 sec,25.0,-2.27,9.09,-,9.09,-,9.09,-,0.00
306,Finished,11 November 2020  1:25 PM,11 November 2020  1:40 PM,14 mins 45 secs,39.39,-2.27,9.09,-2.27,0.00,-2.27,3.03,-2.27,36.36
281,Finished,11 November 2020  1:25 PM,11 November 2020  1:40 PM,15 mins,50.76,-2.27,9.09,-2.27,0.00,9.09,3.03,-2.27,36.36
324,Finished,11 November 2020  1:26 PM,11 November 2020  1:40 PM,14 mins 15 secs,17.42,-2.27,9.09,-2.27,0.00,9.09,6.06,-2.27,0.00
295,Finished,11 November 2020  1:26 PM,11 November 2020  1:41 PM,15 mins,25.0,-,9.09,9.09,-,-2.27,9.09,-,-
299,Finished,11 November 2020  1:26 PM,11 November 2020  1:39 PM,13 mins 44 secs,56.82,-2.27,9.09,-2.27,0.00,-2.27,9.09,9.09,36.36
285,Finished,11 November 2020  1:26 PM,11 November 2020  1:41 PM,15 mins 1 sec,18.18,9.09,9.09,-,0.00,-,-,-,0.00
225,Finished,11 November 2020  1:26 PM,11 November 2020  1:39 PM,12 mins 51 secs,48.48,-2.27,-2.27,9.09,9.09,-2.27,3.03,-2.27,36.36
381,Finished,11 November 2020  1:26 PM,11 November 2020  1:41 PM,14 mins 50 secs,9.09,-2.27,9.09,-2.27,0.00,-2.27,9.09,-2.27,0.00
298,Finished,11 November 2020  1:26 PM,11 November 2020  1:41 PM,14 mins 59 secs,-6.82,-2.27,-,-,-,-2.27,0.00,-2.27,-
476,Finished,11 November 2020  1:26 PM,11 November 2020  1:41 PM,15 mins,59.85,-2.27,9.09,-2.27,9.09,9.09,3.03,-2.27,36.36
263,Finished,11 November 2020  1:27 PM,11 November 2020  1:41 PM,14 mins 15 secs,37.12,9.09,9.09,9.09,0.00,9.09,3.03,-2.27,0.00
228,Finished,11 November 2020  1:27 PM,11 November 2020  1:40 PM,13 mins 13 secs,73.48,9.09,9.09,9.09,0.00,9.09,3.03,-2.27,36.36
402,Finished,11 November 2020  1:27 PM,11 November 2020  1:42 PM,15 mins,27.27,-,9.09,9.09,0.00,-,9.09,-,0.00
246,Finished,11 November 2020  1:28 PM,11 November 2020  1:44 PM,16 mins,15.91,9.09,-2.27,-,-,9.09,-,-,-
434,Finished,11 November 2020  1:28 PM,11 November 2020  1:43 PM,15 mins 1 sec,14.39,9.09,-2.27,-,9.09,-2.27,3.03,-2.27,-
293,Finished,11 November 2020  1:28 PM,11 November 2020  1:41 PM,13 mins 2 secs,14.39,-2.27,9.09,9.09,0.00,-2.27,3.03,-2.27,0.00
424,Finished,11 November 2020  1:28 PM,11 November 2020  1:43 PM,15 mins,6.82,-,-,-2.27,-,-,9.09,-,-
429,Finished,11 November 2020  1:28 PM,11 November 2020  1:42 PM,13 mins 30 secs,-5.3,-2.27,-2.27,-2.27,0.00,-2.27,6.06,-2.27,0.00
249,Finished,11 November 2020  1:28 PM,11 November 2020  1:44 PM,15 mins 52 secs,53.79,-2.27,9.09,9.09,0.00,-2.27,6.06,-2.27,36.36
499,Finished,11 November 2020  1:28 PM,11 November 2020  1:42 PM,13 mins 46 secs,53.79,-2.27,-2.27,9.09,0.00,-2.27,6.06,9.09,36.36
388,Finished,11 November 2020  1:29 PM,11 November 2020  1:44 PM,15 mins,23.48,-2.27,9.09,-2.27,9.09,9.09,3.03,-2.27,0.00
244,Finished,11 November 2020  1:29 PM,11 November 2020  1:40 PM,11 mins 41 secs,37.12,9.09,9.09,9.09,0.00,9.09,3.03,-2.27,0.00
242,Finished,11 November 2020  1:29 PM,11 November 2020  1:44 PM,15 mins 1 sec,-6.06,-2.27,-,-2.27,0.00,-2.27,3.03,-2.27,0.00
275,Finished,11 November 2020  1:29 PM,11 November 2020  1:44 PM,15 mins,50.76,-2.27,9.09,-2.27,9.09,-,3.03,-2.27,36.36
245,Finished,11 November 2020  1:29 PM,11 November 2020  1:44 PM,14 mins 54 secs,68.18,-2.27,9.09,-2.27,0.00,9.09,9.09,9.09,36.36
445,Finished,11 November 2020  1:29 PM,11 November 2020  1:44 PM,15 mins,56.82,-2.27,9.09,-2.27,9.09,9.09,-,-2.27,36.36
343,Finished,11 November 2020  1:29 PM,11 November 2020  1:43 PM,13 mins 58 secs,25.76,-2.27,9.09,9.09,0.00,-2.27,3.03,9.09,0.00
231,Finished,11 November 2020  1:29 PM,11 November 2020  1:40 PM,11 mins 2 secs,34.09,-2.27,-2.27,-2.27,0.00,-2.27,9.09,-2.27,36.36
403,Finished,11 November 2020  1:29 PM,11 November 2020  1:44 PM,15 mins 1 sec,11.36,-,9.09,-2.27,0.00,-2.27,9.09,-2.27,-
411,Finished,11 November 2020  1:29 PM,11 November 2020  1:44 PM,15 mins 6 secs,20.45,9.09,9.09,-2.27,0.00,-2.27,9.09,-2.27,0.00
261,Finished,11 November 2020  1:29 PM,11 November 2020  1:44 PM,15 mins,25.0,-2.27,9.09,9.09,0.00,-,9.09,-,0.00
421,Finished,11 November 2020  1:29 PM,11 November 2020  1:44 PM,15 mins,20.45,9.09,9.09,-2.27,0.00,-2.27,9.09,-2.27,0.00
423,Finished,11 November 2020  1:29 PM,11 November 2020  1:44 PM,15 mins 1 sec,20.45,9.09,9.09,-2.27,0.00,-2.27,9.09,-2.27,0.00
248,Finished,11 November 2020  1:29 PM,11 November 2020  1:41 PM,12 mins 6 secs,39.39,9.09,-2.27,-2.27,0.00,-2.27,3.03,-2.27,36.36
415,Finished,11 November 2020  1:29 PM,11 November 2020  1:44 PM,15 mins 1 sec,20.45,-2.27,9.09,-,9.09,-2.27,9.09,-2.27,0.00
422,Finished,11 November 2020  1:29 PM,11 November 2020  1:42 PM,12 mins 48 secs,74.24,9.09,9.09,9.09,9.09,-2.27,6.06,-2.27,36.36
255,Finished,11 November 2020  1:29 PM,11 November 2020  1:44 PM,15 mins,14.39,-2.27,9.09,9.09,-,-2.27,3.03,-2.27,0.00
413,Finished,11 November 2020  1:29 PM,11 November 2020  1:44 PM,15 mins,48.48,9.09,-2.27,-2.27,9.09,-2.27,3.03,-2.27,36.36
465,Finished,11 November 2020  1:29 PM,11 November 2020  1:40 PM,10 mins 45 secs,0.0,-2.27,-2.27,-2.27,0.00,-2.27,0.00,9.09,0.00
432,Finished,11 November 2020  1:29 PM,11 November 2020  1:44 PM,14 mins 49 secs,59.85,-2.27,-2.27,9.09,9.09,9.09,3.03,-2.27,36.36
409,Finished,11 November 2020  1:29 PM,11 November 2020  1:44 PM,14 mins 59 secs,28.79,-2.27,9.09,-2.27,0.00,9.09,6.06,9.09,0.00
253,Finished,11 November 2020  1:30 PM,11 November 2020  1:45 PM,15 mins 9 secs,-3.03,-2.27,-,-2.27,0.00,-2.27,6.06,-2.27,-
464,Finished,11 November 2020  1:30 PM,11 November 2020  1:45 PM,15 mins,21.97,-,9.09,-,9.09,-,6.06,-2.27,0.00
257,Finished,11 November 2020  1:30 PM,11 November 2020  1:44 PM,14 mins 34 secs,53.79,-2.27,-2.27,9.09,0.00,-2.27,6.06,9.09,36.36
259,Finished,11 November 2020  1:30 PM,11 November 2020  1:45 PM,15 mins,77.27,9.09,9.09,-2.27,9.09,9.09,9.09,-2.27,36.36
274,Finished,11 November 2020  1:30 PM,11 November 2020  1:45 PM,15 mins 1 sec,41.67,-2.27,9.09,-2.27,-,-2.27,3.03,-,36.36
430,Finished,11 November 2020  1:30 PM,11 November 2020  1:45 PM,15 mins,14.39,9.09,9.09,-2.27,0.00,-2.27,3.03,-2.27,0.00
417,Finished,11 November 2020  1:30 PM,11 November 2020  1:45 PM,15 mins 1 sec,56.82,9.09,-2.27,-2.27,9.09,9.09,-,-2.27,36.36
266,Finished,11 November 2020  1:30 PM,11 November 2020  1:45 PM,15 mins 1 sec,49.24,9.09,9.09,-2.27,9.09,9.09,6.06,9.09,0.00
260,Finished,11 November 2020  1:30 PM,11 November 2020  1:45 PM,15 mins,62.12,9.09,9.09,-2.27,0.00,-2.27,3.03,9.09,36.36
250,Finished,11 November 2020  1:30 PM,11 November 2020  1:44 PM,14 mins 25 secs,14.39,-2.27,9.09,-2.27,0.00,-2.27,3.03,9.09,0.00
276,Finished,11 November 2020  1:30 PM,11 November 2020  1:45 PM,14 mins 55 secs,25.76,-2.27,9.09,9.09,0.00,-2.27,3.03,9.09,0.00
350,Finished,11 November 2020  1:30 PM,11 November 2020  1:37 PM,7 mins 17 secs,25.76,9.09,-2.27,-2.27,0.00,9.09,3.03,9.09,0.00
305,Finished,11 November 2020  1:30 PM,11 November 2020  1:45 PM,14 mins 59 secs,34.85,-2.27,-2.27,9.09,9.09,9.09,3.03,9.09,0.00
301,Finished,11 November 2020  1:30 PM,11 November 2020  1:45 PM,14 mins 47 secs,39.39,-2.27,9.09,-2.27,0.00,-2.27,3.03,-2.27,36.36
371,Finished,11 November 2020  1:30 PM,11 November 2020  1:45 PM,15 mins,28.03,-2.27,9.09,9.09,9.09,-,3.03,-,0.00
359,Finished,11 November 2020  1:30 PM,11 November 2020  1:45 PM,15 mins,33.33,-2.27,-,-2.27,0.00,-2.27,6.06,-2.27,36.36
348,Finished,11 November 2020  1:30 PM,11 November 2020  1:45 PM,15 mins 1 sec,13.64,-,9.09,-,-,-2.27,9.09,-2.27,-
332,Finished,11 November 2020  1:30 PM,11 November 2020  1:45 PM,15 mins,14.39,-2.27,9.09,-2.27,0.00,-2.27,3.03,9.09,0.00
258,Finished,11 November 2020  1:30 PM,11 November 2020  1:44 PM,14 mins 12 secs,39.39,-2.27,9.09,-2.27,0.00,-2.27,3.03,-2.27,36.36
370,Finished,11 November 2020  1:30 PM,11 November 2020  1:45 PM,15 mins 1 sec,15.91,9.09,-,-,0.00,-2.27,-,9.09,-
247,Finished,11 November 2020  1:30 PM,11 November 2020  1:42 PM,12 mins 22 secs,37.12,9.09,9.09,9.09,0.00,-2.27,3.03,9.09,0.00
352,Finished,11 November 2020  1:30 PM,11 November 2020  1:41 PM,11 mins 2 secs,65.91,9.09,9.09,-2.27,9.09,-2.27,9.09,-2.27,36.36
419,Finished,11 November 2020  1:30 PM,11 November 2020  1:45 PM,15 mins,43.18,9.09,9.09,9.09,0.00,-2.27,9.09,9.09,0.00
414,Finished,11 November 2020  1:30 PM,11 November 2020  1:45 PM,15 mins 3 secs,25.0,9.09,9.09,-2.27,-,-,9.09,-,0.00
379,Finished,11 November 2020  1:30 PM,11 November 2020  1:44 PM,14 mins 1 sec,62.88,9.09,9.09,-2.27,9.09,-2.27,6.06,-2.27,36.36
449,Finished,11 November 2020  1:30 PM,11 November 2020  1:46 PM,15 mins 31 secs,29.55,9.09,9.09,-2.27,9.09,-2.27,9.09,-2.27,0.00
410,Finished,11 November 2020  1:30 PM,11 November 2020  1:45 PM,15 mins,30.3,-2.27,-,-2.27,-,-2.27,3.03,-2.27,36.36
375,Finished,11 November 2020  1:30 PM,11 November 2020  1:45 PM,15 mins 14 secs,25.76,-2.27,9.09,-2.27,0.00,9.09,3.03,9.09,0.00
251,Finished,11 November 2020  1:30 PM,11 November 2020  1:43 PM,13 mins,31.06,-2.27,-2.27,-2.27,0.00,-2.27,6.06,-2.27,36.36
406,Finished,11 November 2020  1:30 PM,11 November 2020  1:45 PM,15 mins 3 secs,18.18,-,9.09,-,0.00,-,9.09,-,-
256,Finished,11 November 2020  1:30 PM,11 November 2020  1:45 PM,15 mins 1 sec,5.3,-2.27,9.09,-2.27,-,-,3.03,-2.27,0.00
431,Finished,11 November 2020  1:30 PM,11 November 2020  1:45 PM,15 mins,3.03,-2.27,9.09,-2.27,0.00,-2.27,3.03,-2.27,0.00
271,Finished,11 November 2020  1:31 PM,11 November 2020  1:36 PM,5 mins 35 secs,28.03,-2.27,-2.27,-2.27,0.00,-2.27,3.03,-2.27,36.36
437,Finished,11 November 2020  1:31 PM,11 November 2020  1:46 PM,15 mins,3.03,-2.27,9.09,-2.27,0.00,-2.27,3.03,-2.27,0.00
442,Finished,11 November 2020  1:31 PM,11 November 2020  1:46 PM,15 mins,-8.33,-2.27,-2.27,-2.27,0.00,-2.27,3.03,-2.27,0.00
474,Finished,11 November 2020  1:31 PM,11 November 2020  1:43 PM,12 mins 32 secs,14.39,-2.27,9.09,-2.27,0.00,9.09,3.03,-2.27,0.00
349,Finished,11 November 2020  1:31 PM,11 November 2020  1:46 PM,15 mins,34.09,9.09,9.09,-2.27,9.09,-,9.09,-,0.00
426,Finished,11 November 2020  1:31 PM,11 November 2020  1:46 PM,15 mins,7.58,-,9.09,-2.27,0.00,-2.27,3.03,-,0.00
354,Finished,11 November 2020  1:31 PM,11 November 2020  1:46 PM,15 mins 1 sec,25.76,9.09,9.09,-2.27,0.00,-2.27,3.03,9.09,0.00
338,Finished,11 November 2020  1:31 PM,11 November 2020  1:46 PM,15 mins,53.03,-,9.09,-2.27,9.09,-2.27,3.03,-,36.36
346,Finished,11 November 2020  1:31 PM,11 November 2020  1:46 PM,15 mins 1 sec,34.09,9.09,9.09,-2.27,9.09,-,9.09,-,0.00
360,Finished,11 November 2020  1:31 PM,11 November 2020  1:46 PM,15 mins,4.55,-,-,-,0.00,-2.27,9.09,-2.27,-
351,Finished,11 November 2020  1:31 PM,11 November 2020  1:44 PM,12 mins 55 secs,68.18,9.09,9.09,-2.27,0.00,9.09,9.09,-2.27,36.36
300,Finished,11 November 2020  1:31 PM,11 November 2020  1:46 PM,15 mins,50.76,9.09,-2.27,-2.27,0.00,9.09,3.03,-2.27,36.36
304,Finished,11 November 2020  1:31 PM,11 November 2020  1:46 PM,14 mins 34 secs,62.12,9.09,9.09,9.09,0.00,-2.27,3.03,-2.27,36.36
319,Finished,11 November 2020  1:31 PM,11 November 2020  1:45 PM,13 mins 29 secs,17.42,-2.27,9.09,-2.27,0.00,9.09,6.06,-2.27,0.00
353,Finished,11 November 2020  1:31 PM,11 November 2020  1:46 PM,15 mins,21.97,-,9.09,-,9.09,-2.27,6.06,-,0.00
363,Finished,11 November 2020  1:31 PM,11 November 2020  1:45 PM,14 mins 3 secs,14.39,-2.27,9.09,-2.27,0.00,-2.27,3.03,9.09,0.00
279,Finished,11 November 2020  1:31 PM,11 November 2020  1:39 PM,8 mins 10 secs,39.39,-2.27,-2.27,-2.27,0.00,-2.27,3.03,9.09,36.36
280,Finished,11 November 2020  1:31 PM,11 November 2020  1:46 PM,15 mins 1 sec,50.0,9.09,9.09,-,-,-2.27,-,-2.27,36.36
344,Finished,11 November 2020  1:31 PM,11 November 2020  1:46 PM,15 mins 3 secs,14.39,-2.27,9.09,-2.27,0.00,-2.27,3.03,9.09,0.00
453,Finished,11 November 2020  1:32 PM,11 November 2020  1:44 PM,11 mins 59 secs,9.09,-2.27,9.09,-2.27,0.00,-2.27,9.09,-2.27,0.00
450,Finished,11 November 2020  1:32 PM,11 November 2020  1:47 PM,15 mins 1 sec,25.76,9.09,-2.27,9.09,0.00,9.09,3.03,-2.27,0.00
330,Finished,11 November 2020  1:32 PM,11 November 2020  1:45 PM,13 mins 16 secs,14.39,-2.27,9.09,-2.27,0.00,-2.27,3.03,9.09,0.00
307,Finished,11 November 2020  1:32 PM,11 November 2020  1:47 PM,15 mins,40.15,-2.27,-2.27,-2.27,9.09,-2.27,6.06,-2.27,36.36
416,Finished,11 November 2020  1:32 PM,11 November 2020  1:47 PM,15 mins 1 sec,43.94,9.09,-,-,0.00,-2.27,3.03,-2.27,36.36
312,Finished,11 November 2020  1:32 PM,11 November 2020  1:47 PM,15 mins,7.58,-,9.09,-,0.00,-2.27,3.03,-2.27,0.00
325,Finished,11 November 2020  1:32 PM,11 November 2020  1:47 PM,15 mins 2 secs,13.64,-,-,-2.27,9.09,-2.27,9.09,-,-
441,Finished,11 November 2020  1:32 PM,11 November 2020  1:49 PM,16 mins 34 secs,-6.82,-2.27,-,-,-,-2.27,-,-2.27,-
269,Finished,11 November 2020  1:32 PM,11 November 2020  1:47 PM,15 mins 1 sec,55.3,9.09,9.09,-2.27,-,-,3.03,-,36.36
337,Finished,11 November 2020  1:32 PM,11 November 2020  1:45 PM,12 mins 33 secs,14.39,-2.27,9.09,-2.27,0.00,-2.27,3.03,9.09,0.00
331,Finished,11 November 2020  1:32 PM,11 November 2020  1:45 PM,12 mins 36 secs,3.03,-2.27,9.09,-2.27,0.00,-2.27,3.03,-2.27,0.00
384,Finished,11 November 2020  1:32 PM,11 November 2020  1:47 PM,15 mins 2 secs,4.55,-2.27,-,-,9.09,-,-,-2.27,-
316,Finished,11 November 2020  1:32 PM,11 November 2020  1:49 PM,16 mins 21 secs,16.67,9.09,9.09,-2.27,-,-,3.03,-2.27,-
181,Finished,11 November 2020  1:32 PM,11 November 2020  1:43 PM,10 mins 27 secs,14.39,-2.27,-2.27,-2.27,0.00,9.09,3.03,9.09,0.00
267,Finished,11 November 2020  1:32 PM,11 November 2020  1:47 PM,14 mins 40 secs,28.79,9.09,9.09,-2.27,0.00,9.09,6.06,-2.27,0.00
322,Finished,11 November 2020  1:32 PM,11 November 2020  1:47 PM,15 mins 1 sec,9.09,-,9.09,-,0.00,-,-,-,0.00
317,Finished,11 November 2020  1:32 PM,11 November 2020  1:47 PM,15 mins,50.0,-2.27,9.09,9.09,-,-,-,-2.27,36.36
327,Finished,11 November 2020  1:32 PM,11 November 2020  1:47 PM,15 mins,7.58,-2.27,9.09,-2.27,-,-,3.03,-,-
326,Finished,11 November 2020  1:32 PM,11 November 2020  1:47 PM,14 mins 59 secs,0.76,-,-,-2.27,-,-,3.03,-,-
270,Finished,11 November 2020  1:32 PM,11 November 2020  1:47 PM,14 mins 15 secs,73.48,9.09,9.09,-2.27,0.00,9.09,3.03,9.09,36.36
334,Finished,11 November 2020  1:32 PM,11 November 2020  1:45 PM,12 mins 41 secs,3.03,-2.27,9.09,-2.27,0.00,-2.27,3.03,-2.27,0.00
309,Finished,11 November 2020  1:32 PM,11 November 2020  1:47 PM,15 mins,34.09,-,9.09,9.09,-,9.09,9.09,-2.27,0.00
282,Finished,11 November 2020  1:32 PM,11 November 2020  1:46 PM,13 mins 36 secs,31.82,9.09,9.09,-2.27,0.00,-2.27,9.09,9.09,0.00
333,Finished,11 November 2020  1:32 PM,11 November 2020  1:45 PM,12 mins 22 secs,3.03,-2.27,9.09,-2.27,0.00,-2.27,3.03,-2.27,0.00
323,Finished,11 November 2020  1:32 PM,11 November 2020  1:47 PM,15 mins,34.85,-,-,-,-,-2.27,3.03,-2.27,36.36
396,Finished,11 November 2020  1:32 PM,11 November 2020  1:47 PM,15 mins,39.39,-2.27,9.09,-2.27,0.00,-2.27,3.03,-2.27,36.36
320,Finished,11 November 2020  1:33 PM,11 November 2020  1:48 PM,15 mins,62.12,-2.27,9.09,9.09,-,-2.27,3.03,9.09,36.36
428,Finished,11 November 2020  1:33 PM,11 November 2020  1:48 PM,15 mins 1 sec,22.73,9.09,9.09,-2.27,0.00,-2.27,-,9.09,0.00
302,Finished,11 November 2020  1:33 PM,11 November 2020  1:45 PM,12 mins 3 secs,50.76,-2.27,-2.27,-2.27,0.00,9.09,3.03,9.09,36.36
303,Finished,11 November 2020  1:33 PM,11 November 2020  1:48 PM,15 mins,14.39,-2.27,9.09,9.09,0.00,-2.27,3.03,-2.27,0.00
404,Finished,11 November 2020  1:33 PM,11 November 2020  1:48 PM,15 mins 1 sec,0.76,-,-,-2.27,0.00,-,3.03,-,-
318,Finished,11 November 2020  1:33 PM,11 November 2020  1:48 PM,15 mins,53.03,9.09,9.09,-2.27,0.00,-2.27,3.03,-,36.36
420,Finished,11 November 2020  1:33 PM,11 November 2020  1:48 PM,15 mins,20.45,9.09,9.09,-2.27,0.00,-2.27,9.09,-2.27,0.00
364,Finished,11 November 2020  1:33 PM,11 November 2020  1:48 PM,15 mins,11.36,-2.27,9.09,-2.27,-,-,9.09,-2.27,0.00
385,Finished,11 November 2020  1:33 PM,11 November 2020  1:45 PM,12 mins 13 secs,39.39,-2.27,-2.27,-2.27,0.00,-2.27,3.03,9.09,36.36
264,Finished,11 November 2020  1:33 PM,11 November 2020  1:45 PM,12 mins 40 secs,25.76,-2.27,9.09,9.09,0.00,-2.27,3.03,9.09,0.00
425,Finished,11 November 2020  1:33 PM,11 November 2020  1:48 PM,15 mins 2 secs,20.45,9.09,9.09,-2.27,0.00,-2.27,9.09,-2.27,0.00
399,Finished,11 November 2020  1:33 PM,11 November 2020  1:48 PM,14 mins 59 secs,20.45,-2.27,9.09,-2.27,0.00,-2.27,9.09,9.09,0.00
373,Finished,11 November 2020  1:33 PM,11 November 2020  1:48 PM,15 mins,21.21,-,9.09,9.09,-,-,3.03,-,-
356,Finished,11 November 2020  1:33 PM,11 November 2020  1:48 PM,15 mins,13.64,9.09,-,-2.27,0.00,9.09,-,-2.27,0.00
345,Finished,11 November 2020  1:33 PM,11 November 2020  1:44 PM,10 mins 39 secs,46.21,9.09,9.09,9.09,9.09,-2.27,3.03,9.09,0.00
278,Finished,11 November 2020  1:33 PM,11 November 2020  1:48 PM,14 mins 59 secs,31.82,9.09,9.09,9.09,0.00,-2.27,9.09,-2.27,0.00
372,Finished,11 November 2020  1:33 PM,11 November 2020  1:47 PM,14 mins 15 secs,29.55,9.09,-2.27,-2.27,9.09,9.09,9.09,-2.27,0.00
391,Finished,11 November 2020  1:33 PM,11 November 2020  1:48 PM,15 mins 1 sec,41.67,-2.27,-,-2.27,-,-2.27,3.03,9.09,36.36
376,Finished,11 November 2020  1:33 PM,11 November 2020  1:48 PM,15 mins,22.73,9.09,-,-2.27,0.00,9.09,9.09,-2.27,0.00
374,Finished,11 November 2020  1:33 PM,11 November 2020  1:48 PM,15 mins,40.91,9.09,-,-,0.00,-2.27,-,-2.27,36.36
380,Finished,11 November 2020  1:33 PM,11 November 2020  1:48 PM,15 mins 1 sec,58.33,9.09,9.09,-2.27,0.00,-,6.06,-,36.36
273,Finished,11 November 2020  1:33 PM,11 November 2020  1:48 PM,15 mins,5.3,-2.27,9.09,-2.27,0.00,-2.27,3.03,-,0.00
438,Finished,11 November 2020  1:33 PM,11 November 2020  1:48 PM,15 mins,18.94,-,9.09,9.09,-,-,3.03,-2.27,-
387,Finished,11 November 2020  1:33 PM,11 November 2020  1:48 PM,15 mins 1 sec,13.64,-2.27,9.09,-2.27,0.00,9.09,-,-,0.00
395,Finished,11 November 2020  1:33 PM,11 November 2020  1:48 PM,15 mins 1 sec,-6.06,-2.27,-2.27,-2.27,-,-2.27,3.03,-,0.00
378,Finished,11 November 2020  1:33 PM,11 November 2020  1:48 PM,14 mins 59 secs,-8.33,-2.27,-2.27,-2.27,0.00,-2.27,3.03,-2.27,0.00
394,Finished,11 November 2020  1:33 PM,11 November 2020  1:43 PM,10 mins 14 secs,39.39,-2.27,9.09,-2.27,0.00,-2.27,3.03,-2.27,36.36
382,Finished,11 November 2020  1:33 PM,11 November 2020  1:48 PM,15 mins,18.94,-,9.09,-2.27,-,9.09,3.03,-,-
398,Finished,11 November 2020  1:33 PM,11 November 2020  1:48 PM,15 mins 7 secs,40.15,9.09,9.09,-2.27,9.09,9.09,6.06,-,-
342,Finished,11 November 2020  1:33 PM,11 November 2020  1:48 PM,15 mins 1 sec,47.73,9.09,-2.27,9.09,-,-2.27,-,-2.27,36.36
358,Finished,11 November 2020  1:33 PM,11 November 2020  1:48 PM,15 mins,-2.27,-,-2.27,-,-,-,-,-,0.00
355,Finished,11 November 2020  1:33 PM,11 November 2020  1:48 PM,15 mins,0.0,-,-,-,-,-,0.00,-,-
397,Finished,11 November 2020  1:33 PM,11 November 2020  1:48 PM,15 mins,25.76,-2.27,9.09,9.09,0.00,9.09,3.03,-2.27,0.00
400,Finished,11 November 2020  1:33 PM,11 November 2020  1:48 PM,15 mins,13.64,-,-,9.09,-,-2.27,9.09,-2.27,0.00
386,Finished,11 November 2020  1:33 PM,11 November 2020  1:48 PM,14 mins 57 secs,14.39,-2.27,9.09,-2.27,0.00,9.09,3.03,-2.27,0.00
383,Finished,11 November 2020  1:33 PM,11 November 2020  1:49 PM,15 mins 29 secs,9.09,-2.27,9.09,-2.27,0.00,-2.27,9.09,-2.27,0.00
407,Finished,11 November 2020  1:34 PM,11 November 2020  1:49 PM,15 mins 1 sec,40.91,-,-,-2.27,0.00,9.09,0.00,-2.27,36.36
341,Finished,11 November 2020  1:34 PM,11 November 2020  1:48 PM,14 mins 26 secs,3.03,-2.27,-2.27,9.09,0.00,-2.27,3.03,-2.27,0.00
291,Finished,11 November 2020  1:34 PM,11 November 2020  1:49 PM,15 mins 1 sec,16.67,9.09,9.09,-2.27,-,-2.27,3.03,-,-
392,Finished,11 November 2020  1:34 PM,11 November 2020  1:49 PM,15 mins 1 sec,-3.79,-2.27,-,-,0.00,-2.27,3.03,-2.27,0.00
452,Finished,11 November 2020  1:35 PM,11 November 2020  1:46 PM,11 mins 35 secs,34.09,-2.27,-2.27,-2.27,0.00,-2.27,9.09,-2.27,36.36
433,Finished,11 November 2020  1:35 PM,11 November 2020  1:50 PM,15 mins,28.03,9.09,-,-,9.09,9.09,3.03,-2.27,0.00
455,Finished,11 November 2020  1:35 PM,11 November 2020  1:49 PM,14 mins 22 secs,14.39,-2.27,9.09,9.09,0.00,-2.27,3.03,-2.27,0.00
440,Finished,11 November 2020  1:35 PM,11 November 2020  1:49 PM,14 mins 28 secs,18.18,9.09,-,-,-,-,9.09,-,0.00
443,Finished,11 November 2020  1:35 PM,11 November 2020  1:50 PM,15 mins 1 sec,79.55,9.09,-,-2.27,9.09,9.09,9.09,9.09,36.36
451,Finished,11 November 2020  1:35 PM,11 November 2020  1:50 PM,15 mins,52.27,9.09,9.09,-,0.00,-2.27,0.00,-,36.36
466,Finished,11 November 2020  1:35 PM,11 November 2020  1:50 PM,15 mins,70.45,9.09,9.09,9.09,-,-,9.09,-2.27,36.36
467,Finished,11 November 2020  1:35 PM,11 November 2020  1:50 PM,15 mins,22.73,9.09,9.09,-2.27,0.00,-,9.09,-2.27,0.00
454,Finished,11 November 2020  1:35 PM,11 November 2020  1:50 PM,15 mins,2.27,-2.27,9.09,-,0.00,-2.27,-,-2.27,0.00
458,Finished,11 November 2020  1:35 PM,11 November 2020  1:50 PM,15 mins 1 sec,53.79,9.09,-2.27,9.09,-,-2.27,6.06,-2.27,36.36
468,Finished,11 November 2020  1:35 PM,11 November 2020  1:50 PM,15 mins,34.09,9.09,9.09,9.09,-,-2.27,9.09,-,0.00
463,Finished,11 November 2020  1:35 PM,11 November 2020  1:50 PM,15 mins 1 sec,9.09,-,9.09,-,0.00,-,-,-,0.00
456,Finished,11 November 2020  1:35 PM,11 November 2020  1:47 PM,12 mins 12 secs,14.39,9.09,9.09,-2.27,0.00,-2.27,3.03,-2.27,0.00
459,Finished,11 November 2020  1:35 PM,11 November 2020  1:50 PM,15 mins,14.39,-2.27,9.09,-2.27,0.00,-2.27,3.03,9.09,0.00
315,Finished,11 November 2020  1:35 PM,11 November 2020  1:52 PM,16 mins 39 secs,9.09,-,-,-,-,9.09,-,-,-
439,Finished,11 November 2020  1:35 PM,11 November 2020  1:50 PM,15 mins,9.09,9.09,-2.27,-2.27,0.00,-2.27,9.09,-2.27,0.00
462,Finished,11 November 2020  1:35 PM,11 November 2020  1:50 PM,15 mins 2 secs,43.18,9.09,9.09,9.09,-,9.09,9.09,-2.27,0.00
296,Finished,11 November 2020  1:35 PM,11 November 2020  1:49 PM,14 mins 19 secs,3.03,-2.27,-2.27,-2.27,0.00,-2.27,3.03,9.09,0.00
366,Finished,11 November 2020  1:35 PM,11 November 2020  1:47 PM,12 mins 7 secs,77.27,-2.27,9.09,9.09,9.09,-2.27,9.09,9.09,36.36
447,Finished,11 November 2020  1:35 PM,11 November 2020  1:50 PM,14 mins 28 secs,25.76,-2.27,9.09,9.09,0.00,-2.27,3.03,9.09,0.00
469,Finished,11 November 2020  1:35 PM,11 November 2020  1:50 PM,15 mins 1 sec,3.03,-2.27,-2.27,9.09,-,-2.27,3.03,-2.27,0.00
368,Finished,11 November 2020  1:35 PM,11 November 2020  1:50 PM,15 mins,45.45,9.09,-2.27,-2.27,-,-2.27,9.09,-2.27,36.36
328,Finished,11 November 2020  1:36 PM,11 November 2020  1:51 PM,15 mins 2 secs,6.82,-,-,9.09,0.00,-,-,-2.27,0.00
329,Finished,11 November 2020  1:36 PM,11 November 2020  1:50 PM,14 mins 32 secs,3.03,9.09,-2.27,-2.27,0.00,-2.27,3.03,-2.27,0.00
369,Finished,11 November 2020  1:36 PM,11 November 2020  1:51 PM,15 mins,25.76,-2.27,9.09,-2.27,0.00,9.09,3.03,9.09,0.00
361,Finished,11 November 2020  1:37 PM,11 November 2020  1:52 PM,15 mins,4.55,-,9.09,-2.27,-,-,-,-2.27,0.00
377,Finished,11 November 2020  1:37 PM,11 November 2020  1:52 PM,15 mins 2 secs,29.55,9.09,9.09,-2.27,9.09,-2.27,9.09,-2.27,0.00
347,Finished,11 November 2020  1:37 PM,11 November 2020  1:52 PM,15 mins,12.12,-2.27,9.09,-2.27,9.09,-2.27,3.03,-2.27,-
393,Finished,11 November 2020  1:37 PM,11 November 2020  1:52 PM,15 mins,14.39,9.09,9.09,-2.27,0.00,-2.27,3.03,-2.27,0.00
292,Finished,11 November 2020  1:38 PM,11 November 2020  1:49 PM,11 mins 4 secs,42.42,-2.27,9.09,-2.27,0.00,-2.27,6.06,-2.27,36.36
444,Finished,11 November 2020  1:40 PM,11 November 2020  1:55 PM,15 mins 1 sec,13.64,-2.27,9.09,-,0.00,-2.27,9.09,-,0.00
367,Finished,11 November 2020  1:41 PM,11 November 2020  1:50 PM,9 mins 40 secs,3.03,-2.27,9.09,-2.27,0.00,-2.27,3.03,-2.27,0.00
504,Finished,11 November 2020  1:41 PM,11 November 2020  1:58 PM,16 mins 36 secs,0.0,-,-,-,-,-,-,-,-
427,Finished,11 November 2020  1:43 PM,11 November 2020  1:58 PM,15 mins,63.64,9.09,9.09,-,-,-,9.09,-,36.36
460,Finished,11 November 2020  1:44 PM,11 November 2020  1:59 PM,15 mins 1 sec,70.45,9.09,9.09,-2.27,-,9.09,9.09,-,36.36
408,Finished,11 November 2020  1:45 PM,11 November 2020  1:56 PM,11 mins 27 secs,76.52,9.09,9.09,-2.27,9.09,9.09,6.06,-,36.36
471,Finished,11 November 2020  1:47 PM,11 November 2020  2:02 PM,15 mins 1 sec,21.97,-,9.09,9.09,-,-2.27,6.06,-,-
185,Finished,11 November 2020  1:50 PM,11 November 2020  2:03 PM,12 mins 35 secs,3.03,9.09,-2.27,-2.27,0.00,-2.27,3.03,-2.27,0.00
472,Finished,11 November 2020  1:50 PM,11 November 2020  2:03 PM,12 mins 46 secs,77.27,9.09,9.09,9.09,9.09,-2.27,9.09,-2.27,36.36
390,Finished,11 November 2020  1:51 PM,11 November 2020  1:53 PM,1 min 58 secs,42.42,-2.27,-2.27,-2.27,0.00,9.09,6.06,-2.27,36.36
479,Finished,11 November 2020  1:54 PM,11 November 2020  2:09 PM,15 mins 1 sec,46.21,-,9.09,-2.27,-,-,3.03,-,36.36
480,Finished,11 November 2020  1:54 PM,11 November 2020  2:09 PM,15 mins,59.09,-,9.09,9.09,0.00,-2.27,9.09,-2.27,36.36
177,Finished,11 November 2020  1:55 PM,11 November 2020  2:03 PM,8 mins 50 secs,50.76,9.09,-2.27,-2.27,-,-2.27,3.03,9.09,36.36
478,Finished,11 November 2020  1:55 PM,11 November 2020  2:09 PM,13 mins 28 secs,14.39,-2.27,9.09,-2.27,0.00,9.09,3.03,-2.27,0.00
481,Finished,11 November 2020  1:57 PM,11 November 2020  2:12 PM,15 mins 1 sec,52.27,-2.27,-,9.09,0.00,9.09,-,-,36.36
484,Finished,11 November 2020  1:57 PM,11 November 2020  2:12 PM,15 mins,21.21,-,-,-,9.09,-,3.03,9.09,0.00
483,Finished,11 November 2020  1:58 PM,11 November 2020  2:13 PM,15 mins 1 sec,50.76,-2.27,9.09,-2.27,0.00,-2.27,3.03,9.09,36.36
486,Finished,11 November 2020  1:58 PM,11 November 2020  2:13 PM,14 mins 29 secs,3.03,-2.27,9.09,-2.27,0.00,-2.27,3.03,-2.27,0.00
495,Finished,11 November 2020  2:00 PM,11 November 2020  2:12 PM,12 mins 34 secs,50.76,-2.27,9.09,9.09,0.00,-2.27,3.03,-2.27,36.36
488,Finished,11 November 2020  2:00 PM,11 November 2020  2:15 PM,15 mins 1 sec,51.52,-,9.09,-,-,-,6.06,-,36.36
491,Finished,11 November 2020  2:00 PM,11 November 2020  2:15 PM,15 mins,28.79,9.09,9.09,-,9.09,-2.27,6.06,-2.27,0.00
497,Finished,11 November 2020  2:00 PM,11 November 2020  2:15 PM,15 mins,39.39,-2.27,9.09,-2.27,-,-2.27,3.03,-2.27,36.36
487,Finished,11 November 2020  2:00 PM,11 November 2020  2:15 PM,15 mins 1 sec,17.42,-2.27,-,9.09,9.09,-2.27,6.06,-2.27,-
490,Finished,11 November 2020  2:00 PM,11 November 2020  2:15 PM,15 mins 1 sec,19.7,9.09,-,-,9.09,-2.27,6.06,-2.27,0.00
489,Finished,11 November 2020  2:01 PM,11 November 2020  2:16 PM,15 mins 1 sec,25.0,9.09,9.09,-,-,-,9.09,-2.27,-
492,Finished,11 November 2020  2:01 PM,11 November 2020  2:16 PM,15 mins,18.18,-,9.09,-,-,-,9.09,-,0.00
494,Finished,11 November 2020  2:01 PM,11 November 2020  2:16 PM,15 mins,31.06,-,9.09,-2.27,9.09,9.09,6.06,-,0.00
493,Finished,11 November 2020  2:02 PM,11 November 2020  2:17 PM,14 mins 53 secs,37.88,9.09,9.09,9.09,9.09,-2.27,6.06,-2.27,0.00
496,Finished,11 November 2020  2:06 PM,11 November 2020  2:18 PM,12 mins 13 secs,79.55,9.09,9.09,9.09,0.00,-2.27,9.09,9.09,36.36
498,Finished,11 November 2020  2:06 PM,11 November 2020  2:19 PM,12 mins 52 secs,88.64,9.09,9.09,9.09,9.09,-2.27,9.09,9.09,36.36
262,Finished,11 November 2020  2:07 PM,11 November 2020  2:12 PM,4 mins 11 secs,39.39,-2.27,-2.27,-2.27,0.00,9.09,3.03,-2.27,36.36
508,Finished,11 November 2020  2:07 PM,11 November 2020  2:23 PM,15 mins 1 sec,36.36,9.09,9.09,-,-,9.09,9.09,-,-
513,Finished,11 November 2020  2:08 PM,11 November 2020  2:22 PM,13 mins 41 secs,53.79,-2.27,9.09,-2.27,0.00,-2.27,6.06,9.09,36.36
501,Finished,11 November 2020  2:10 PM,11 November 2020  2:25 PM,15 mins,11.36,-2.27,-,-2.27,-,9.09,9.09,-2.27,0.00
502,Finished,11 November 2020  2:12 PM,11 November 2020  2:27 PM,15 mins,34.09,9.09,9.09,-,0.00,9.09,9.09,-2.27,0.00
506,Finished,11 November 2020  2:20 PM,11 November 2020  2:35 PM,15 mins 1 sec,66.67,9.09,9.09,-,-,9.09,3.03,-,36.36
503,Finished,11 November 2020  2:28 PM,11 November 2020  2:43 PM,15 mins 1 sec,28.03,9.09,-,-,9.09,9.09,3.03,-2.27,0.00
505,Finished,11 November 2020  2:37 PM,11 November 2020  2:52 PM,14 mins 37 secs,77.27,9.09,9.09,9.09,9.09,-2.27,9.09,-2.27,36.36
436,Finished,11 November 2020  2:46 PM,11 November 2020  3:03 PM,16 mins 57 secs,0.0,-,-,-,-,-,-,-,-
509,Finished,11 November 2020  2:53 PM,11 November 2020  3:08 PM,15 mins,47.73,-2.27,9.09,-2.27,-,9.09,-,-2.27,36.36
510,Finished,11 November 2020  2:54 PM,11 November 2020  3:09 PM,14 mins 28 secs,25.76,9.09,9.09,-2.27,0.00,9.09,3.03,-2.27,0.00
