Email address,State,Started on,Completed,Time taken,Grade/100.00,Q. 1 /26.67,Q. 2 /6.67,Q. 3 /6.67,Q. 4 /6.67,Q. 5 /6.67,Q. 6 /6.67,Q. 7 /6.67,Q. 8 /6.67,Q. 9 /6.67,Q. 10 /6.67,Q. 11 /6.67,Q. 12 /6.67
21,Finished,8 November 2020  8:34 AM,8 November 2020  8:54 AM,19 mins 47 secs,19.33,2.67,-1.67,3.33,-1.67,-1.67,6.67,0.00,6.67,-1.67,0.00,0.00,6.67
127,Finished,8 November 2020  8:35 AM,8 November 2020  9:01 AM,26 mins 39 secs,13.0,8.00,-1.67,3.33,-1.67,-1.67,0.00,0.00,0.00,-1.67,3.33,6.67,-1.67
81,Finished,8 November 2020  8:36 AM,8 November 2020  9:16 AM,40 mins,40.0,13.33,6.67,-,-1.67,-1.67,6.67,6.67,3.33,-,6.67,0.00,-
236,Finished,8 November 2020  8:38 AM,8 November 2020  9:18 AM,40 mins,28.33,0.00,-1.67,3.33,-,6.67,0.00,6.67,-,6.67,6.67,0.00,-
59,Finished,8 November 2020  8:40 AM,8 November 2020  9:20 AM,40 mins,31.67,0.00,6.67,1.67,-,-,-,6.67,3.33,-,6.67,0.00,6.67
94,Finished,8 November 2020  8:42 AM,8 November 2020  9:09 AM,27 mins 19 secs,45.0,13.33,-1.67,6.67,-1.67,-1.67,6.67,6.67,5.00,-1.67,6.67,0.00,6.67
9,Finished,8 November 2020  8:47 AM,8 November 2020  9:27 AM,40 mins,30.0,-,6.67,6.67,-1.67,-1.67,0.00,-,-,6.67,6.67,-,6.67
186,Finished,8 November 2020  8:56 AM,8 November 2020  9:27 AM,31 mins 12 secs,9.67,8.00,-1.67,0.00,-1.67,-1.67,0.00,0.00,0.00,-1.67,1.67,0.00,6.67
183,Finished,8 November 2020  8:56 AM,8 November 2020  9:10 AM,13 mins 27 secs,41.67,0.00,-1.67,6.67,6.67,6.67,6.67,6.67,5.00,-1.67,0.00,0.00,6.67
349,Finished,8 November 2020  8:58 AM,8 November 2020  9:24 AM,26 mins 2 secs,74.67,8.00,6.67,6.67,6.67,6.67,6.67,6.67,6.67,6.67,6.67,0.00,6.67
245,Finished,8 November 2020  8:59 AM,8 November 2020  9:34 AM,35 mins 1 sec,20.0,0.00,-1.67,3.33,-1.67,-1.67,0.00,0.00,5.00,6.67,3.33,0.00,6.67
102,Finished,8 November 2020  9:02 AM,8 November 2020  9:41 AM,39 mins 16 secs,5.0,-,-,-,-,-,-,-,5.00,-,-,-,-
123,Finished,8 November 2020  9:05 AM,8 November 2020  9:45 AM,40 mins,16.67,13.33,-1.67,3.33,-1.67,-1.67,0.00,0.00,0.00,6.67,0.00,0.00,-1.67
182,Finished,8 November 2020  9:09 AM,8 November 2020  9:46 AM,36 mins 33 secs,76.33,21.33,6.67,3.33,6.67,-1.67,6.67,6.67,6.67,6.67,6.67,0.00,6.67
156,Finished,8 November 2020  9:18 AM,8 November 2020  9:38 AM,19 mins 55 secs,31.67,0.00,-1.67,6.67,-1.67,6.67,0.00,0.00,1.67,6.67,6.67,0.00,6.67
81,Finished,8 November 2020  9:18 AM,8 November 2020  9:46 AM,27 mins 46 secs,53.0,8.00,6.67,3.33,6.67,-1.67,6.67,6.67,5.00,6.67,6.67,0.00,-1.67
59,Finished,8 November 2020  9:21 AM,8 November 2020  10:03 AM,41 mins 57 secs,35.0,0.00,6.67,1.67,-,-,-,6.67,-,6.67,6.67,0.00,6.67
236,Finished,8 November 2020  9:21 AM,8 November 2020  10:03 AM,41 mins 56 secs,36.67,0.00,-1.67,6.67,-1.67,6.67,0.00,6.67,0.00,6.67,6.67,0.00,6.67
140,Finished,8 November 2020  9:21 AM,8 November 2020  10:03 AM,41 mins 31 secs,13.33,13.33,-,-,-,-,-,-,-,-,-,-,-
9,Finished,8 November 2020  9:28 AM,8 November 2020  9:38 AM,9 mins 50 secs,43.33,0.00,6.67,6.67,-1.67,-1.67,0.00,6.67,6.67,6.67,6.67,0.00,6.67
52,Finished,8 November 2020  9:31 AM,8 November 2020  10:11 AM,40 mins 2 secs,18.33,-,-,3.33,-1.67,-1.67,0.00,6.67,0.00,6.67,6.67,0.00,-1.67
99,Finished,8 November 2020  9:32 AM,8 November 2020  10:07 AM,34 mins 51 secs,50.0,13.33,6.67,3.33,6.67,-1.67,6.67,0.00,6.67,-1.67,3.33,0.00,6.67
98,Finished,8 November 2020  9:32 AM,8 November 2020  10:11 AM,38 mins 48 secs,33.33,0.00,6.67,3.33,-1.67,-1.67,6.67,0.00,6.67,6.67,0.00,0.00,6.67
203,Finished,8 November 2020  9:37 AM,8 November 2020  9:56 AM,19 mins 36 secs,18.0,8.00,6.67,3.33,-1.67,-1.67,0.00,0.00,3.33,-1.67,3.33,0.00,-1.67
193,Finished,8 November 2020  9:38 AM,8 November 2020  10:20 AM,41 mins 46 secs,5.0,-,-1.67,-,-,-,-,-,-,-,-,0.00,6.67
156,Finished,8 November 2020  9:39 AM,8 November 2020  10:21 AM,41 mins 36 secs,6.67,-,-,-,-,-,0.00,-,-,6.67,-,0.00,-
102,Finished,8 November 2020  9:42 AM,8 November 2020  9:56 AM,14 mins 7 secs,61.67,13.33,6.67,5.00,-1.67,6.67,0.00,6.67,5.00,6.67,6.67,0.00,6.67
4,Finished,8 November 2020  9:43 AM,8 November 2020  10:25 AM,41 mins 22 secs,25.0,13.33,-1.67,3.33,-1.67,-1.67,0.00,0.00,0.00,6.67,0.00,0.00,6.67
122,Finished,8 November 2020  9:49 AM,8 November 2020  10:15 AM,25 mins 56 secs,16.33,8.00,6.67,3.33,-1.67,-1.67,0.00,0.00,1.67,-1.67,3.33,0.00,-1.67
105,Finished,8 November 2020  9:51 AM,8 November 2020  10:31 AM,40 mins,61.67,26.67,-,6.67,6.67,-,0.00,6.67,1.67,6.67,6.67,0.00,-
429,Finished,8 November 2020  9:55 AM,8 November 2020  10:37 AM,41 mins 53 secs,0.0,-,-,-,-,-,-,-,-,-,-,-,-
280,Finished,8 November 2020  10:00 AM,8 November 2020  10:42 AM,41 mins 50 secs,18.33,0.00,-1.67,6.67,-1.67,6.67,0.00,6.67,5.00,-1.67,0.00,0.00,-1.67
11,Finished,8 November 2020  10:01 AM,8 November 2020  10:35 AM,33 mins 49 secs,21.33,21.33,-1.67,3.33,-1.67,-1.67,0.00,0.00,1.67,-1.67,3.33,0.00,-1.67
400,Finished,8 November 2020  10:04 AM,8 November 2020  10:38 AM,33 mins 38 secs,41.33,8.00,6.67,6.67,-1.67,-1.67,6.67,6.67,5.00,-1.67,0.00,0.00,6.67
102,Finished,8 November 2020  10:06 AM,8 November 2020  10:20 AM,14 mins 2 secs,41.67,0.00,6.67,6.67,-1.67,-1.67,0.00,6.67,5.00,6.67,6.67,0.00,6.67
166,Finished,8 November 2020  10:08 AM,8 November 2020  10:50 AM,41 mins 32 secs,13.33,-,-1.67,-,-,-,0.00,6.67,5.00,-,3.33,0.00,-
52,Finished,8 November 2020  10:11 AM,8 November 2020  10:34 AM,23 mins 5 secs,25.0,0.00,6.67,3.33,-1.67,-1.67,0.00,6.67,0.00,6.67,6.67,0.00,-1.67
202,Finished,8 November 2020  10:15 AM,8 November 2020  10:32 AM,16 mins 50 secs,-1.67,0.00,-1.67,3.33,-1.67,-1.67,0.00,0.00,0.00,-1.67,3.33,0.00,-1.67
61,Finished,8 November 2020  10:19 AM,8 November 2020  10:29 AM,10 mins 37 secs,23.33,0.00,-1.67,3.33,-1.67,6.67,6.67,6.67,0.00,-1.67,0.00,6.67,-1.67
58,Finished,8 November 2020  10:21 AM,8 November 2020  11:01 AM,39 mins 42 secs,36.67,0.00,6.67,3.33,-1.67,-1.67,6.67,6.67,5.00,-1.67,6.67,0.00,6.67
69,Finished,8 November 2020  10:27 AM,8 November 2020  10:53 AM,25 mins 53 secs,46.67,13.33,-1.67,6.67,-1.67,-1.67,0.00,6.67,5.00,6.67,6.67,0.00,6.67
105,Finished,8 November 2020  10:32 AM,8 November 2020  10:52 AM,20 mins 29 secs,78.33,26.67,6.67,6.67,-1.67,6.67,0.00,6.67,6.67,6.67,6.67,0.00,6.67
430,Finished,8 November 2020  10:33 AM,8 November 2020  10:56 AM,23 mins 4 secs,55.0,13.33,-1.67,6.67,6.67,6.67,0.00,6.67,0.00,6.67,3.33,0.00,6.67
112,Finished,8 November 2020  10:33 AM,8 November 2020  10:44 AM,11 mins 1 sec,43.33,13.33,6.67,5.00,-1.67,-1.67,6.67,6.67,3.33,-1.67,0.00,0.00,6.67
202,Finished,8 November 2020  10:34 AM,8 November 2020  11:16 AM,41 mins 39 secs,6.67,-,6.67,-,-,-,-,-,-,-,0.00,-,-
11,Finished,8 November 2020  10:36 AM,8 November 2020  11:04 AM,28 mins 20 secs,-1.67,0.00,-1.67,3.33,-1.67,-1.67,0.00,0.00,0.00,-1.67,3.33,0.00,-1.67
77,Finished,8 November 2020  10:38 AM,8 November 2020  11:04 AM,26 mins 36 secs,23.33,13.33,-1.67,1.67,-1.67,-1.67,0.00,0.00,0.00,6.67,0.00,0.00,6.67
431,Finished,8 November 2020  10:39 AM,8 November 2020  10:56 AM,16 mins 48 secs,31.67,0.00,-1.67,3.33,-1.67,6.67,6.67,6.67,0.00,-1.67,0.00,6.67,6.67
112,Finished,8 November 2020  10:45 AM,8 November 2020  10:54 AM,9 mins 28 secs,55.0,26.67,6.67,5.00,-1.67,-1.67,6.67,6.67,1.67,-1.67,0.00,0.00,6.67
74,Finished,8 November 2020  10:45 AM,8 November 2020  11:27 AM,41 mins 16 secs,0.0,-,-,-,-,-,-,-,-,-,0.00,-,-
432,Finished,8 November 2020  10:53 AM,8 November 2020  11:06 AM,12 mins 48 secs,18.0,8.00,-1.67,3.33,-1.67,-1.67,0.00,6.67,0.00,6.67,0.00,0.00,-1.67
138,Finished,8 November 2020  10:54 AM,8 November 2020  11:28 AM,33 mins 32 secs,56.67,0.00,6.67,6.67,-1.67,6.67,6.67,6.67,5.00,6.67,6.67,0.00,6.67
275,Finished,8 November 2020  10:57 AM,8 November 2020  11:04 AM,6 mins 50 secs,38.0,8.00,6.67,3.33,-1.67,-1.67,6.67,6.67,5.00,-1.67,0.00,0.00,6.67
193,Finished,8 November 2020  10:58 AM,8 November 2020  11:22 AM,23 mins 26 secs,12.33,10.67,-1.67,3.33,-1.67,-1.67,0.00,0.00,1.67,-1.67,5.00,0.00,-1.67
41,Finished,8 November 2020  10:58 AM,8 November 2020  11:15 AM,16 mins 11 secs,31.67,0.00,-1.67,3.33,6.67,6.67,0.00,6.67,1.67,6.67,3.33,0.00,-1.67
85,Finished,8 November 2020  11:02 AM,8 November 2020  11:33 AM,31 mins 34 secs,46.67,26.67,-1.67,1.67,-1.67,-1.67,0.00,0.00,3.33,6.67,6.67,0.00,6.67
271,Finished,8 November 2020  11:02 AM,8 November 2020  11:42 AM,39 mins 50 secs,61.33,8.00,6.67,6.67,-1.67,6.67,6.67,6.67,1.67,6.67,6.67,0.00,6.67
11,Finished,8 November 2020  11:05 AM,8 November 2020  11:09 AM,4 mins 11 secs,14.33,16.00,-1.67,3.33,-1.67,-1.67,0.00,0.00,1.67,-1.67,1.67,0.00,-1.67
275,Finished,8 November 2020  11:06 AM,8 November 2020  11:48 AM,41 mins 28 secs,0.0,-,-,-,-,-,-,-,-,-,-,-,-
76,Finished,8 November 2020  11:09 AM,8 November 2020  11:51 AM,41 mins 52 secs,25.0,-,-1.67,6.67,-1.67,6.67,6.67,6.67,1.67,-,-,-,-
158,Finished,8 November 2020  11:11 AM,8 November 2020  11:51 AM,39 mins 43 secs,83.33,26.67,6.67,6.67,6.67,-1.67,6.67,6.67,5.00,6.67,6.67,0.00,6.67
84,Finished,8 November 2020  11:12 AM,8 November 2020  11:41 AM,28 mins 49 secs,80.0,13.33,6.67,6.67,6.67,6.67,6.67,6.67,6.67,6.67,6.67,0.00,6.67
273,Finished,8 November 2020  11:13 AM,8 November 2020  11:53 AM,40 mins,30.0,13.33,-,-,6.67,-,-,-,-,6.67,3.33,-,-
166,Finished,8 November 2020  11:18 AM,8 November 2020  11:30 AM,11 mins 44 secs,26.67,13.33,-1.67,3.33,-1.67,6.67,0.00,6.67,0.00,-1.67,3.33,0.00,-1.67
66,Finished,8 November 2020  11:21 AM,8 November 2020  11:37 AM,15 mins 51 secs,38.0,8.00,-1.67,3.33,6.67,-1.67,0.00,6.67,3.33,6.67,0.00,0.00,6.67
270,Finished,8 November 2020  11:23 AM,8 November 2020  11:52 AM,29 mins 51 secs,38.0,8.00,-1.67,3.33,-1.67,-1.67,6.67,6.67,5.00,6.67,0.00,0.00,6.67
212,Finished,8 November 2020  11:29 AM,8 November 2020  12:09 PM,40 mins,23.33,0.00,-1.67,3.33,6.67,-1.67,0.00,0.00,3.33,6.67,6.67,0.00,-
166,Finished,8 November 2020  11:32 AM,8 November 2020  12:12 PM,40 mins 1 sec,15.67,10.67,-,3.33,-,-,-,-,1.67,-,-,0.00,-
47,Finished,8 November 2020  11:32 AM,8 November 2020  11:48 AM,15 mins 13 secs,31.0,2.67,-1.67,-,6.67,-1.67,0.00,6.67,6.67,6.67,6.67,0.00,-1.67
257,Finished,8 November 2020  11:35 AM,8 November 2020  12:15 PM,40 mins,50.0,13.33,-,6.67,6.67,6.67,0.00,6.67,5.00,-1.67,0.00,0.00,6.67
225,Finished,8 November 2020  11:38 AM,8 November 2020  12:08 PM,29 mins 10 secs,53.33,0.00,6.67,1.67,6.67,6.67,6.67,6.67,1.67,6.67,3.33,0.00,6.67
17,Finished,8 November 2020  11:40 AM,8 November 2020  12:04 PM,24 mins 4 secs,51.67,13.33,6.67,3.33,6.67,-1.67,0.00,6.67,-,6.67,3.33,0.00,6.67
92,Finished,8 November 2020  11:41 AM,8 November 2020  12:20 PM,39 mins 2 secs,31.67,13.33,-1.67,3.33,-1.67,-1.67,0.00,6.67,0.00,6.67,0.00,0.00,6.67
172,Finished,8 November 2020  11:43 AM,8 November 2020  12:05 PM,21 mins 27 secs,47.67,16.00,6.67,3.33,6.67,6.67,0.00,0.00,3.33,6.67,0.00,0.00,-1.67
196,Finished,8 November 2020  11:47 AM,8 November 2020  12:27 PM,40 mins,68.33,26.67,-1.67,6.67,6.67,-1.67,6.67,-,5.00,6.67,6.67,0.00,6.67
194,Finished,8 November 2020  11:47 AM,8 November 2020  12:27 PM,40 mins,41.33,8.00,-1.67,6.67,-1.67,-1.67,0.00,6.67,5.00,6.67,6.67,0.00,6.67
6,Finished,8 November 2020  11:47 AM,8 November 2020  12:21 PM,33 mins 28 secs,60.0,26.67,-1.67,3.33,-1.67,-1.67,6.67,6.67,5.00,6.67,3.33,0.00,6.67
72,Finished,8 November 2020  11:47 AM,8 November 2020  12:21 PM,33 mins 43 secs,45.0,13.33,6.67,6.67,-1.67,6.67,0.00,0.00,0.00,6.67,0.00,0.00,6.67
207,Finished,8 November 2020  11:50 AM,8 November 2020  12:32 PM,41 mins 44 secs,0.0,-,-,-,-,-,-,-,-,-,-,-,-
108,Finished,8 November 2020  11:50 AM,8 November 2020  12:30 PM,40 mins 1 sec,39.67,21.33,-1.67,-,-,-,6.67,-,6.67,-,-,0.00,6.67
134,Finished,8 November 2020  11:57 AM,8 November 2020  12:24 PM,26 mins 54 secs,31.67,13.33,-1.67,3.33,-1.67,-1.67,0.00,6.67,1.67,-1.67,6.67,0.00,6.67
178,Finished,8 November 2020  11:59 AM,8 November 2020  12:39 PM,40 mins 1 sec,83.33,26.67,6.67,6.67,6.67,6.67,6.67,6.67,5.00,-1.67,6.67,0.00,6.67
12,Finished,8 November 2020  12:04 PM,8 November 2020  12:35 PM,30 mins 44 secs,70.0,26.67,-1.67,6.67,-1.67,6.67,6.67,6.67,0.00,6.67,6.67,0.00,6.67
166,Finished,8 November 2020  12:12 PM,8 November 2020  12:33 PM,20 mins 50 secs,49.0,10.67,-1.67,6.67,6.67,-1.67,0.00,6.67,1.67,6.67,6.67,0.00,6.67
13,Finished,8 November 2020  12:13 PM,8 November 2020  12:53 PM,40 mins 25 secs,18.33,0.00,6.67,3.33,-1.67,-,0.00,-,5.00,-1.67,-,-,6.67
433,Finished,8 November 2020  12:15 PM,8 November 2020  12:41 PM,25 mins 43 secs,0.0,0.00,-1.67,3.33,-1.67,-1.67,0.00,0.00,1.67,-1.67,3.33,0.00,-1.67
159,Finished,8 November 2020  12:16 PM,8 November 2020  12:56 PM,40 mins 1 sec,34.33,2.67,6.67,-,6.67,-1.67,-,0.00,1.67,6.67,6.67,6.67,-1.67
257,Finished,8 November 2020  12:17 PM,8 November 2020  12:59 PM,41 mins 50 secs,0.0,-,-,-,-,-,-,-,-,-,-,-,-
61,Finished,8 November 2020  12:17 PM,8 November 2020  12:27 PM,9 mins 54 secs,31.67,0.00,6.67,3.33,-1.67,6.67,6.67,6.67,0.00,-1.67,0.00,6.67,-1.67
35,Finished,8 November 2020  12:22 PM,8 November 2020  12:51 PM,29 mins 31 secs,51.67,13.33,-1.67,3.33,6.67,-1.67,0.00,6.67,5.00,6.67,6.67,0.00,6.67
25,Finished,8 November 2020  12:22 PM,8 November 2020  12:51 PM,29 mins 29 secs,50.0,13.33,-1.67,3.33,6.67,-1.67,0.00,6.67,3.33,6.67,6.67,0.00,6.67
121,Finished,8 November 2020  12:22 PM,8 November 2020  1:02 PM,40 mins 3 secs,26.33,21.33,-1.67,-,-,-1.67,0.00,6.67,0.00,-1.67,3.33,0.00,-
6,Finished,8 November 2020  12:22 PM,8 November 2020  12:46 PM,24 mins 11 secs,48.0,8.00,6.67,3.33,-1.67,-1.67,6.67,6.67,3.33,6.67,3.33,0.00,6.67
231,Finished,8 November 2020  12:23 PM,8 November 2020  1:03 PM,40 mins,30.0,13.33,-1.67,3.33,-,-1.67,0.00,6.67,5.00,6.67,0.00,0.00,-1.67
134,Finished,8 November 2020  12:25 PM,8 November 2020  1:07 PM,41 mins 57 secs,0.0,-,-,-,-,-,-,-,-,-,-,-,-
196,Finished,8 November 2020  12:27 PM,8 November 2020  12:37 PM,9 mins 40 secs,66.67,26.67,-1.67,6.67,-1.67,-1.67,6.67,6.67,5.00,6.67,6.67,0.00,6.67
194,Finished,8 November 2020  12:27 PM,8 November 2020  12:34 PM,7 mins 2 secs,49.67,8.00,-1.67,6.67,-1.67,6.67,0.00,6.67,5.00,6.67,6.67,0.00,6.67
92,Finished,8 November 2020  12:30 PM,8 November 2020  12:35 PM,5 mins 31 secs,38.33,13.33,-1.67,3.33,-1.67,-1.67,0.00,6.67,0.00,6.67,0.00,6.67,6.67
108,Finished,8 November 2020  12:30 PM,8 November 2020  12:47 PM,16 mins 26 secs,68.0,21.33,-1.67,3.33,6.67,6.67,6.67,6.67,6.67,-1.67,6.67,0.00,6.67
240,Finished,8 November 2020  12:30 PM,8 November 2020  12:55 PM,24 mins 57 secs,53.0,8.00,6.67,3.33,6.67,-1.67,6.67,6.67,5.00,-1.67,6.67,0.00,6.67
103,Finished,8 November 2020  12:32 PM,8 November 2020  12:49 PM,16 mins 43 secs,64.33,2.67,6.67,3.33,6.67,6.67,6.67,6.67,5.00,6.67,6.67,0.00,6.67
117,Finished,8 November 2020  12:33 PM,8 November 2020  1:13 PM,40 mins,41.33,8.00,-,1.67,-,6.67,6.67,6.67,-,-1.67,6.67,0.00,6.67
101,Finished,8 November 2020  12:38 PM,8 November 2020  1:20 PM,41 mins 24 secs,6.67,-,-,-,6.67,-,-,-,-,-,-,-,-
178,Finished,8 November 2020  12:39 PM,8 November 2020  12:55 PM,15 mins 50 secs,51.0,2.67,-1.67,6.67,6.67,6.67,6.67,6.67,5.00,-1.67,6.67,0.00,6.67
204,Finished,8 November 2020  12:41 PM,8 November 2020  1:15 PM,33 mins 43 secs,13.33,0.00,-1.67,3.33,-1.67,-1.67,0.00,0.00,6.67,-1.67,3.33,0.00,6.67
55,Finished,8 November 2020  12:44 PM,8 November 2020  1:21 PM,36 mins 22 secs,59.67,8.00,6.67,6.67,6.67,-1.67,6.67,6.67,5.00,6.67,1.67,0.00,6.67
434,Finished,8 November 2020  12:47 PM,8 November 2020  1:29 PM,41 mins 26 secs,-5.0,0.00,-1.67,3.33,-1.67,-1.67,0.00,0.00,0.00,-1.67,0.00,0.00,-1.67
435,Finished,8 November 2020  12:52 PM,8 November 2020  1:26 PM,34 mins 12 secs,55.0,13.33,-1.67,6.67,6.67,-1.67,6.67,6.67,5.00,6.67,0.00,0.00,6.67
265,Finished,8 November 2020  12:52 PM,8 November 2020  1:19 PM,27 mins 18 secs,38.33,0.00,-1.67,3.33,-1.67,-1.67,0.00,6.67,6.67,6.67,6.67,6.67,6.67
215,Finished,8 November 2020  12:53 PM,8 November 2020  1:25 PM,31 mins 32 secs,51.33,8.00,-1.67,0.00,6.67,6.67,6.67,0.00,5.00,6.67,6.67,0.00,6.67
433,Finished,8 November 2020  12:55 PM,8 November 2020  1:37 PM,41 mins 11 secs,0.0,-,-,1.67,-,-1.67,-,-,-,-,-,-,-
8,Finished,8 November 2020  12:56 PM,8 November 2020  1:36 PM,40 mins 1 sec,18.33,13.33,-,-,-1.67,-,-,-,-,-,-,0.00,6.67
26,Finished,8 November 2020  12:57 PM,8 November 2020  1:25 PM,27 mins 24 secs,48.33,13.33,-1.67,3.33,-1.67,-1.67,6.67,6.67,3.33,6.67,6.67,0.00,6.67
139,Finished,8 November 2020  12:58 PM,8 November 2020  1:38 PM,40 mins,-1.67,-,-,-,-,-,-,-,-,-,-,-,-1.67
159,Finished,8 November 2020  12:58 PM,8 November 2020  1:09 PM,10 mins 57 secs,31.0,2.67,6.67,3.33,6.67,-1.67,0.00,0.00,1.67,6.67,6.67,0.00,-1.67
91,Finished,8 November 2020  12:59 PM,8 November 2020  1:40 PM,41 mins 9 secs,31.67,0.00,-,3.33,-1.67,-1.67,6.67,6.67,6.67,6.67,6.67,0.00,-1.67
176,Finished,8 November 2020  1:00 PM,8 November 2020  1:40 PM,40 mins,44.67,8.00,6.67,3.33,-,-,6.67,6.67,-,6.67,-,0.00,6.67
147,Finished,8 November 2020  1:01 PM,8 November 2020  1:41 PM,39 mins 18 secs,21.67,0.00,-1.67,3.33,-1.67,-1.67,0.00,6.67,5.00,6.67,0.00,6.67,-1.67
83,Finished,8 November 2020  1:04 PM,8 November 2020  1:45 PM,40 mins 1 sec,25.0,0.00,-1.67,-,-1.67,6.67,6.67,6.67,-,6.67,1.67,0.00,-
185,Finished,8 November 2020  1:05 PM,8 November 2020  1:44 PM,39 mins 33 secs,73.33,26.67,6.67,6.67,6.67,6.67,0.00,6.67,1.67,-1.67,6.67,0.00,6.67
194,Finished,8 November 2020  1:07 PM,8 November 2020  1:49 PM,41 mins 34 secs,44.67,8.00,-,6.67,-1.67,-,0.00,6.67,5.00,6.67,6.67,0.00,6.67
201,Finished,8 November 2020  1:09 PM,8 November 2020  1:35 PM,25 mins 51 secs,21.67,0.00,-1.67,6.67,-1.67,-1.67,6.67,0.00,0.00,6.67,0.00,0.00,6.67
110,Finished,8 November 2020  1:11 PM,8 November 2020  1:49 PM,38 mins 12 secs,30.0,0.00,6.67,3.33,-1.67,-1.67,0.00,6.67,0.00,6.67,3.33,0.00,6.67
117,Finished,8 November 2020  1:13 PM,8 November 2020  1:28 PM,15 mins 9 secs,51.33,8.00,6.67,1.67,-1.67,6.67,6.67,6.67,5.00,-1.67,6.67,0.00,6.67
118,Finished,8 November 2020  1:14 PM,8 November 2020  1:42 PM,27 mins 36 secs,71.33,21.33,6.67,6.67,-1.67,6.67,0.00,6.67,5.00,6.67,6.67,0.00,6.67
206,Finished,8 November 2020  1:19 PM,8 November 2020  1:59 PM,40 mins,15.0,-,-1.67,3.33,6.67,-1.67,0.00,-,-,6.67,3.33,0.00,-1.67
51,Finished,8 November 2020  1:29 PM,8 November 2020  2:09 PM,40 mins 1 sec,59.67,21.33,-,6.67,6.67,-,-,6.67,5.00,-,6.67,0.00,6.67
82,Finished,8 November 2020  1:32 PM,8 November 2020  2:11 PM,38 mins 38 secs,64.67,8.00,6.67,6.67,6.67,-1.67,6.67,6.67,5.00,6.67,6.67,0.00,6.67
8,Finished,8 November 2020  1:37 PM,8 November 2020  2:18 PM,41 mins 30 secs,16.67,-,-,6.67,-1.67,-,-,-,0.00,-1.67,6.67,0.00,6.67
276,Finished,8 November 2020  1:37 PM,8 November 2020  2:19 PM,41 mins 9 secs,18.33,-,-,-,6.67,-,0.00,-,1.67,6.67,3.33,-,-
1,Finished,8 November 2020  1:39 PM,8 November 2020  1:57 PM,18 mins 26 secs,1.33,8.00,-1.67,0.00,-1.67,-1.67,0.00,0.00,1.67,-1.67,0.00,0.00,-1.67
135,Finished,8 November 2020  1:40 PM,8 November 2020  2:13 PM,33 mins 29 secs,39.33,2.67,6.67,5.00,-1.67,-1.67,0.00,6.67,1.67,6.67,6.67,0.00,6.67
91,Finished,8 November 2020  1:41 PM,8 November 2020  2:23 PM,41 mins 51 secs,5.0,-,-,-,-,-,-,-,5.00,-,-,-,-
128,Finished,8 November 2020  1:41 PM,8 November 2020  2:13 PM,32 mins 4 secs,43.33,13.33,-1.67,6.67,-1.67,6.67,0.00,6.67,5.00,6.67,3.33,0.00,-1.67
176,Finished,8 November 2020  1:41 PM,8 November 2020  2:04 PM,23 mins 19 secs,53.0,8.00,6.67,3.33,-1.67,6.67,6.67,6.67,3.33,6.67,0.00,0.00,6.67
39,Finished,8 November 2020  1:43 PM,8 November 2020  2:23 PM,40 mins 1 sec,21.0,2.67,6.67,-,-,-,-,-,5.00,-,-,-,6.67
189,Finished,8 November 2020  1:43 PM,8 November 2020  1:49 PM,5 mins 57 secs,26.67,0.00,-1.67,3.33,-1.67,-1.67,0.00,6.67,1.67,6.67,6.67,0.00,6.67
255,Finished,8 November 2020  1:44 PM,8 November 2020  2:26 PM,41 mins 24 secs,18.0,8.00,-,3.33,6.67,-,-,-,-,-,-,-,-
282,Finished,8 November 2020  1:45 PM,8 November 2020  2:16 PM,30 mins 23 secs,28.33,13.33,-1.67,3.33,-1.67,-1.67,0.00,0.00,0.00,6.67,3.33,0.00,6.67
191,Finished,8 November 2020  1:47 PM,8 November 2020  2:06 PM,18 mins 46 secs,41.67,0.00,6.67,6.67,-1.67,6.67,6.67,6.67,5.00,-1.67,0.00,0.00,6.67
64,Finished,8 November 2020  1:50 PM,8 November 2020  2:32 PM,41 mins 13 secs,11.67,-,-,3.33,-,-,-,-,-,-1.67,3.33,-,6.67
239,Finished,8 November 2020  1:53 PM,8 November 2020  2:21 PM,27 mins 55 secs,59.67,8.00,-1.67,6.67,6.67,6.67,6.67,6.67,0.00,6.67,6.67,0.00,6.67
83,Finished,8 November 2020  1:54 PM,8 November 2020  2:34 PM,40 mins 1 sec,30.0,0.00,-1.67,1.67,-1.67,-1.67,6.67,6.67,5.00,6.67,1.67,0.00,6.67
147,Finished,8 November 2020  1:55 PM,8 November 2020  2:13 PM,18 mins 37 secs,25.0,13.33,-1.67,0.00,-1.67,-1.67,0.00,0.00,5.00,6.67,0.00,6.67,-1.67
139,Finished,8 November 2020  1:55 PM,8 November 2020  2:22 PM,27 mins 12 secs,0.0,0.00,-1.67,0.00,-1.67,-1.67,-,-,0.00,6.67,0.00,0.00,-1.67
192,Finished,8 November 2020  2:02 PM,8 November 2020  2:37 PM,35 mins 9 secs,36.67,13.33,-1.67,6.67,-1.67,6.67,0.00,6.67,1.67,-1.67,0.00,0.00,6.67
45,Finished,8 November 2020  2:03 PM,8 November 2020  2:16 PM,13 mins,3.33,0.00,-1.67,3.33,-1.67,-1.67,0.00,0.00,0.00,-1.67,0.00,0.00,6.67
1,Finished,8 November 2020  2:03 PM,8 November 2020  2:05 PM,2 mins 25 secs,1.33,8.00,-1.67,0.00,-1.67,-1.67,0.00,0.00,1.67,-1.67,0.00,0.00,-1.67
219,Finished,8 November 2020  2:05 PM,8 November 2020  2:45 PM,40 mins,10.0,-,-1.67,3.33,-1.67,-1.67,0.00,0.00,-,6.67,6.67,0.00,-1.67
436,Finished,8 November 2020  2:08 PM,8 November 2020  2:22 PM,13 mins 40 secs,16.67,0.00,-1.67,0.00,6.67,-1.67,0.00,0.00,5.00,-1.67,3.33,0.00,6.67
191,Finished,8 November 2020  2:08 PM,8 November 2020  2:11 PM,3 mins 3 secs,45.0,0.00,6.67,6.67,-1.67,6.67,6.67,6.67,5.00,-1.67,3.33,0.00,6.67
53,Finished,8 November 2020  2:09 PM,8 November 2020  2:35 PM,26 mins 12 secs,33.0,8.00,-1.67,3.33,-1.67,-1.67,6.67,6.67,1.67,6.67,6.67,0.00,-1.67
51,Finished,8 November 2020  2:09 PM,8 November 2020  2:32 PM,23 mins 13 secs,19.67,8.00,-1.67,-,-,6.67,-,-,-,6.67,-,-,-
82,Finished,8 November 2020  2:11 PM,8 November 2020  2:53 PM,41 mins 30 secs,0.0,-,-,-,-,-,-,-,-,-,-,-,-
437,Finished,8 November 2020  2:13 PM,8 November 2020  2:32 PM,18 mins 50 secs,21.67,0.00,-1.67,3.33,-1.67,-1.67,0.00,6.67,0.00,6.67,3.33,0.00,6.67
131,Finished,8 November 2020  2:13 PM,8 November 2020  2:30 PM,16 mins 43 secs,40.0,13.33,6.67,6.67,-1.67,-1.67,0.00,6.67,1.67,-1.67,3.33,0.00,6.67
276,Finished,8 November 2020  2:19 PM,8 November 2020  2:57 PM,38 mins 43 secs,66.67,26.67,6.67,3.33,6.67,-1.67,0.00,0.00,1.67,6.67,3.33,6.67,6.67
39,Finished,8 November 2020  2:23 PM,8 November 2020  3:03 PM,40 mins,51.0,2.67,6.67,6.67,-1.67,6.67,6.67,6.67,5.00,-1.67,6.67,0.00,6.67
155,Finished,8 November 2020  2:27 PM,8 November 2020  2:50 PM,22 mins 59 secs,30.0,13.33,6.67,3.33,-1.67,-1.67,0.00,6.67,3.33,-1.67,3.33,0.00,-1.67
195,Finished,8 November 2020  2:27 PM,8 November 2020  2:56 PM,29 mins 13 secs,54.67,21.33,-1.67,6.67,6.67,-1.67,0.00,0.00,6.67,6.67,3.33,0.00,6.67
140,Finished,8 November 2020  2:29 PM,8 November 2020  3:09 PM,40 mins,38.0,8.00,6.67,6.67,-,6.67,0.00,6.67,0.00,-,3.33,-,-
0,Finished,8 November 2020  2:30 PM,8 November 2020  3:10 PM,40 mins,28.0,8.00,-1.67,-,6.67,-1.67,-,6.67,-,-,3.33,0.00,6.67
112,Finished,8 November 2020  2:30 PM,8 November 2020  2:45 PM,15 mins,58.33,26.67,6.67,3.33,-1.67,-1.67,6.67,6.67,5.00,-1.67,1.67,0.00,6.67
241,Finished,8 November 2020  2:31 PM,8 November 2020  2:46 PM,15 mins 28 secs,25.0,0.00,-1.67,3.33,-1.67,-1.67,6.67,6.67,5.00,6.67,3.33,0.00,-1.67
8,Finished,8 November 2020  2:33 PM,8 November 2020  3:15 PM,41 mins 16 secs,20.0,-,-,6.67,-,-,-,-,1.67,-1.67,6.67,0.00,6.67
10,Finished,8 November 2020  2:35 PM,8 November 2020  2:58 PM,23 mins 24 secs,41.67,0.00,6.67,3.33,6.67,-1.67,0.00,6.67,0.00,6.67,6.67,0.00,6.67
83,Finished,8 November 2020  2:36 PM,8 November 2020  2:43 PM,7 mins 44 secs,43.33,13.33,-1.67,1.67,-1.67,-1.67,6.67,6.67,5.00,6.67,1.67,0.00,6.67
160,Finished,8 November 2020  2:37 PM,8 November 2020  3:17 PM,39 mins 39 secs,56.0,16.00,-1.67,6.67,-1.67,-1.67,6.67,6.67,5.00,6.67,6.67,0.00,6.67
74,Finished,8 November 2020  2:39 PM,8 November 2020  3:19 PM,40 mins,44.0,10.67,-1.67,3.33,6.67,-,0.00,-,5.00,6.67,6.67,0.00,6.67
38,Finished,8 November 2020  2:43 PM,8 November 2020  3:16 PM,32 mins 41 secs,40.0,13.33,-1.67,3.33,-1.67,6.67,0.00,6.67,5.00,6.67,3.33,0.00,-1.67
96,Finished,8 November 2020  2:45 PM,8 November 2020  3:13 PM,28 mins 11 secs,53.33,13.33,6.67,3.33,-1.67,-1.67,6.67,6.67,0.00,6.67,6.67,0.00,6.67
148,Finished,8 November 2020  2:46 PM,8 November 2020  3:15 PM,29 mins 11 secs,43.33,0.00,6.67,3.33,-1.67,6.67,0.00,6.67,5.00,6.67,3.33,0.00,6.67
255,Finished,8 November 2020  2:46 PM,8 November 2020  3:28 PM,41 mins 32 secs,1.67,-,-,-,-,-,-,-,1.67,-,-,-,-
235,Finished,8 November 2020  2:48 PM,8 November 2020  2:57 PM,8 mins 46 secs,46.67,13.33,-1.67,3.33,6.67,-1.67,6.67,0.00,0.00,6.67,6.67,0.00,6.67
136,Finished,8 November 2020  2:48 PM,8 November 2020  3:28 PM,40 mins,71.33,21.33,-,6.67,-1.67,6.67,6.67,6.67,5.00,6.67,6.67,0.00,6.67
212,Finished,8 November 2020  2:51 PM,8 November 2020  3:33 PM,41 mins 29 secs,8.33,-,-,3.33,-1.67,-,-,6.67,-,-,-,-,-
218,Finished,8 November 2020  2:56 PM,8 November 2020  3:27 PM,30 mins 26 secs,40.0,13.33,-1.67,3.33,6.67,6.67,0.00,0.00,3.33,-1.67,3.33,0.00,6.67
10,Finished,8 November 2020  2:58 PM,8 November 2020  3:01 PM,2 mins 24 secs,41.67,0.00,-1.67,3.33,6.67,6.67,0.00,6.67,0.00,6.67,6.67,0.00,6.67
146,Finished,8 November 2020  2:58 PM,8 November 2020  3:27 PM,28 mins 53 secs,58.0,21.33,-1.67,6.67,-1.67,-1.67,6.67,6.67,1.67,6.67,6.67,0.00,6.67
227,Finished,8 November 2020  3:00 PM,8 November 2020  3:42 PM,41 mins 28 secs,0.0,-,-,-,-,-,-,-,-,-,-,-,-
10,Finished,8 November 2020  3:01 PM,8 November 2020  3:02 PM,1 min 13 secs,41.67,0.00,6.67,3.33,-1.67,6.67,0.00,6.67,0.00,6.67,6.67,0.00,6.67
188,Finished,8 November 2020  3:05 PM,8 November 2020  3:26 PM,21 mins 52 secs,68.0,21.33,6.67,3.33,6.67,6.67,6.67,6.67,5.00,-1.67,0.00,0.00,6.67
111,Finished,8 November 2020  3:06 PM,8 November 2020  3:46 PM,40 mins 1 sec,30.0,-,6.67,6.67,-1.67,-1.67,-,6.67,-,6.67,0.00,0.00,6.67
73,Finished,8 November 2020  3:08 PM,8 November 2020  3:40 PM,32 mins 1 sec,32.67,2.67,-1.67,5.00,-1.67,-1.67,6.67,6.67,5.00,-1.67,6.67,0.00,6.67
140,Finished,8 November 2020  3:09 PM,8 November 2020  3:23 PM,13 mins 24 secs,59.67,8.00,6.67,6.67,6.67,6.67,0.00,6.67,1.67,6.67,3.33,0.00,6.67
10,Finished,8 November 2020  3:09 PM,8 November 2020  3:11 PM,1 min 9 secs,33.33,0.00,-1.67,3.33,-1.67,6.67,0.00,6.67,0.00,6.67,6.67,0.00,6.67
10,Finished,8 November 2020  3:11 PM,8 November 2020  3:12 PM,1 min 9 secs,33.33,0.00,-1.67,3.33,-1.67,6.67,0.00,6.67,0.00,6.67,6.67,0.00,6.67
0,Finished,8 November 2020  3:11 PM,8 November 2020  3:29 PM,17 mins 25 secs,56.67,26.67,-1.67,0.00,6.67,-1.67,0.00,6.67,3.33,6.67,3.33,0.00,6.67
100,Finished,8 November 2020  3:14 PM,8 November 2020  3:47 PM,32 mins 51 secs,75.0,26.67,-1.67,6.67,6.67,6.67,6.67,6.67,5.00,-1.67,6.67,0.00,6.67
147,Finished,8 November 2020  3:14 PM,8 November 2020  3:27 PM,13 mins 39 secs,61.67,0.00,6.67,3.33,6.67,6.67,6.67,6.67,5.00,6.67,6.67,0.00,6.67
284,Finished,8 November 2020  3:15 PM,8 November 2020  3:28 PM,13 mins 1 sec,36.67,13.33,-1.67,1.67,-1.67,-1.67,6.67,6.67,5.00,-1.67,3.33,0.00,6.67
74,Finished,8 November 2020  3:24 PM,8 November 2020  3:37 PM,13 mins 5 secs,54.0,10.67,-1.67,3.33,6.67,6.67,0.00,6.67,1.67,6.67,6.67,0.00,6.67
429,Finished,8 November 2020  3:25 PM,8 November 2020  3:53 PM,28 mins 46 secs,44.67,8.00,6.67,6.67,-1.67,-1.67,6.67,6.67,1.67,-1.67,6.67,0.00,6.67
142,Finished,8 November 2020  3:25 PM,8 November 2020  3:45 PM,19 mins 24 secs,30.0,13.33,-1.67,1.67,-1.67,6.67,6.67,0.00,0.00,-1.67,0.00,0.00,6.67
136,Finished,8 November 2020  3:29 PM,8 November 2020  3:36 PM,6 mins 52 secs,78.0,21.33,6.67,6.67,-1.67,6.67,6.67,6.67,5.00,6.67,6.67,0.00,6.67
438,Finished,8 November 2020  3:34 PM,8 November 2020  3:47 PM,13 mins 26 secs,18.33,0.00,-1.67,3.33,-1.67,6.67,0.00,6.67,5.00,-1.67,3.33,0.00,-1.67
133,Finished,8 November 2020  3:45 PM,8 November 2020  4:25 PM,40 mins 1 sec,-3.33,0.00,-1.67,-,-,-1.67,-,-,-,-,-,0.00,-
111,Finished,8 November 2020  3:46 PM,8 November 2020  4:06 PM,19 mins 54 secs,63.33,26.67,6.67,6.67,-1.67,-1.67,0.00,6.67,6.67,6.67,0.00,0.00,6.67
100,Finished,8 November 2020  3:47 PM,8 November 2020  4:29 PM,41 mins 33 secs,0.0,-,-,-,-,-,-,-,-,-,-,-,-
66,Finished,8 November 2020  3:51 PM,8 November 2020  4:09 PM,17 mins 5 secs,24.67,8.00,-1.67,3.33,-1.67,-1.67,0.00,6.67,0.00,-1.67,0.00,6.67,6.67
130,Finished,8 November 2020  3:53 PM,8 November 2020  4:21 PM,27 mins 59 secs,28.33,0.00,6.67,6.67,6.67,-1.67,0.00,6.67,0.00,-1.67,6.67,0.00,-1.67
429,Finished,8 November 2020  3:54 PM,8 November 2020  4:36 PM,41 mins 52 secs,0.0,-,-,-,-,-,-,-,-,-,-,-,-
145,Finished,8 November 2020  4:03 PM,8 November 2020  4:33 PM,29 mins 18 secs,26.67,13.33,-1.67,3.33,-1.67,-1.67,0.00,6.67,0.00,-1.67,3.33,0.00,6.67
255,Finished,8 November 2020  4:05 PM,8 November 2020  4:10 PM,4 mins 55 secs,5.0,-,-,-,-,-,-,-,-,-1.67,-,-,6.67
62,Finished,8 November 2020  4:10 PM,8 November 2020  4:52 PM,41 mins 37 secs,-1.67,-,-,-,-,-,-,-,-,-1.67,-,-,-
12,Finished,8 November 2020  4:10 PM,8 November 2020  4:52 PM,41 mins 29 secs,20.0,-,6.67,6.67,-,-,-,-,-,-,6.67,-,-
255,Finished,8 November 2020  4:10 PM,8 November 2020  4:52 PM,41 mins 12 secs,0.0,-,-,-,-,-,-,-,-,-,-,-,-
150,Finished,8 November 2020  4:11 PM,8 November 2020  4:51 PM,40 mins,56.67,26.67,6.67,6.67,-1.67,-1.67,0.00,6.67,5.00,-1.67,3.33,0.00,6.67
227,Finished,8 November 2020  4:21 PM,8 November 2020  4:52 PM,31 mins 17 secs,37.33,10.67,-1.67,0.00,-1.67,-1.67,0.00,6.67,5.00,6.67,6.67,0.00,6.67
43,Finished,8 November 2020  4:25 PM,8 November 2020  5:05 PM,40 mins 1 sec,45.0,-,6.67,6.67,-,-,6.67,6.67,5.00,6.67,-,-,6.67
33,Finished,8 November 2020  4:26 PM,8 November 2020  4:51 PM,25 mins 43 secs,81.67,26.67,6.67,6.67,6.67,-,6.67,6.67,3.33,-1.67,6.67,6.67,6.67
133,Finished,8 November 2020  4:26 PM,8 November 2020  5:06 PM,40 mins,26.67,0.00,-1.67,3.33,-,-1.67,6.67,6.67,3.33,-1.67,5.00,0.00,6.67
439,Finished,8 November 2020  4:26 PM,8 November 2020  4:40 PM,14 mins 18 secs,21.67,0.00,-1.67,3.33,-1.67,-1.67,6.67,6.67,5.00,6.67,0.00,0.00,-1.67
440,Finished,8 November 2020  4:26 PM,8 November 2020  4:47 PM,20 mins 37 secs,31.67,13.33,-1.67,3.33,6.67,-1.67,6.67,0.00,1.67,-1.67,6.67,0.00,-1.67
107,Finished,8 November 2020  4:31 PM,8 November 2020  5:13 PM,41 mins 12 secs,0.0,-,-,-,-,-,-,-,-,-,-,-,-
80,Finished,8 November 2020  4:33 PM,8 November 2020  5:13 PM,40 mins,20.0,0.00,-,-,6.67,-1.67,0.00,0.00,5.00,-,3.33,0.00,6.67
441,Finished,8 November 2020  4:35 PM,8 November 2020  4:48 PM,12 mins 56 secs,40.0,13.33,6.67,3.33,-1.67,-1.67,6.67,6.67,1.67,-1.67,0.00,0.00,6.67
243,Finished,8 November 2020  4:39 PM,8 November 2020  5:16 PM,36 mins 29 secs,68.0,8.00,6.67,6.67,6.67,6.67,6.67,6.67,0.00,6.67,6.67,0.00,6.67
168,Finished,8 November 2020  4:40 PM,8 November 2020  5:20 PM,40 mins,35.0,0.00,6.67,3.33,6.67,-,6.67,-,0.00,6.67,6.67,0.00,-1.67
79,Finished,8 November 2020  4:40 PM,8 November 2020  5:19 PM,38 mins 49 secs,38.0,8.00,6.67,1.67,-1.67,6.67,0.00,6.67,5.00,-1.67,0.00,0.00,6.67
441,Finished,8 November 2020  4:49 PM,8 November 2020  4:53 PM,3 mins 50 secs,20.0,0.00,6.67,3.33,-1.67,-1.67,6.67,0.00,1.67,-1.67,0.00,0.00,6.67
171,Finished,8 November 2020  4:51 PM,8 November 2020  5:27 PM,36 mins 6 secs,43.0,8.00,6.67,0.00,-1.67,6.67,6.67,0.00,0.00,6.67,3.33,0.00,6.67
150,Finished,8 November 2020  4:52 PM,8 November 2020  5:04 PM,12 mins 8 secs,58.33,26.67,6.67,6.67,-1.67,-,0.00,6.67,5.00,-1.67,3.33,0.00,6.67
20,Finished,8 November 2020  4:53 PM,8 November 2020  5:09 PM,16 mins 45 secs,48.33,0.00,6.67,6.67,-1.67,6.67,6.67,6.67,5.00,-1.67,6.67,0.00,6.67
104,Finished,8 November 2020  4:56 PM,8 November 2020  5:11 PM,14 mins 29 secs,28.33,13.33,6.67,6.67,-1.67,-1.67,0.00,0.00,0.00,6.67,0.00,0.00,-1.67
162,Finished,8 November 2020  4:59 PM,8 November 2020  5:39 PM,39 mins 42 secs,56.33,8.00,6.67,6.67,6.67,-1.67,0.00,6.67,6.67,6.67,3.33,0.00,6.67
62,Finished,8 November 2020  5:02 PM,8 November 2020  5:08 PM,6 mins 19 secs,23.33,13.33,-1.67,1.67,-1.67,6.67,0.00,0.00,0.00,-1.67,0.00,0.00,6.67
136,Finished,8 November 2020  5:02 PM,8 November 2020  5:10 PM,7 mins 53 secs,78.0,21.33,6.67,6.67,-1.67,6.67,6.67,6.67,5.00,6.67,6.67,0.00,6.67
184,Finished,8 November 2020  5:03 PM,8 November 2020  5:43 PM,40 mins 1 sec,38.0,8.00,-,6.67,-1.67,6.67,0.00,0.00,5.00,6.67,6.67,0.00,-
255,Finished,8 November 2020  5:04 PM,8 November 2020  5:33 PM,28 mins 8 secs,36.67,-,6.67,3.33,6.67,-,0.00,6.67,5.00,-1.67,3.33,0.00,6.67
258,Finished,8 November 2020  5:07 PM,8 November 2020  5:27 PM,20 mins 33 secs,25.0,0.00,6.67,3.33,-1.67,-1.67,0.00,6.67,0.00,-1.67,6.67,0.00,6.67
150,Finished,8 November 2020  5:07 PM,8 November 2020  5:49 PM,41 mins 51 secs,0.0,-,-,-,-,-,-,-,-,-,-,-,-
133,Finished,8 November 2020  5:08 PM,8 November 2020  5:24 PM,15 mins 23 secs,25.0,0.00,-1.67,3.33,-1.67,-1.67,6.67,6.67,3.33,-1.67,5.00,0.00,6.67
51,Finished,8 November 2020  5:11 PM,8 November 2020  5:33 PM,22 mins 31 secs,78.0,21.33,6.67,6.67,-1.67,6.67,6.67,6.67,5.00,6.67,6.67,0.00,6.67
97,Finished,8 November 2020  5:12 PM,8 November 2020  5:52 PM,40 mins,20.0,0.00,-,3.33,-1.67,-,0.00,-,5.00,6.67,-,0.00,6.67
80,Finished,8 November 2020  5:14 PM,8 November 2020  5:31 PM,17 mins 16 secs,54.67,8.00,6.67,6.67,6.67,-1.67,6.67,0.00,5.00,6.67,3.33,0.00,6.67
41,Finished,8 November 2020  5:17 PM,8 November 2020  5:57 PM,40 mins,10.0,-,6.67,-,-,-1.67,-,-,5.00,-,-,-,-
79,Finished,8 November 2020  5:20 PM,8 November 2020  6:01 PM,41 mins 1 sec,0.0,-,-,-,-,-,-,-,-,-,-,-,-
199,Finished,8 November 2020  5:21 PM,8 November 2020  5:54 PM,33 mins 24 secs,46.67,0.00,6.67,3.33,-1.67,6.67,6.67,6.67,1.67,6.67,3.33,0.00,6.67
442,Finished,8 November 2020  5:23 PM,8 November 2020  5:48 PM,25 mins 15 secs,43.33,13.33,-1.67,1.67,-1.67,-1.67,6.67,6.67,1.67,-1.67,6.67,6.67,6.67
80,Finished,8 November 2020  5:31 PM,8 November 2020  6:13 PM,41 mins 28 secs,0.0,-,-,-,-,-,-,-,-,-,-,-,-
152,Finished,8 November 2020  5:32 PM,8 November 2020  6:14 PM,41 mins 44 secs,46.67,13.33,6.67,3.33,6.67,-,0.00,0.00,5.00,6.67,6.67,0.00,-1.67
7,Finished,8 November 2020  5:39 PM,8 November 2020  6:06 PM,26 mins 46 secs,21.67,0.00,6.67,3.33,6.67,-1.67,0.00,0.00,1.67,-1.67,0.00,0.00,6.67
168,Finished,8 November 2020  5:39 PM,8 November 2020  5:45 PM,5 mins 14 secs,50.0,13.33,6.67,3.33,6.67,-,6.67,-,5.00,6.67,3.33,0.00,-1.67
443,Finished,8 November 2020  5:39 PM,8 November 2020  6:21 PM,41 mins 6 secs,0.0,-,-,-,-,-,-,-,-,-,-,-,-
76,Finished,8 November 2020  5:41 PM,8 November 2020  5:52 PM,11 mins 1 sec,38.33,13.33,-1.67,6.67,-1.67,6.67,6.67,6.67,5.00,-1.67,0.00,0.00,-1.67
179,Finished,8 November 2020  5:41 PM,8 November 2020  6:19 PM,37 mins 59 secs,59.67,8.00,6.67,6.67,6.67,-1.67,6.67,6.67,0.00,6.67,6.67,0.00,6.67
184,Finished,8 November 2020  5:43 PM,8 November 2020  5:51 PM,7 mins 3 secs,41.33,8.00,-1.67,6.67,-1.67,6.67,0.00,6.67,5.00,6.67,6.67,0.00,-1.67
87,Finished,8 November 2020  5:45 PM,8 November 2020  6:25 PM,40 mins,63.33,26.67,6.67,6.67,-1.67,-1.67,0.00,6.67,-,6.67,6.67,0.00,6.67
63,Finished,8 November 2020  5:46 PM,8 November 2020  6:12 PM,25 mins 58 secs,33.33,13.33,-1.67,3.33,-1.67,-1.67,0.00,0.00,5.00,6.67,3.33,0.00,6.67
284,Finished,8 November 2020  5:49 PM,8 November 2020  6:31 PM,41 mins 15 secs,23.33,13.33,-,1.67,-1.67,-1.67,6.67,-,-,-1.67,-,-,6.67
16,Finished,8 November 2020  5:50 PM,8 November 2020  6:29 PM,39 mins 51 secs,53.33,13.33,6.67,3.33,6.67,-1.67,0.00,6.67,6.67,6.67,6.67,0.00,-1.67
216,Finished,8 November 2020  5:51 PM,8 November 2020  6:08 PM,17 mins 30 secs,51.0,2.67,-1.67,6.67,6.67,-1.67,6.67,6.67,5.00,6.67,6.67,0.00,6.67
262,Finished,8 November 2020  5:51 PM,8 November 2020  6:13 PM,22 mins 4 secs,68.33,26.67,6.67,3.33,6.67,-1.67,0.00,6.67,0.00,6.67,6.67,0.00,6.67
198,Finished,8 November 2020  5:51 PM,8 November 2020  5:58 PM,6 mins 24 secs,31.67,13.33,6.67,0.00,-1.67,6.67,0.00,6.67,0.00,-1.67,3.33,0.00,-1.67
97,Finished,8 November 2020  5:53 PM,8 November 2020  6:04 PM,10 mins 53 secs,26.67,0.00,-1.67,3.33,-1.67,-1.67,0.00,6.67,5.00,6.67,3.33,0.00,6.67
259,Finished,8 November 2020  5:53 PM,8 November 2020  6:35 PM,41 mins 15 secs,23.33,-,-1.67,6.67,-,-,-,6.67,5.00,-,0.00,0.00,6.67
236,Finished,8 November 2020  5:56 PM,8 November 2020  6:00 PM,4 mins 31 secs,25.0,0.00,-1.67,3.33,-1.67,-1.67,0.00,6.67,0.00,6.67,6.67,0.00,6.67
64,Finished,8 November 2020  5:56 PM,8 November 2020  6:17 PM,20 mins 27 secs,18.33,13.33,-1.67,0.00,-1.67,-1.67,0.00,0.00,1.67,-1.67,3.33,0.00,6.67
245,Finished,8 November 2020  5:57 PM,8 November 2020  6:08 PM,11 mins 1 sec,26.67,0.00,-1.67,3.33,-1.67,-1.67,0.00,6.67,5.00,6.67,3.33,0.00,6.67
41,Finished,8 November 2020  5:58 PM,8 November 2020  6:38 PM,40 mins,16.67,-,6.67,-,-,-1.67,0.00,-,5.00,6.67,-,0.00,-
42,Finished,8 November 2020  5:58 PM,8 November 2020  6:40 PM,41 mins 47 secs,47.67,16.00,-1.67,-,-,-,6.67,6.67,0.00,6.67,6.67,0.00,6.67
51,Finished,8 November 2020  5:59 PM,8 November 2020  6:41 PM,41 mins 52 secs,26.67,-,-,6.67,-,6.67,-,6.67,-,-,-,-,6.67
59,Finished,8 November 2020  5:59 PM,8 November 2020  6:41 PM,41 mins 32 secs,48.0,8.00,6.67,6.67,-,-,-,6.67,-,6.67,6.67,0.00,6.67
242,Finished,8 November 2020  5:59 PM,8 November 2020  6:39 PM,40 mins,13.0,8.00,-,3.33,-,-1.67,-,0.00,5.00,-,-,-,-1.67
444,Finished,8 November 2020  6:02 PM,8 November 2020  6:42 PM,40 mins 1 sec,28.33,0.00,-1.67,6.67,-1.67,-1.67,0.00,6.67,0.00,6.67,6.67,0.00,6.67
261,Finished,8 November 2020  6:13 PM,8 November 2020  6:53 PM,40 mins,31.67,0.00,6.67,3.33,-1.67,-1.67,-,6.67,5.00,6.67,6.67,0.00,-
15,Finished,8 November 2020  6:14 PM,8 November 2020  6:56 PM,41 mins 52 secs,0.0,-,-,-,-,-,-,-,-,-,-,-,-
445,Finished,8 November 2020  6:19 PM,8 November 2020  6:35 PM,15 mins 56 secs,-1.67,0.00,-1.67,3.33,-1.67,-1.67,0.00,0.00,0.00,-1.67,3.33,0.00,-1.67
164,Finished,8 November 2020  6:20 PM,8 November 2020  7:02 PM,41 mins 55 secs,24.67,8.00,-1.67,-,-,-,0.00,-,0.00,6.67,6.67,6.67,-1.67
249,Finished,8 November 2020  6:20 PM,8 November 2020  6:46 PM,26 mins 24 secs,25.0,13.33,-1.67,3.33,-1.67,-1.67,0.00,0.00,0.00,6.67,0.00,0.00,6.67
112,Finished,8 November 2020  6:22 PM,8 November 2020  6:25 PM,2 mins 41 secs,61.67,26.67,6.67,3.33,-1.67,-1.67,6.67,6.67,5.00,-1.67,5.00,0.00,6.67
87,Finished,8 November 2020  6:25 PM,8 November 2020  6:35 PM,9 mins 28 secs,75.0,26.67,6.67,6.67,-1.67,-1.67,6.67,6.67,5.00,6.67,6.67,0.00,6.67
48,Finished,8 November 2020  6:27 PM,8 November 2020  6:56 PM,28 mins 43 secs,31.67,0.00,-1.67,3.33,6.67,6.67,0.00,0.00,5.00,6.67,6.67,0.00,-1.67
129,Finished,8 November 2020  6:30 PM,8 November 2020  6:56 PM,25 mins 58 secs,55.0,0.00,-1.67,5.00,-1.67,6.67,6.67,6.67,6.67,6.67,6.67,6.67,6.67
107,Finished,8 November 2020  6:31 PM,8 November 2020  7:13 PM,41 mins 19 secs,13.33,-,6.67,3.33,-,-1.67,0.00,6.67,-,-1.67,-,0.00,-
190,Finished,8 November 2020  6:34 PM,8 November 2020  7:16 PM,41 mins 37 secs,24.67,8.00,6.67,-,-,-1.67,-,-,5.00,-,6.67,-,-
87,Finished,8 November 2020  6:36 PM,8 November 2020  7:18 PM,41 mins 32 secs,11.33,8.00,-,-,-1.67,-1.67,-,-,-,-,6.67,-,-
41,Finished,8 November 2020  6:38 PM,8 November 2020  7:20 PM,41 mins 51 secs,25.0,-,-,-,6.67,-,-,6.67,5.00,-,-,-,6.67
89,Finished,8 November 2020  6:40 PM,8 November 2020  7:22 PM,41 mins 10 secs,0.0,-,-,-,-,-,-,-,-,-,-,0.00,-
208,Finished,8 November 2020  6:47 PM,8 November 2020  7:29 PM,41 mins 45 secs,0.0,-,-,-,-,-,-,-,-,-,-,-,-
246,Finished,8 November 2020  6:48 PM,8 November 2020  7:30 PM,41 mins 23 secs,23.33,13.33,-,3.33,-,-,-,0.00,-,-,6.67,0.00,-
98,Finished,8 November 2020  6:51 PM,8 November 2020  7:33 PM,41 mins 45 secs,8.33,-,-,-,-1.67,-,6.67,-,-,-,3.33,-,-
261,Finished,8 November 2020  6:53 PM,8 November 2020  7:35 PM,41 mins 31 secs,25.0,-,-,-,-,-,-,6.67,5.00,6.67,6.67,0.00,-
42,Finished,8 November 2020  6:54 PM,8 November 2020  7:36 PM,41 mins 19 secs,36.67,0.00,-1.67,5.00,-,-,6.67,6.67,0.00,6.67,6.67,0.00,6.67
152,Finished,8 November 2020  6:57 PM,8 November 2020  6:59 PM,2 mins 6 secs,53.33,13.33,6.67,3.33,6.67,6.67,0.00,0.00,5.00,6.67,6.67,0.00,-1.67
324,Finished,11 November 2020  12:02 PM,11 November 2020  12:20 PM,17 mins 30 secs,43.0,21.33,-1.67,3.33,6.67,-1.67,0.00,6.67,0.00,-1.67,3.33,0.00,6.67
343,Finished,11 November 2020  12:03 PM,11 November 2020  12:45 PM,41 mins 58 secs,21.0,2.67,-1.67,1.67,-,-1.67,0.00,6.67,0.00,6.67,6.67,-,-
321,Finished,11 November 2020  12:05 PM,11 November 2020  12:18 PM,12 mins 32 secs,8.33,0.00,-1.67,3.33,-1.67,-1.67,0.00,6.67,3.33,-1.67,3.33,0.00,-1.67
332,Finished,11 November 2020  12:06 PM,11 November 2020  12:38 PM,32 mins 42 secs,38.0,8.00,-1.67,6.67,6.67,-1.67,0.00,6.67,0.00,6.67,0.00,0.00,6.67
379,Finished,11 November 2020  12:08 PM,11 November 2020  12:48 PM,40 mins,21.33,8.00,6.67,-,6.67,-1.67,-,0.00,-,-,3.33,0.00,-1.67
329,Finished,11 November 2020  12:26 PM,11 November 2020  1:06 PM,40 mins 1 sec,22.33,10.67,-1.67,-,-1.67,-1.67,0.00,6.67,5.00,-,6.67,0.00,-1.67
333,Finished,11 November 2020  12:30 PM,11 November 2020  1:10 PM,40 mins,13.33,0.00,6.67,3.33,-1.67,-1.67,0.00,0.00,1.67,-1.67,0.00,6.67,-
361,Finished,11 November 2020  12:37 PM,11 November 2020  12:51 PM,14 mins 31 secs,30.0,0.00,-1.67,3.33,-1.67,6.67,6.67,6.67,5.00,-1.67,0.00,0.00,6.67
368,Finished,11 November 2020  12:45 PM,11 November 2020  12:54 PM,9 mins 18 secs,18.33,0.00,6.67,3.33,-1.67,-1.67,0.00,6.67,1.67,-1.67,6.67,0.00,-1.67
362,Finished,11 November 2020  12:45 PM,11 November 2020  1:14 PM,28 mins 49 secs,36.67,0.00,-1.67,3.33,6.67,-1.67,0.00,6.67,0.00,6.67,3.33,6.67,6.67
355,Finished,11 November 2020  12:45 PM,11 November 2020  1:17 PM,32 mins 37 secs,34.67,8.00,6.67,6.67,-1.67,-1.67,0.00,6.67,1.67,6.67,3.33,0.00,-1.67
348,Finished,11 November 2020  12:45 PM,11 November 2020  1:27 PM,41 mins 40 secs,55.0,13.33,6.67,0.00,6.67,-1.67,0.00,6.67,3.33,6.67,0.00,6.67,6.67
353,Finished,11 November 2020  12:45 PM,11 November 2020  1:18 PM,33 mins 20 secs,27.67,2.67,-1.67,3.33,-1.67,-1.67,6.67,0.00,3.33,6.67,3.33,0.00,6.67
369,Finished,11 November 2020  12:45 PM,11 November 2020  1:22 PM,37 mins 31 secs,46.67,13.33,-1.67,3.33,-1.67,6.67,6.67,6.67,5.00,-1.67,3.33,0.00,6.67
364,Finished,11 November 2020  12:45 PM,11 November 2020  1:13 PM,28 mins 10 secs,21.67,13.33,-1.67,3.33,6.67,-1.67,0.00,0.00,5.00,-1.67,0.00,0.00,-1.67
356,Finished,11 November 2020  12:45 PM,11 November 2020  1:16 PM,31 mins 18 secs,48.33,13.33,6.67,5.00,6.67,-1.67,0.00,6.67,0.00,-1.67,6.67,0.00,6.67
359,Finished,11 November 2020  12:45 PM,11 November 2020  1:10 PM,25 mins 4 secs,55.0,13.33,6.67,3.33,-1.67,-1.67,6.67,6.67,5.00,6.67,3.33,0.00,6.67
363,Finished,11 November 2020  12:45 PM,11 November 2020  1:10 PM,25 mins 5 secs,11.67,0.00,-1.67,1.67,-1.67,6.67,0.00,6.67,3.33,-1.67,0.00,0.00,-1.67
352,Finished,11 November 2020  12:46 PM,11 November 2020  12:59 PM,13 mins 6 secs,20.0,0.00,6.67,0.00,-1.67,-1.67,0.00,6.67,1.67,-1.67,3.33,0.00,6.67
375,Finished,11 November 2020  12:46 PM,11 November 2020  1:18 PM,32 mins 25 secs,28.0,8.00,6.67,1.67,-1.67,-1.67,0.00,0.00,3.33,6.67,6.67,0.00,-1.67
365,Finished,11 November 2020  12:46 PM,11 November 2020  1:03 PM,16 mins 48 secs,31.67,13.33,6.67,3.33,-1.67,-1.67,0.00,0.00,3.33,6.67,3.33,0.00,-1.67
301,Finished,11 November 2020  12:47 PM,11 November 2020  1:11 PM,24 mins 12 secs,41.33,8.00,6.67,3.33,6.67,-1.67,0.00,6.67,0.00,-1.67,6.67,0.00,6.67
379,Finished,11 November 2020  12:48 PM,11 November 2020  12:58 PM,10 mins 34 secs,26.67,0.00,6.67,5.00,6.67,-1.67,0.00,0.00,1.67,-1.67,3.33,0.00,6.67
366,Finished,11 November 2020  12:49 PM,11 November 2020  1:05 PM,15 mins 57 secs,13.33,0.00,-1.67,3.33,6.67,-1.67,0.00,6.67,3.33,-1.67,0.00,0.00,-1.67
346,Finished,11 November 2020  12:53 PM,11 November 2020  1:33 PM,40 mins 1 sec,20.0,0.00,-1.67,3.33,-,-,6.67,-,-,-1.67,6.67,0.00,6.67
296,Finished,11 November 2020  12:57 PM,11 November 2020  1:18 PM,21 mins 8 secs,25.0,0.00,-1.67,3.33,6.67,-1.67,0.00,6.67,0.00,6.67,6.67,0.00,-1.67
293,Finished,11 November 2020  1:07 PM,11 November 2020  1:44 PM,36 mins 52 secs,85.0,26.67,6.67,6.67,-1.67,6.67,6.67,6.67,6.67,6.67,6.67,0.00,6.67
333,Finished,11 November 2020  1:10 PM,11 November 2020  1:25 PM,15 mins 1 sec,18.0,8.00,6.67,1.67,-1.67,-1.67,0.00,0.00,0.00,-1.67,0.00,0.00,6.67
328,Finished,11 November 2020  1:12 PM,11 November 2020  1:44 PM,32 mins 5 secs,50.67,10.67,6.67,5.00,-1.67,-1.67,0.00,6.67,5.00,6.67,6.67,0.00,6.67
292,Finished,11 November 2020  1:13 PM,11 November 2020  1:37 PM,24 mins 18 secs,1.67,0.00,-1.67,3.33,-1.67,-1.67,0.00,6.67,0.00,-1.67,0.00,0.00,-1.67
290,Finished,11 November 2020  1:15 PM,11 November 2020  1:32 PM,16 mins 59 secs,48.33,13.33,-1.67,3.33,-1.67,6.67,6.67,0.00,5.00,6.67,3.33,0.00,6.67
291,Finished,11 November 2020  1:16 PM,11 November 2020  1:33 PM,17 mins 26 secs,26.67,0.00,-1.67,5.00,-1.67,-1.67,0.00,6.67,6.67,6.67,0.00,0.00,6.67
367,Finished,11 November 2020  1:25 PM,11 November 2020  2:05 PM,40 mins,43.33,13.33,6.67,3.33,-1.67,6.67,-,6.67,3.33,-1.67,-,0.00,6.67
303,Finished,11 November 2020  1:27 PM,11 November 2020  2:06 PM,39 mins 29 secs,62.67,16.00,6.67,6.67,-1.67,-1.67,6.67,6.67,3.33,6.67,6.67,0.00,6.67
405,Finished,11 November 2020  1:30 PM,11 November 2020  2:03 PM,33 mins 51 secs,63.33,13.33,6.67,6.67,6.67,6.67,6.67,6.67,5.00,-1.67,0.00,0.00,6.67
403,Finished,11 November 2020  1:30 PM,11 November 2020  1:53 PM,23 mins 52 secs,75.0,26.67,-1.67,5.00,-1.67,6.67,6.67,6.67,6.67,6.67,6.67,0.00,6.67
323,Finished,11 November 2020  1:30 PM,11 November 2020  2:10 PM,39 mins 44 secs,54.67,8.00,6.67,3.33,6.67,6.67,0.00,6.67,0.00,6.67,3.33,0.00,6.67
315,Finished,11 November 2020  1:31 PM,11 November 2020  1:56 PM,25 mins 14 secs,60.0,26.67,6.67,6.67,-1.67,-1.67,0.00,6.67,5.00,-1.67,6.67,0.00,6.67
342,Finished,11 November 2020  1:33 PM,11 November 2020  2:10 PM,36 mins 46 secs,47.33,10.67,-1.67,3.33,-1.67,-1.67,6.67,6.67,5.00,6.67,6.67,0.00,6.67
385,Finished,11 November 2020  1:34 PM,11 November 2020  2:14 PM,39 mins 48 secs,51.67,-,-1.67,6.67,6.67,6.67,0.00,6.67,3.33,6.67,3.33,6.67,6.67
374,Finished,11 November 2020  1:37 PM,11 November 2020  2:15 PM,37 mins 38 secs,15.0,0.00,-1.67,3.33,-1.67,-1.67,6.67,0.00,3.33,-1.67,1.67,0.00,6.67
372,Finished,11 November 2020  1:40 PM,11 November 2020  2:20 PM,40 mins 1 sec,28.33,-,-,3.33,6.67,-1.67,-,6.67,0.00,6.67,-,0.00,6.67
294,Finished,11 November 2020  1:44 PM,11 November 2020  2:24 PM,40 mins,21.33,8.00,6.67,3.33,-1.67,-1.67,0.00,0.00,5.00,-1.67,3.33,0.00,-
328,Finished,11 November 2020  1:44 PM,11 November 2020  2:26 PM,41 mins 16 secs,0.0,-,-,-,-,-,-,-,-,-,-,-,-
340,Finished,11 November 2020  1:45 PM,11 November 2020  2:20 PM,34 mins 46 secs,69.67,21.33,6.67,6.67,-1.67,6.67,0.00,6.67,3.33,6.67,6.67,0.00,6.67
343,Finished,11 November 2020  1:48 PM,11 November 2020  2:30 PM,41 mins 50 secs,34.33,16.00,6.67,5.00,-1.67,-1.67,0.00,6.67,0.00,-1.67,6.67,0.00,-1.67
396,Finished,11 November 2020  1:51 PM,11 November 2020  2:08 PM,16 mins 34 secs,43.0,8.00,-1.67,3.33,-1.67,-1.67,6.67,6.67,3.33,6.67,6.67,0.00,6.67
422,Finished,11 November 2020  1:52 PM,11 November 2020  2:06 PM,13 mins 36 secs,33.33,0.00,6.67,1.67,-1.67,-1.67,6.67,6.67,3.33,-1.67,6.67,0.00,6.67
407,Finished,11 November 2020  2:00 PM,11 November 2020  2:26 PM,25 mins 57 secs,55.0,0.00,6.67,6.67,6.67,6.67,0.00,6.67,1.67,6.67,6.67,0.00,6.67
305,Finished,11 November 2020  2:03 PM,11 November 2020  2:35 PM,31 mins 48 secs,18.33,0.00,-1.67,3.33,-1.67,-1.67,0.00,6.67,1.67,6.67,0.00,6.67,-1.67
347,Finished,11 November 2020  2:08 PM,11 November 2020  2:48 PM,40 mins 1 sec,51.33,8.00,6.67,0.00,6.67,-1.67,6.67,6.67,6.67,6.67,6.67,0.00,-1.67
387,Finished,11 November 2020  2:10 PM,11 November 2020  2:52 PM,41 mins 55 secs,26.67,26.67,-,-,-,-,-,-,-,-,-,-,-
393,Finished,11 November 2020  2:10 PM,11 November 2020  2:23 PM,12 mins 47 secs,43.33,13.33,-1.67,6.67,-1.67,-1.67,6.67,6.67,3.33,-1.67,6.67,0.00,6.67
293,Finished,11 November 2020  2:11 PM,11 November 2020  2:15 PM,3 mins 59 secs,51.33,8.00,6.67,1.67,-1.67,6.67,0.00,6.67,3.33,6.67,6.67,0.00,6.67
344,Finished,11 November 2020  2:12 PM,11 November 2020  2:52 PM,40 mins 1 sec,15.0,-,6.67,3.33,-1.67,-,-,-,0.00,-,0.00,0.00,6.67
327,Finished,11 November 2020  2:15 PM,11 November 2020  2:48 PM,33 mins 15 secs,24.33,2.67,-1.67,3.33,6.67,-1.67,0.00,6.67,0.00,-1.67,3.33,0.00,6.67
349,Finished,11 November 2020  2:15 PM,11 November 2020  2:29 PM,13 mins 59 secs,57.67,2.67,6.67,6.67,-1.67,6.67,6.67,6.67,3.33,6.67,6.67,0.00,6.67
372,Finished,11 November 2020  2:20 PM,11 November 2020  3:00 PM,39 mins 34 secs,51.0,16.00,6.67,3.33,6.67,-1.67,0.00,6.67,0.00,6.67,0.00,0.00,6.67
334,Finished,11 November 2020  2:23 PM,11 November 2020  2:48 PM,24 mins 57 secs,35.0,-,-,3.33,-,6.67,0.00,6.67,1.67,6.67,3.33,0.00,6.67
319,Finished,11 November 2020  2:24 PM,11 November 2020  2:42 PM,17 mins 47 secs,28.33,13.33,-1.67,3.33,-1.67,-1.67,0.00,0.00,1.67,-1.67,3.33,6.67,6.67
294,Finished,11 November 2020  2:25 PM,11 November 2020  2:50 PM,25 mins 3 secs,21.67,0.00,6.67,3.33,-1.67,-1.67,6.67,0.00,3.33,-1.67,0.00,0.00,6.67
373,Finished,11 November 2020  2:25 PM,11 November 2020  3:07 PM,41 mins 14 secs,6.67,-,-,-,-,-,6.67,-,-,-,-,-,-
318,Finished,11 November 2020  2:27 PM,11 November 2020  2:48 PM,20 mins 25 secs,38.0,8.00,-1.67,3.33,-1.67,6.67,0.00,6.67,3.33,6.67,0.00,0.00,6.67
390,Finished,11 November 2020  2:38 PM,11 November 2020  3:04 PM,25 mins 58 secs,33.33,13.33,-1.67,6.67,-1.67,-1.67,0.00,6.67,3.33,6.67,3.33,0.00,-1.67
418,Finished,11 November 2020  2:46 PM,11 November 2020  3:10 PM,23 mins 23 secs,61.33,8.00,6.67,6.67,6.67,6.67,0.00,6.67,0.00,6.67,6.67,0.00,6.67
392,Finished,11 November 2020  2:47 PM,11 November 2020  3:29 PM,41 mins 26 secs,35.0,0.00,-1.67,3.33,-1.67,6.67,6.67,6.67,3.33,-1.67,6.67,0.00,6.67
336,Finished,11 November 2020  2:50 PM,11 November 2020  3:29 PM,39 mins 43 secs,76.33,21.33,6.67,6.67,-1.67,6.67,6.67,6.67,3.33,6.67,6.67,0.00,6.67
446,Finished,11 November 2020  2:50 PM,11 November 2020  3:17 PM,27 mins 1 sec,28.33,0.00,-1.67,6.67,-1.67,6.67,6.67,6.67,0.00,6.67,0.00,0.00,-1.67
329,Finished,11 November 2020  2:51 PM,11 November 2020  3:18 PM,26 mins 16 secs,54.67,8.00,6.67,6.67,-1.67,-1.67,6.67,6.67,3.33,6.67,6.67,0.00,6.67
344,Finished,11 November 2020  2:52 PM,11 November 2020  3:34 PM,41 mins 35 secs,0.0,-,-,-,-,-,-,-,-,-,-,-,-
398,Finished,11 November 2020  2:55 PM,11 November 2020  3:10 PM,14 mins 35 secs,22.67,2.67,-1.67,3.33,-1.67,-1.67,6.67,6.67,0.00,-1.67,3.33,0.00,6.67
360,Finished,11 November 2020  3:05 PM,11 November 2020  3:25 PM,20 mins 33 secs,31.33,8.00,-1.67,6.67,-1.67,6.67,0.00,0.00,3.33,6.67,5.00,0.00,-1.67
382,Finished,11 November 2020  3:08 PM,11 November 2020  3:31 PM,22 mins 50 secs,43.33,13.33,6.67,3.33,-1.67,6.67,0.00,0.00,1.67,6.67,0.00,0.00,6.67
311,Finished,11 November 2020  3:17 PM,11 November 2020  3:53 PM,36 mins 36 secs,21.33,8.00,-1.67,3.33,-1.67,-1.67,0.00,6.67,3.33,-1.67,0.00,0.00,6.67
412,Finished,11 November 2020  3:18 PM,11 November 2020  3:49 PM,31 mins 35 secs,43.33,26.67,-1.67,3.33,6.67,-1.67,0.00,0.00,1.67,-1.67,3.33,0.00,6.67
385,Finished,11 November 2020  3:25 PM,11 November 2020  3:32 PM,7 mins 14 secs,56.67,13.33,-1.67,1.67,6.67,6.67,0.00,6.67,0.00,6.67,3.33,6.67,6.67
331,Finished,11 November 2020  3:28 PM,11 November 2020  3:58 PM,30 mins 39 secs,58.0,8.00,-1.67,1.67,6.67,6.67,6.67,6.67,3.33,6.67,6.67,0.00,6.67
301,Finished,11 November 2020  3:28 PM,11 November 2020  4:10 PM,41 mins 28 secs,0.0,-,-,-,-,-,-,-,-,-,-,-,-
360,Finished,11 November 2020  3:30 PM,11 November 2020  3:33 PM,2 mins 58 secs,34.67,8.00,-1.67,6.67,-1.67,6.67,0.00,0.00,6.67,6.67,5.00,0.00,-1.67
385,Finished,11 November 2020  3:34 PM,11 November 2020  3:43 PM,8 mins 33 secs,48.0,8.00,-1.67,1.67,6.67,6.67,0.00,6.67,3.33,6.67,3.33,0.00,6.67
425,Finished,11 November 2020  3:35 PM,11 November 2020  4:12 PM,37 mins 23 secs,55.0,26.67,-1.67,3.33,-1.67,6.67,0.00,0.00,1.67,6.67,6.67,0.00,6.67
385,Finished,11 November 2020  3:53 PM,11 November 2020  3:58 PM,5 mins 35 secs,41.33,8.00,-1.67,6.67,-1.67,-1.67,0.00,6.67,1.67,6.67,3.33,6.67,6.67
300,Finished,11 November 2020  3:58 PM,11 November 2020  4:29 PM,31 mins 10 secs,56.33,8.00,6.67,6.67,-1.67,6.67,6.67,6.67,3.33,6.67,0.00,0.00,6.67
295,Finished,11 November 2020  4:01 PM,11 November 2020  4:41 PM,40 mins,53.33,26.67,-1.67,3.33,6.67,-1.67,0.00,0.00,0.00,6.67,6.67,0.00,6.67
385,Finished,11 November 2020  4:02 PM,11 November 2020  4:42 PM,40 mins 1 sec,16.67,-,6.67,3.33,-,-,-,-,-,6.67,-,0.00,-
384,Finished,11 November 2020  4:06 PM,11 November 2020  4:43 PM,36 mins 44 secs,71.33,21.33,6.67,3.33,6.67,6.67,6.67,6.67,1.67,6.67,6.67,0.00,-1.67
343,Finished,11 November 2020  4:10 PM,11 November 2020  4:52 PM,41 mins 18 secs,0.0,-,-,-,-,-,-,-,-,-,-,-,-
387,Finished,11 November 2020  4:13 PM,11 November 2020  4:55 PM,41 mins 33 secs,-1.67,-,-,-,-,-1.67,-,-,-,-,-,-,-
345,Finished,11 November 2020  4:26 PM,11 November 2020  4:33 PM,7 mins 1 sec,21.67,0.00,-1.67,3.33,6.67,6.67,0.00,6.67,1.67,-1.67,1.67,0.00,-1.67
418,Finished,11 November 2020  4:37 PM,11 November 2020  5:11 PM,33 mins 54 secs,61.33,8.00,6.67,6.67,6.67,6.67,-,6.67,-,6.67,6.67,0.00,6.67
421,Finished,11 November 2020  4:40 PM,11 November 2020  5:10 PM,29 mins 44 secs,61.67,0.00,6.67,1.67,6.67,6.67,6.67,6.67,6.67,6.67,6.67,0.00,6.67
371,Finished,11 November 2020  5:01 PM,11 November 2020  5:41 PM,40 mins 1 sec,48.0,8.00,-,6.67,6.67,-1.67,6.67,6.67,3.33,-1.67,6.67,0.00,6.67
409,Finished,11 November 2020  5:07 PM,11 November 2020  5:21 PM,14 mins 58 secs,44.67,8.00,-1.67,6.67,6.67,-1.67,0.00,6.67,1.67,6.67,6.67,6.67,-1.67
310,Finished,11 November 2020  5:30 PM,11 November 2020  5:58 PM,27 mins 51 secs,71.33,8.00,6.67,6.67,6.67,6.67,6.67,6.67,3.33,6.67,6.67,0.00,6.67
397,Finished,11 November 2020  5:36 PM,11 November 2020  5:59 PM,22 mins 34 secs,45.0,-,6.67,3.33,-1.67,6.67,6.67,6.67,3.33,6.67,0.00,0.00,6.67
414,Finished,11 November 2020  5:52 PM,11 November 2020  6:27 PM,35 mins 24 secs,39.67,8.00,-1.67,6.67,-1.67,-1.67,0.00,6.67,3.33,6.67,6.67,0.00,6.67
400,Finished,11 November 2020  6:03 PM,11 November 2020  6:23 PM,20 mins 15 secs,69.67,21.33,6.67,6.67,6.67,6.67,6.67,6.67,3.33,-1.67,0.00,0.00,6.67
312,Finished,11 November 2020  6:16 PM,11 November 2020  6:56 PM,39 mins 59 secs,58.0,8.00,-1.67,3.33,6.67,6.67,6.67,6.67,1.67,6.67,6.67,0.00,6.67
411,Finished,11 November 2020  6:26 PM,11 November 2020  7:06 PM,40 mins,28.33,0.00,-1.67,1.67,-1.67,-,0.00,6.67,3.33,6.67,6.67,0.00,6.67
406,Finished,11 November 2020  6:26 PM,11 November 2020  7:06 PM,40 mins,41.33,8.00,-1.67,0.00,-1.67,-,0.00,6.67,3.33,6.67,6.67,6.67,6.67
298,Finished,11 November 2020  6:30 PM,11 November 2020  7:03 PM,33 mins 6 secs,65.0,26.67,6.67,3.33,-1.67,6.67,6.67,6.67,1.67,-1.67,3.33,0.00,6.67
299,Finished,11 November 2020  6:31 PM,11 November 2020  6:45 PM,13 mins 39 secs,51.33,8.00,6.67,6.67,-1.67,6.67,0.00,6.67,6.67,-1.67,6.67,0.00,6.67
417,Finished,11 November 2020  6:32 PM,11 November 2020  7:11 PM,39 mins 29 secs,49.67,8.00,6.67,6.67,6.67,-1.67,0.00,6.67,3.33,6.67,0.00,0.00,6.67
327,Finished,11 November 2020  6:36 PM,11 November 2020  7:18 PM,41 mins 55 secs,3.33,-,-,-,-,-,-,-,-,-,3.33,-,-
306,Finished,11 November 2020  6:37 PM,11 November 2020  7:01 PM,23 mins 49 secs,63.0,8.00,6.67,6.67,-1.67,6.67,6.67,6.67,3.33,6.67,6.67,0.00,6.67
408,Finished,11 November 2020  6:43 PM,11 November 2020  7:19 PM,36 mins 18 secs,50.0,26.67,6.67,6.67,-1.67,-1.67,0.00,6.67,3.33,-1.67,6.67,0.00,-1.67
299,Finished,11 November 2020  6:45 PM,11 November 2020  6:45 PM,13 secs,0.0,-,-,-,-,-,-,-,-,-,-,-,-
307,Finished,11 November 2020  6:47 PM,11 November 2020  7:27 PM,40 mins 1 sec,36.0,16.00,-,-,-1.67,-,-,-,1.67,6.67,6.67,0.00,6.67
299,Finished,11 November 2020  6:50 PM,11 November 2020  7:30 PM,40 mins 3 secs,0.0,-,-,-,-,-,-,-,-,-,-,-,-
379,Finished,11 November 2020  6:59 PM,11 November 2020  7:01 PM,1 min 58 secs,45.0,13.33,6.67,5.00,6.67,-1.67,0.00,0.00,6.67,-1.67,3.33,0.00,6.67
338,Finished,11 November 2020  7:00 PM,11 November 2020  7:40 PM,39 mins 59 secs,68.33,26.67,6.67,3.33,-1.67,6.67,6.67,6.67,1.67,-1.67,0.00,6.67,6.67
402,Finished,11 November 2020  7:09 PM,11 November 2020  7:34 PM,25 mins 2 secs,43.33,13.33,-1.67,6.67,-1.67,-,0.00,6.67,3.33,6.67,3.33,0.00,6.67
416,Finished,11 November 2020  7:12 PM,11 November 2020  7:39 PM,27 mins 31 secs,53.0,8.00,6.67,3.33,-1.67,6.67,0.00,6.67,3.33,6.67,6.67,0.00,6.67
410,Finished,11 November 2020  7:15 PM,11 November 2020  7:42 PM,26 mins 49 secs,58.33,13.33,6.67,6.67,-1.67,6.67,6.67,6.67,1.67,-1.67,6.67,0.00,6.67
413,Finished,11 November 2020  7:22 PM,11 November 2020  8:01 PM,38 mins 49 secs,41.0,2.67,-1.67,6.67,-1.67,-1.67,6.67,6.67,3.33,6.67,6.67,0.00,6.67
307,Finished,11 November 2020  7:29 PM,11 November 2020  8:09 PM,40 mins,71.33,8.00,6.67,6.67,6.67,6.67,6.67,6.67,3.33,6.67,6.67,-,6.67
326,Finished,11 November 2020  7:33 PM,11 November 2020  8:04 PM,30 mins 25 secs,50.0,26.67,6.67,3.33,6.67,6.67,0.00,0.00,3.33,-1.67,0.00,0.00,-1.67
311,Finished,11 November 2020  7:41 PM,11 November 2020  7:57 PM,16 mins 13 secs,13.33,0.00,-1.67,3.33,-1.67,-1.67,0.00,6.67,3.33,-1.67,0.00,0.00,6.67
327,Finished,11 November 2020  7:44 PM,11 November 2020  8:02 PM,17 mins 55 secs,44.67,21.33,-1.67,3.33,-1.67,-1.67,0.00,6.67,1.67,6.67,3.33,0.00,6.67
426,Finished,11 November 2020  7:44 PM,11 November 2020  8:26 PM,41 mins 24 secs,51.33,8.00,-1.67,3.33,6.67,6.67,6.67,6.67,1.67,6.67,0.00,0.00,6.67
308,Finished,11 November 2020  7:49 PM,11 November 2020  8:13 PM,24 mins 21 secs,39.67,8.00,6.67,3.33,6.67,-1.67,0.00,0.00,3.33,6.67,0.00,0.00,6.67
309,Finished,11 November 2020  7:52 PM,11 November 2020  8:21 PM,28 mins 47 secs,81.67,26.67,6.67,6.67,6.67,6.67,6.67,6.67,3.33,-1.67,6.67,0.00,6.67
402,Finished,11 November 2020  7:54 PM,11 November 2020  8:36 PM,41 mins 52 secs,0.0,-,-,-,-,-,-,-,-,-,-,-,-
447,Finished,11 November 2020  7:57 PM,11 November 2020  8:32 PM,34 mins 41 secs,53.33,13.33,-1.67,3.33,-1.67,6.67,6.67,6.67,0.00,6.67,6.67,0.00,6.67
399,Finished,11 November 2020  7:59 PM,11 November 2020  8:21 PM,21 mins 31 secs,31.67,0.00,6.67,6.67,-1.67,-1.67,0.00,6.67,3.33,-1.67,6.67,0.00,6.67
301,Finished,11 November 2020  8:07 PM,11 November 2020  8:29 PM,21 mins 47 secs,68.0,8.00,6.67,6.67,6.67,6.67,6.67,6.67,3.33,6.67,3.33,0.00,6.67
307,Finished,11 November 2020  8:09 PM,11 November 2020  8:13 PM,4 mins 7 secs,71.33,8.00,6.67,6.67,6.67,6.67,6.67,6.67,3.33,6.67,6.67,0.00,6.67
376,Finished,11 November 2020  8:10 PM,11 November 2020  8:36 PM,25 mins 59 secs,44.67,8.00,6.67,3.33,6.67,6.67,0.00,6.67,1.67,-1.67,0.00,0.00,6.67
347,Finished,11 November 2020  8:19 PM,11 November 2020  9:01 PM,41 mins 51 secs,48.0,8.00,6.67,0.00,6.67,-1.67,6.67,6.67,3.33,6.67,6.67,0.00,-1.67
313,Finished,11 November 2020  8:19 PM,11 November 2020  8:57 PM,37 mins 20 secs,53.0,8.00,6.67,6.67,-1.67,-1.67,6.67,6.67,1.67,6.67,6.67,0.00,6.67
312,Finished,11 November 2020  8:39 PM,11 November 2020  9:18 PM,38 mins 56 secs,71.33,8.00,6.67,6.67,6.67,6.67,6.67,6.67,3.33,6.67,6.67,0.00,6.67
427,Finished,11 November 2020  8:53 PM,11 November 2020  9:33 PM,40 mins 1 sec,8.33,13.33,-1.67,0.00,-1.67,-1.67,0.00,0.00,0.00,-1.67,3.33,0.00,-1.67
302,Finished,11 November 2020  8:58 PM,11 November 2020  9:26 PM,27 mins 35 secs,20.0,0.00,-1.67,3.33,-1.67,-1.67,0.00,6.67,1.67,6.67,0.00,0.00,6.67
425,Finished,11 November 2020  9:20 PM,11 November 2020  10:01 PM,40 mins 55 secs,16.67,-,-,3.33,-,-,-,-,-,6.67,-,-,6.67
381,Finished,11 November 2020  9:24 PM,11 November 2020  10:01 PM,36 mins 55 secs,36.67,13.33,6.67,3.33,6.67,-1.67,0.00,0.00,0.00,6.67,3.33,0.00,-1.67
347,Finished,11 November 2020  9:28 PM,11 November 2020  9:37 PM,9 mins 5 secs,75.0,26.67,6.67,0.00,6.67,6.67,6.67,6.67,3.33,6.67,6.67,0.00,-1.67
394,Finished,11 November 2020  9:30 PM,11 November 2020  10:01 PM,30 mins 17 secs,31.67,0.00,6.67,6.67,-1.67,6.67,6.67,6.67,1.67,-1.67,1.67,0.00,-1.67
427,Finished,11 November 2020  9:34 PM,11 November 2020  10:01 PM,26 mins 45 secs,21.67,-,-,6.67,-,-,0.00,6.67,1.67,-,-,-,6.67
320,Finished,11 November 2020  9:36 PM,11 November 2020  9:58 PM,21 mins 57 secs,15.0,0.00,-1.67,3.33,6.67,-1.67,0.00,0.00,0.00,-1.67,3.33,0.00,6.67
344,Finished,11 November 2020  9:41 PM,11 November 2020  10:01 PM,19 mins 26 secs,0.0,-,-,-,-,-,-,-,-,-,-,-,-
