Email address,State,Started on,Completed,Time taken,Grade/100.00,Q. 1 /25.00,Q. 2 /25.00,Q. 3 /25.00,Q. 4 /25.00
42,Finished,9 November 2020  7:30 AM,9 November 2020  7:36 AM,6 mins 50 secs,75.0,25.00,25.00,0.00,25.00
103,Finished,9 November 2020  7:30 AM,9 November 2020  7:34 AM,4 mins 2 secs,75.0,25.00,25.00,0.00,25.00
96,Finished,9 November 2020  7:30 AM,9 November 2020  7:41 AM,11 mins 7 secs,12.5,25.00,-6.25,0.00,-6.25
59,Finished,9 November 2020  7:30 AM,9 November 2020  7:39 AM,9 mins 41 secs,75.0,25.00,25.00,0.00,25.00
87,Finished,9 November 2020  7:30 AM,9 November 2020  7:42 AM,11 mins 54 secs,13.75,-5.00,25.00,0.00,-6.25
14,Finished,9 November 2020  7:30 AM,9 November 2020  7:33 AM,3 mins 43 secs,22.5,25.00,-6.25,10.00,-6.25
182,Finished,9 November 2020  7:30 AM,9 November 2020  7:43 AM,12 mins 52 secs,23.75,-5.00,25.00,10.00,-6.25
6,Finished,9 November 2020  7:30 AM,9 November 2020  7:36 AM,6 mins 10 secs,43.75,25.00,25.00,0.00,-6.25
140,Finished,9 November 2020  7:30 AM,9 November 2020  7:39 AM,8 mins 55 secs,7.5,-5.00,-6.25,25.00,-6.25
72,Finished,9 November 2020  7:30 AM,9 November 2020  7:38 AM,8 mins 33 secs,13.75,-5.00,-6.25,0.00,25.00
52,Finished,9 November 2020  7:30 AM,9 November 2020  7:38 AM,7 mins 40 secs,12.5,25.00,-6.25,0.00,-6.25
70,Finished,9 November 2020  7:30 AM,9 November 2020  7:43 AM,13 mins 25 secs,43.75,25.00,25.00,0.00,-6.25
194,Finished,9 November 2020  7:30 AM,9 November 2020  7:41 AM,10 mins 37 secs,-17.5,-5.00,-6.25,0.00,-6.25
80,Finished,9 November 2020  7:30 AM,9 November 2020  7:45 AM,14 mins 53 secs,12.5,25.00,-6.25,0.00,-6.25
191,Finished,9 November 2020  7:30 AM,9 November 2020  7:37 AM,6 mins 57 secs,12.5,25.00,-6.25,0.00,-6.25
21,Finished,9 November 2020  7:30 AM,9 November 2020  7:38 AM,7 mins 39 secs,13.75,-5.00,25.00,0.00,-6.25
2,Finished,9 November 2020  7:30 AM,9 November 2020  7:37 AM,6 mins 49 secs,-17.5,-5.00,-6.25,0.00,-6.25
441,Finished,9 November 2020  7:30 AM,9 November 2020  7:34 AM,4 mins 13 secs,-17.5,-5.00,-6.25,0.00,-6.25
132,Finished,9 November 2020  7:30 AM,9 November 2020  7:40 AM,10 mins 16 secs,13.75,-5.00,-6.25,0.00,25.00
136,Finished,9 November 2020  7:30 AM,9 November 2020  7:44 AM,14 mins 9 secs,43.75,25.00,25.00,0.00,-6.25
230,Finished,9 November 2020  7:30 AM,9 November 2020  7:34 AM,3 mins 50 secs,22.5,25.00,-6.25,10.00,-6.25
161,Finished,9 November 2020  7:30 AM,9 November 2020  7:45 AM,15 mins,43.75,25.00,25.00,0.00,-6.25
233,Finished,9 November 2020  7:30 AM,9 November 2020  7:40 AM,9 mins 50 secs,75.0,25.00,25.00,0.00,25.00
236,Finished,9 November 2020  7:30 AM,9 November 2020  7:40 AM,10 mins 10 secs,12.5,25.00,-6.25,0.00,-6.25
159,Finished,9 November 2020  7:30 AM,9 November 2020  7:43 AM,13 mins,53.75,25.00,-6.25,10.00,25.00
150,Finished,9 November 2020  7:30 AM,9 November 2020  7:45 AM,14 mins 59 secs,13.75,-5.00,25.00,0.00,-6.25
193,Finished,9 November 2020  7:30 AM,9 November 2020  7:39 AM,9 mins 11 secs,43.75,25.00,25.00,0.00,-6.25
176,Finished,9 November 2020  7:30 AM,9 November 2020  7:45 AM,14 mins 59 secs,22.5,25.00,-6.25,10.00,-6.25
181,Finished,9 November 2020  7:30 AM,9 November 2020  7:37 AM,6 mins 55 secs,45.0,-5.00,25.00,0.00,25.00
36,Finished,9 November 2020  7:30 AM,9 November 2020  7:45 AM,15 mins 7 secs,0.0,-,-,-,-
240,Finished,9 November 2020  7:30 AM,9 November 2020  7:41 AM,11 mins 4 secs,-17.5,-5.00,-6.25,0.00,-6.25
239,Finished,9 November 2020  7:30 AM,9 November 2020  7:42 AM,11 mins 49 secs,43.75,25.00,-6.25,0.00,25.00
29,Finished,9 November 2020  7:30 AM,9 November 2020  7:37 AM,6 mins 45 secs,12.5,25.00,-6.25,0.00,-6.25
12,Finished,9 November 2020  7:30 AM,9 November 2020  7:35 AM,5 mins 13 secs,13.75,-5.00,25.00,0.00,-6.25
111,Finished,9 November 2020  7:30 AM,9 November 2020  7:40 AM,10 mins 3 secs,75.0,25.00,25.00,0.00,25.00
268,Finished,9 November 2020  7:30 AM,9 November 2020  7:36 AM,5 mins 57 secs,45.0,-5.00,25.00,0.00,25.00
20,Finished,9 November 2020  7:30 AM,9 November 2020  7:34 AM,3 mins 21 secs,53.75,25.00,25.00,10.00,-6.25
9,Finished,9 November 2020  7:30 AM,9 November 2020  7:37 AM,6 mins 56 secs,75.0,25.00,25.00,0.00,25.00
112,Finished,9 November 2020  7:30 AM,9 November 2020  7:38 AM,7 mins 47 secs,-17.5,-5.00,-6.25,0.00,-6.25
34,Finished,9 November 2020  7:30 AM,9 November 2020  7:33 AM,3 mins 14 secs,75.0,25.00,25.00,0.00,25.00
156,Finished,9 November 2020  7:30 AM,9 November 2020  7:35 AM,4 mins 16 secs,-17.5,-5.00,-6.25,0.00,-6.25
229,Finished,9 November 2020  7:30 AM,9 November 2020  7:37 AM,7 mins 2 secs,22.5,25.00,-6.25,10.00,-6.25
120,Finished,9 November 2020  7:30 AM,9 November 2020  7:37 AM,6 mins 56 secs,12.5,25.00,-6.25,0.00,-6.25
1,Finished,9 November 2020  7:30 AM,9 November 2020  7:34 AM,3 mins 33 secs,-17.5,-5.00,-6.25,0.00,-6.25
63,Finished,9 November 2020  7:30 AM,9 November 2020  7:39 AM,8 mins 25 secs,37.5,25.00,-6.25,25.00,-6.25
10,Finished,9 November 2020  7:30 AM,9 November 2020  7:37 AM,6 mins 45 secs,-17.5,-5.00,-6.25,0.00,-6.25
110,Finished,9 November 2020  7:30 AM,9 November 2020  7:45 AM,15 mins 1 sec,12.5,25.00,-6.25,0.00,-6.25
165,Finished,9 November 2020  7:30 AM,9 November 2020  7:40 AM,9 mins 36 secs,13.75,-5.00,-6.25,0.00,25.00
209,Finished,9 November 2020  7:30 AM,9 November 2020  7:38 AM,7 mins 50 secs,13.75,-5.00,-6.25,0.00,25.00
109,Finished,9 November 2020  7:30 AM,9 November 2020  7:36 AM,5 mins 45 secs,-7.5,-5.00,-6.25,10.00,-6.25
66,Finished,9 November 2020  7:30 AM,9 November 2020  7:39 AM,8 mins 44 secs,26.25,-5.00,-6.25,12.50,25.00
33,Finished,9 November 2020  7:30 AM,9 November 2020  7:42 AM,11 mins 18 secs,-17.5,-5.00,-6.25,0.00,-6.25
131,Finished,9 November 2020  7:30 AM,9 November 2020  7:38 AM,7 mins 48 secs,-17.5,-5.00,-6.25,0.00,-6.25
196,Finished,9 November 2020  7:30 AM,9 November 2020  7:38 AM,7 mins 44 secs,23.75,-5.00,-6.25,10.00,25.00
81,Finished,9 November 2020  7:30 AM,9 November 2020  7:35 AM,4 mins 49 secs,-7.5,-5.00,-6.25,10.00,-6.25
99,Finished,9 November 2020  7:30 AM,9 November 2020  7:40 AM,9 mins 33 secs,13.75,-5.00,-6.25,0.00,25.00
101,Finished,9 November 2020  7:30 AM,9 November 2020  7:42 AM,11 mins 3 secs,-17.5,-5.00,-6.25,0.00,-6.25
153,Finished,9 November 2020  7:31 AM,9 November 2020  7:41 AM,10 mins 39 secs,13.75,-5.00,-6.25,0.00,25.00
113,Finished,9 November 2020  7:31 AM,9 November 2020  7:44 AM,13 mins 17 secs,53.75,25.00,25.00,10.00,-6.25
86,Finished,9 November 2020  7:31 AM,9 November 2020  7:42 AM,11 mins 51 secs,-17.5,-5.00,-6.25,0.00,-6.25
214,Finished,9 November 2020  7:31 AM,9 November 2020  7:34 AM,3 mins 24 secs,-17.5,-5.00,-6.25,0.00,-6.25
82,Finished,9 November 2020  7:31 AM,9 November 2020  7:40 AM,9 mins 18 secs,53.75,25.00,25.00,10.00,-6.25
104,Finished,9 November 2020  7:31 AM,9 November 2020  7:36 AM,5 mins 9 secs,-17.5,-5.00,-6.25,0.00,-6.25
123,Finished,9 November 2020  7:31 AM,9 November 2020  7:46 AM,15 mins,43.75,25.00,25.00,0.00,-6.25
448,Finished,9 November 2020  7:31 AM,9 November 2020  7:34 AM,3 mins 35 secs,13.75,-5.00,25.00,0.00,-6.25
98,Finished,9 November 2020  7:31 AM,9 November 2020  7:45 AM,14 mins 48 secs,13.75,-5.00,25.00,0.00,-6.25
288,Finished,9 November 2020  7:31 AM,9 November 2020  7:40 AM,8 mins 53 secs,43.75,25.00,-6.25,0.00,25.00
125,Finished,9 November 2020  7:31 AM,9 November 2020  7:44 AM,13 mins 33 secs,13.75,-5.00,-6.25,0.00,25.00
55,Finished,9 November 2020  7:31 AM,9 November 2020  7:40 AM,9 mins 10 secs,43.75,25.00,25.00,0.00,-6.25
154,Finished,9 November 2020  7:31 AM,9 November 2020  7:36 AM,5 mins 46 secs,-17.5,-5.00,-6.25,0.00,-6.25
32,Finished,9 November 2020  7:31 AM,9 November 2020  7:46 AM,15 mins,57.5,-5.00,25.00,12.50,25.00
27,Finished,9 November 2020  7:31 AM,9 November 2020  7:45 AM,14 mins 15 secs,26.25,-5.00,25.00,12.50,-6.25
146,Finished,9 November 2020  7:31 AM,9 November 2020  7:45 AM,13 mins 53 secs,12.5,25.00,-6.25,0.00,-6.25
118,Finished,9 November 2020  7:31 AM,9 November 2020  7:44 AM,12 mins 58 secs,50.0,-5.00,25.00,5.00,25.00
192,Finished,9 November 2020  7:31 AM,9 November 2020  7:42 AM,11 mins 27 secs,53.75,25.00,-6.25,10.00,25.00
129,Finished,9 November 2020  7:31 AM,9 November 2020  7:46 AM,14 mins 58 secs,12.5,25.00,-6.25,0.00,-6.25
107,Finished,9 November 2020  7:31 AM,9 November 2020  7:37 AM,6 mins 24 secs,53.75,25.00,25.00,10.00,-6.25
58,Finished,9 November 2020  7:31 AM,9 November 2020  7:40 AM,9 mins 2 secs,43.75,25.00,-6.25,0.00,25.00
39,Finished,9 November 2020  7:31 AM,9 November 2020  7:45 AM,13 mins 56 secs,12.5,25.00,-6.25,0.00,-6.25
76,Finished,9 November 2020  7:31 AM,9 November 2020  7:38 AM,7 mins 12 secs,7.5,-5.00,-6.25,25.00,-6.25
15,Finished,9 November 2020  7:31 AM,9 November 2020  7:46 AM,14 mins 57 secs,-17.5,-5.00,-6.25,0.00,-6.25
17,Finished,9 November 2020  7:31 AM,9 November 2020  7:36 AM,5 mins 34 secs,12.5,25.00,-6.25,0.00,-6.25
40,Finished,9 November 2020  7:31 AM,9 November 2020  7:36 AM,5 mins 5 secs,13.75,-5.00,-6.25,0.00,25.00
135,Finished,9 November 2020  7:31 AM,9 November 2020  7:39 AM,7 mins 57 secs,75.0,25.00,25.00,0.00,25.00
44,Finished,9 November 2020  7:31 AM,9 November 2020  7:35 AM,4 mins 20 secs,-17.5,-5.00,-6.25,0.00,-6.25
11,Finished,9 November 2020  7:31 AM,9 November 2020  7:37 AM,6 mins 10 secs,-17.5,-5.00,-6.25,0.00,-6.25
106,Finished,9 November 2020  7:31 AM,9 November 2020  7:48 AM,16 mins 33 secs,-17.5,-5.00,-6.25,0.00,-6.25
183,Finished,9 November 2020  7:31 AM,9 November 2020  7:38 AM,6 mins 47 secs,-17.5,-5.00,-6.25,0.00,-6.25
168,Finished,9 November 2020  7:31 AM,9 November 2020  7:43 AM,11 mins 36 secs,23.75,-5.00,-6.25,10.00,25.00
117,Finished,9 November 2020  7:31 AM,9 November 2020  7:46 AM,14 mins 59 secs,13.75,-5.00,-6.25,0.00,25.00
28,Finished,9 November 2020  7:31 AM,9 November 2020  7:40 AM,8 mins 21 secs,-17.5,-5.00,-6.25,0.00,-6.25
173,Finished,9 November 2020  7:31 AM,9 November 2020  7:37 AM,5 mins 34 secs,43.75,25.00,25.00,0.00,-6.25
50,Finished,9 November 2020  7:31 AM,9 November 2020  7:46 AM,15 mins 1 sec,-1.25,-5.00,-6.25,10.00,-
79,Finished,9 November 2020  7:31 AM,9 November 2020  7:46 AM,15 mins,18.75,25.00,-,0.00,-6.25
4,Finished,9 November 2020  7:31 AM,9 November 2020  7:46 AM,15 mins 1 sec,43.75,25.00,-6.25,0.00,25.00
65,Finished,9 November 2020  7:31 AM,9 November 2020  7:42 AM,10 mins 49 secs,75.0,25.00,25.00,0.00,25.00
69,Finished,9 November 2020  7:31 AM,9 November 2020  7:36 AM,4 mins 37 secs,43.75,25.00,-6.25,0.00,25.00
53,Finished,9 November 2020  7:31 AM,9 November 2020  7:43 AM,11 mins 39 secs,45.0,-5.00,25.00,0.00,25.00
280,Finished,9 November 2020  7:32 AM,9 November 2020  7:37 AM,5 mins 37 secs,-17.5,-5.00,-6.25,0.00,-6.25
133,Finished,9 November 2020  7:32 AM,9 November 2020  7:46 AM,14 mins 8 secs,-17.5,-5.00,-6.25,0.00,-6.25
163,Finished,9 November 2020  7:32 AM,9 November 2020  7:36 AM,4 mins 39 secs,-7.5,-5.00,-6.25,10.00,-6.25
95,Finished,9 November 2020  7:32 AM,9 November 2020  7:38 AM,6 mins 44 secs,-17.5,-5.00,-6.25,0.00,-6.25
41,Finished,9 November 2020  7:32 AM,9 November 2020  7:45 AM,12 mins 53 secs,-17.5,-5.00,-6.25,0.00,-6.25
155,Finished,9 November 2020  7:32 AM,9 November 2020  7:44 AM,12 mins 33 secs,-17.5,-5.00,-6.25,0.00,-6.25
128,Finished,9 November 2020  7:32 AM,9 November 2020  7:38 AM,6 mins 1 sec,43.75,25.00,-6.25,0.00,25.00
48,Finished,9 November 2020  7:32 AM,9 November 2020  7:43 AM,10 mins 49 secs,-7.5,-5.00,-6.25,10.00,-6.25
249,Finished,9 November 2020  7:32 AM,9 November 2020  7:39 AM,7 mins 20 secs,-17.5,-5.00,-6.25,0.00,-6.25
45,Finished,9 November 2020  7:32 AM,9 November 2020  7:37 AM,4 mins 59 secs,-17.5,-5.00,-6.25,0.00,-6.25
84,Finished,9 November 2020  7:32 AM,9 November 2020  7:40 AM,7 mins 57 secs,23.75,-5.00,-6.25,10.00,25.00
145,Finished,9 November 2020  7:32 AM,9 November 2020  7:40 AM,8 mins 8 secs,45.0,-5.00,25.00,0.00,25.00
186,Finished,9 November 2020  7:32 AM,9 November 2020  7:41 AM,9 mins 6 secs,-7.5,-5.00,-6.25,10.00,-6.25
30,Finished,9 November 2020  7:32 AM,9 November 2020  7:47 AM,15 mins,-5.0,-5.00,-,0.00,-
75,Finished,9 November 2020  7:32 AM,9 November 2020  7:43 AM,10 mins 55 secs,12.5,25.00,-6.25,0.00,-6.25
246,Finished,9 November 2020  7:32 AM,9 November 2020  7:38 AM,5 mins 40 secs,23.75,-5.00,25.00,10.00,-6.25
31,Finished,9 November 2020  7:32 AM,9 November 2020  7:40 AM,8 mins 6 secs,-17.5,-5.00,-6.25,0.00,-6.25
73,Finished,9 November 2020  7:32 AM,9 November 2020  7:43 AM,11 mins 23 secs,45.0,-5.00,25.00,0.00,25.00
174,Finished,9 November 2020  7:32 AM,9 November 2020  7:39 AM,6 mins 26 secs,53.75,25.00,25.00,10.00,-6.25
35,Finished,9 November 2020  7:32 AM,9 November 2020  7:40 AM,7 mins 29 secs,13.75,-5.00,-6.25,0.00,25.00
262,Finished,9 November 2020  7:32 AM,9 November 2020  7:43 AM,11 mins 3 secs,75.0,25.00,25.00,0.00,25.00
18,Finished,9 November 2020  7:32 AM,9 November 2020  7:44 AM,11 mins 34 secs,13.75,-5.00,25.00,0.00,-6.25
205,Finished,9 November 2020  7:32 AM,9 November 2020  7:38 AM,5 mins 31 secs,7.5,-5.00,-6.25,25.00,-6.25
0,Finished,9 November 2020  7:32 AM,9 November 2020  7:43 AM,11 mins 2 secs,13.75,-5.00,25.00,0.00,-6.25
149,Finished,9 November 2020  7:32 AM,9 November 2020  7:40 AM,7 mins 32 secs,13.75,-5.00,25.00,0.00,-6.25
204,Finished,9 November 2020  7:32 AM,9 November 2020  7:40 AM,7 mins 28 secs,-17.5,-5.00,-6.25,0.00,-6.25
148,Finished,9 November 2020  7:32 AM,9 November 2020  7:41 AM,8 mins 44 secs,13.75,-5.00,-6.25,0.00,25.00
61,Finished,9 November 2020  7:32 AM,9 November 2020  7:37 AM,4 mins 8 secs,-17.5,-5.00,-6.25,0.00,-6.25
47,Finished,9 November 2020  7:33 AM,9 November 2020  7:41 AM,8 mins 38 secs,13.75,-5.00,-6.25,0.00,25.00
170,Finished,9 November 2020  7:33 AM,9 November 2020  7:38 AM,5 mins 35 secs,13.75,-5.00,-6.25,0.00,25.00
7,Finished,9 November 2020  7:33 AM,9 November 2020  7:39 AM,6 mins 17 secs,13.75,-5.00,25.00,0.00,-6.25
210,Finished,9 November 2020  7:33 AM,9 November 2020  7:42 AM,9 mins 51 secs,13.75,-5.00,25.00,0.00,-6.25
38,Finished,9 November 2020  7:33 AM,9 November 2020  7:38 AM,5 mins 47 secs,12.5,25.00,-6.25,0.00,-6.25
25,Finished,9 November 2020  7:33 AM,9 November 2020  7:40 AM,6 mins 57 secs,13.75,-5.00,-6.25,0.00,25.00
449,Finished,9 November 2020  7:33 AM,9 November 2020  7:44 AM,10 mins 54 secs,12.5,25.00,-6.25,0.00,-6.25
287,Finished,9 November 2020  7:33 AM,9 November 2020  7:42 AM,9 mins 50 secs,-7.5,-5.00,-6.25,10.00,-6.25
166,Finished,9 November 2020  7:33 AM,9 November 2020  7:48 AM,15 mins,75.0,25.00,25.00,0.00,25.00
77,Finished,9 November 2020  7:33 AM,9 November 2020  7:39 AM,5 mins 56 secs,-15.0,-5.00,-6.25,2.50,-6.25
172,Finished,9 November 2020  7:33 AM,9 November 2020  7:41 AM,8 mins 35 secs,-17.5,-5.00,-6.25,0.00,-6.25
85,Finished,9 November 2020  7:33 AM,9 November 2020  7:38 AM,5 mins 7 secs,-17.5,-5.00,-6.25,0.00,-6.25
169,Finished,9 November 2020  7:33 AM,9 November 2020  7:48 AM,15 mins,43.75,25.00,25.00,-,-6.25
13,Finished,9 November 2020  7:33 AM,9 November 2020  7:46 AM,13 mins 11 secs,12.5,25.00,-6.25,0.00,-6.25
142,Finished,9 November 2020  7:33 AM,9 November 2020  7:45 AM,12 mins 35 secs,-17.5,-5.00,-6.25,0.00,-6.25
105,Finished,9 November 2020  7:33 AM,9 November 2020  7:44 AM,11 mins 6 secs,75.0,25.00,25.00,0.00,25.00
57,Finished,9 November 2020  7:33 AM,9 November 2020  7:38 AM,4 mins 52 secs,-17.5,-5.00,-6.25,0.00,-6.25
440,Finished,9 November 2020  7:33 AM,9 November 2020  7:39 AM,5 mins 44 secs,-17.5,-5.00,-6.25,0.00,-6.25
108,Finished,9 November 2020  7:33 AM,9 November 2020  7:48 AM,14 mins 42 secs,13.75,-5.00,-6.25,0.00,25.00
91,Finished,9 November 2020  7:33 AM,9 November 2020  7:48 AM,15 mins,-17.5,-5.00,-6.25,0.00,-6.25
121,Finished,9 November 2020  7:33 AM,9 November 2020  7:49 AM,15 mins 50 secs,-17.5,-5.00,-6.25,0.00,-6.25
141,Finished,9 November 2020  7:33 AM,9 November 2020  7:48 AM,14 mins 59 secs,53.75,25.00,25.00,10.00,-6.25
184,Finished,9 November 2020  7:33 AM,9 November 2020  7:43 AM,9 mins 18 secs,-17.5,-5.00,-6.25,0.00,-6.25
198,Finished,9 November 2020  7:33 AM,9 November 2020  7:36 AM,2 mins 19 secs,13.75,-5.00,-6.25,0.00,25.00
71,Finished,9 November 2020  7:33 AM,9 November 2020  7:43 AM,10 mins,12.5,25.00,-6.25,0.00,-6.25
220,Finished,9 November 2020  7:33 AM,9 November 2020  7:48 AM,15 mins 1 sec,20.0,-5.00,-,-,25.00
258,Finished,9 November 2020  7:33 AM,9 November 2020  7:40 AM,6 mins 21 secs,13.75,-5.00,25.00,0.00,-6.25
144,Finished,9 November 2020  7:33 AM,9 November 2020  7:47 AM,13 mins 30 secs,43.75,25.00,25.00,0.00,-6.25
201,Finished,9 November 2020  7:33 AM,9 November 2020  7:40 AM,6 mins 37 secs,43.75,25.00,25.00,0.00,-6.25
89,Finished,9 November 2020  7:33 AM,9 November 2020  7:48 AM,14 mins 44 secs,43.75,25.00,25.00,0.00,-6.25
269,Finished,9 November 2020  7:33 AM,9 November 2020  7:39 AM,5 mins 59 secs,-17.5,-5.00,-6.25,0.00,-6.25
37,Finished,9 November 2020  7:34 AM,9 November 2020  7:48 AM,14 mins 28 secs,55.0,-5.00,25.00,10.00,25.00
222,Finished,9 November 2020  7:34 AM,9 November 2020  7:49 AM,15 mins 1 sec,13.75,-5.00,-6.25,-,25.00
147,Finished,9 November 2020  7:34 AM,9 November 2020  7:39 AM,4 mins 50 secs,22.5,25.00,-6.25,10.00,-6.25
244,Finished,9 November 2020  7:34 AM,9 November 2020  7:40 AM,6 mins 27 secs,-5.0,-5.00,-6.25,12.50,-6.25
134,Finished,9 November 2020  7:34 AM,9 November 2020  7:42 AM,7 mins 47 secs,43.75,25.00,-6.25,0.00,25.00
151,Finished,9 November 2020  7:34 AM,9 November 2020  7:47 AM,13 mins 2 secs,-17.5,-5.00,-6.25,0.00,-6.25
23,Finished,9 November 2020  7:34 AM,9 November 2020  7:44 AM,9 mins 47 secs,-17.5,-5.00,-6.25,0.00,-6.25
122,Finished,9 November 2020  7:34 AM,9 November 2020  7:46 AM,11 mins 27 secs,38.75,-5.00,-6.25,25.00,25.00
124,Finished,9 November 2020  7:34 AM,9 November 2020  7:48 AM,13 mins 47 secs,-17.5,-5.00,-6.25,0.00,-6.25
127,Finished,9 November 2020  7:34 AM,9 November 2020  7:36 AM,2 mins 6 secs,26.25,-5.00,-6.25,12.50,25.00
64,Finished,9 November 2020  7:34 AM,9 November 2020  7:41 AM,7 mins 9 secs,-17.5,-5.00,-6.25,0.00,-6.25
197,Finished,9 November 2020  7:35 AM,9 November 2020  7:48 AM,13 mins 9 secs,-17.5,-5.00,-6.25,0.00,-6.25
100,Finished,9 November 2020  7:35 AM,9 November 2020  7:47 AM,12 mins 17 secs,45.0,-5.00,25.00,0.00,25.00
116,Finished,9 November 2020  7:35 AM,9 November 2020  7:43 AM,7 mins 53 secs,43.75,25.00,25.00,0.00,-6.25
430,Finished,9 November 2020  7:35 AM,9 November 2020  7:39 AM,3 mins 38 secs,45.0,-5.00,25.00,0.00,25.00
8,Finished,9 November 2020  7:35 AM,9 November 2020  7:51 AM,15 mins 56 secs,13.75,-5.00,-6.25,-,25.00
83,Finished,9 November 2020  7:35 AM,9 November 2020  7:50 AM,14 mins 55 secs,-17.5,-5.00,-6.25,0.00,-6.25
16,Finished,9 November 2020  7:35 AM,9 November 2020  7:46 AM,10 mins 50 secs,43.75,25.00,-6.25,0.00,25.00
46,Finished,9 November 2020  7:35 AM,9 November 2020  7:40 AM,4 mins 42 secs,23.75,-5.00,-6.25,10.00,25.00
237,Finished,9 November 2020  7:35 AM,9 November 2020  7:47 AM,11 mins 44 secs,43.75,25.00,25.00,0.00,-6.25
119,Finished,9 November 2020  7:35 AM,9 November 2020  7:49 AM,13 mins 49 secs,12.5,25.00,-6.25,0.00,-6.25
115,Finished,9 November 2020  7:35 AM,9 November 2020  7:46 AM,10 mins 36 secs,12.5,25.00,-6.25,0.00,-6.25
3,Finished,9 November 2020  7:36 AM,9 November 2020  7:48 AM,12 mins 31 secs,75.0,25.00,25.00,0.00,25.00
102,Finished,9 November 2020  7:36 AM,9 November 2020  7:43 AM,7 mins 12 secs,13.75,-5.00,-6.25,0.00,25.00
286,Finished,9 November 2020  7:36 AM,9 November 2020  7:40 AM,3 mins 59 secs,53.75,25.00,25.00,10.00,-6.25
185,Finished,9 November 2020  7:36 AM,9 November 2020  7:50 AM,13 mins 47 secs,-17.5,-5.00,-6.25,0.00,-6.25
160,Finished,9 November 2020  7:36 AM,9 November 2020  7:51 AM,15 mins 3 secs,25.0,25.00,-6.25,12.50,-6.25
175,Finished,9 November 2020  7:36 AM,9 November 2020  7:51 AM,14 mins 54 secs,23.75,-5.00,-6.25,10.00,25.00
450,Finished,9 November 2020  7:37 AM,9 November 2020  7:46 AM,8 mins 47 secs,45.0,-5.00,25.00,0.00,25.00
162,Finished,9 November 2020  7:37 AM,9 November 2020  7:47 AM,9 mins 49 secs,-17.5,-5.00,-6.25,0.00,-6.25
432,Finished,9 November 2020  7:37 AM,9 November 2020  7:51 AM,13 mins 37 secs,12.5,25.00,-6.25,0.00,-6.25
224,Finished,9 November 2020  7:37 AM,9 November 2020  7:42 AM,5 mins,-7.5,-5.00,-6.25,10.00,-6.25
68,Finished,9 November 2020  7:37 AM,9 November 2020  7:52 AM,15 mins,13.75,-5.00,-6.25,0.00,25.00
90,Finished,9 November 2020  7:38 AM,9 November 2020  7:47 AM,9 mins 33 secs,-17.5,-5.00,-6.25,0.00,-6.25
24,Finished,9 November 2020  7:38 AM,9 November 2020  7:44 AM,5 mins 41 secs,13.75,-5.00,-6.25,0.00,25.00
451,Finished,9 November 2020  7:38 AM,9 November 2020  7:49 AM,11 mins,7.5,-5.00,-6.25,25.00,-6.25
452,Finished,9 November 2020  7:38 AM,9 November 2020  7:53 AM,15 mins,-11.25,-5.00,-,0.00,-6.25
235,Finished,9 November 2020  7:38 AM,9 November 2020  7:45 AM,6 mins 41 secs,21.25,-5.00,-6.25,7.50,25.00
143,Finished,9 November 2020  7:38 AM,9 November 2020  7:42 AM,4 mins 3 secs,-17.5,-5.00,-6.25,0.00,-6.25
179,Finished,9 November 2020  7:38 AM,9 November 2020  7:48 AM,9 mins 33 secs,75.0,25.00,25.00,0.00,25.00
97,Finished,9 November 2020  7:38 AM,9 November 2020  7:51 AM,12 mins 23 secs,-17.5,-5.00,-6.25,0.00,-6.25
219,Finished,9 November 2020  7:38 AM,9 November 2020  7:44 AM,5 mins 9 secs,-7.5,-5.00,-6.25,10.00,-6.25
164,Finished,9 November 2020  7:39 AM,9 November 2020  7:52 AM,13 mins 57 secs,23.75,-5.00,25.00,10.00,-6.25
167,Finished,9 November 2020  7:39 AM,9 November 2020  7:53 AM,14 mins 22 secs,13.75,-5.00,25.00,0.00,-6.25
178,Finished,9 November 2020  7:39 AM,9 November 2020  7:45 AM,6 mins 24 secs,45.0,-5.00,25.00,0.00,25.00
231,Finished,9 November 2020  7:39 AM,9 November 2020  7:46 AM,7 mins 34 secs,23.75,-5.00,-6.25,10.00,25.00
94,Finished,9 November 2020  7:39 AM,9 November 2020  7:54 AM,14 mins 41 secs,-17.5,-5.00,-6.25,0.00,-6.25
243,Finished,9 November 2020  7:39 AM,9 November 2020  7:46 AM,6 mins 49 secs,55.0,-5.00,25.00,10.00,25.00
431,Finished,9 November 2020  7:39 AM,9 November 2020  7:45 AM,5 mins 5 secs,-17.5,-5.00,-6.25,0.00,-6.25
56,Finished,9 November 2020  7:39 AM,9 November 2020  7:54 AM,14 mins 52 secs,12.5,25.00,-6.25,0.00,-6.25
189,Finished,9 November 2020  7:40 AM,9 November 2020  7:54 AM,14 mins 18 secs,-7.5,-5.00,-6.25,10.00,-6.25
216,Finished,9 November 2020  7:40 AM,9 November 2020  7:43 AM,3 mins 42 secs,45.0,-5.00,25.00,0.00,25.00
19,Finished,9 November 2020  7:40 AM,9 November 2020  7:53 AM,13 mins 1 sec,43.75,25.00,25.00,0.00,-6.25
228,Finished,9 November 2020  7:40 AM,9 November 2020  7:45 AM,4 mins 51 secs,-7.5,-5.00,-6.25,10.00,-6.25
438,Finished,9 November 2020  7:40 AM,9 November 2020  7:43 AM,2 mins 39 secs,26.25,-5.00,-6.25,12.50,25.00
92,Finished,9 November 2020  7:40 AM,9 November 2020  7:47 AM,7 mins 4 secs,-17.5,-5.00,-6.25,0.00,-6.25
74,Finished,9 November 2020  7:41 AM,9 November 2020  7:51 AM,10 mins 17 secs,-17.5,-5.00,-6.25,0.00,-6.25
195,Finished,9 November 2020  7:41 AM,9 November 2020  7:56 AM,14 mins 50 secs,12.5,25.00,-6.25,0.00,-6.25
43,Finished,9 November 2020  7:41 AM,9 November 2020  7:55 AM,13 mins 13 secs,-17.5,-5.00,-6.25,0.00,-6.25
433,Finished,9 November 2020  7:42 AM,9 November 2020  7:48 AM,6 mins 9 secs,-7.5,-5.00,-6.25,10.00,-6.25
199,Finished,9 November 2020  7:42 AM,9 November 2020  7:57 AM,14 mins 58 secs,-17.5,-5.00,-6.25,0.00,-6.25
207,Finished,9 November 2020  7:42 AM,9 November 2020  7:51 AM,8 mins 41 secs,-17.5,-5.00,-6.25,0.00,-6.25
215,Finished,9 November 2020  7:42 AM,9 November 2020  7:52 AM,9 mins 26 secs,53.75,25.00,-6.25,10.00,25.00
26,Finished,9 November 2020  7:42 AM,9 November 2020  7:55 AM,12 mins 14 secs,12.5,25.00,-6.25,0.00,-6.25
180,Finished,9 November 2020  7:42 AM,9 November 2020  7:59 AM,16 mins 7 secs,0.0,-,-,-,-
88,Finished,9 November 2020  7:43 AM,9 November 2020  7:58 AM,15 mins 1 sec,-11.25,-5.00,-6.25,0.00,-
51,Finished,9 November 2020  7:43 AM,9 November 2020  7:53 AM,10 mins 14 secs,-17.5,-5.00,-6.25,0.00,-6.25
22,Finished,9 November 2020  7:43 AM,9 November 2020  7:56 AM,13 mins,12.5,25.00,-6.25,0.00,-6.25
274,Finished,9 November 2020  7:43 AM,9 November 2020  7:56 AM,12 mins 40 secs,13.75,-5.00,25.00,0.00,-6.25
158,Finished,9 November 2020  7:43 AM,9 November 2020  7:56 AM,12 mins 33 secs,43.75,25.00,25.00,0.00,-6.25
49,Finished,9 November 2020  7:43 AM,9 November 2020  7:52 AM,8 mins 46 secs,13.75,-5.00,-6.25,0.00,25.00
60,Finished,9 November 2020  7:44 AM,9 November 2020  7:52 AM,8 mins 10 secs,55.0,-5.00,25.00,10.00,25.00
5,Finished,9 November 2020  7:44 AM,9 November 2020  7:52 AM,7 mins 50 secs,45.0,-5.00,25.00,0.00,25.00
188,Finished,9 November 2020  7:44 AM,9 November 2020  7:55 AM,10 mins 32 secs,-7.5,-5.00,-6.25,10.00,-6.25
444,Finished,9 November 2020  7:44 AM,9 November 2020  7:49 AM,4 mins 54 secs,-7.5,-5.00,-6.25,10.00,-6.25
157,Finished,9 November 2020  7:45 AM,9 November 2020  8:00 AM,15 mins 1 sec,75.0,25.00,25.00,-,25.00
206,Finished,9 November 2020  7:46 AM,9 November 2020  7:53 AM,7 mins 18 secs,13.75,-5.00,-6.25,0.00,25.00
54,Finished,9 November 2020  7:46 AM,9 November 2020  7:58 AM,11 mins 31 secs,53.75,25.00,-6.25,10.00,25.00
445,Finished,9 November 2020  7:47 AM,9 November 2020  7:54 AM,6 mins 59 secs,-7.5,-5.00,-6.25,10.00,-6.25
177,Finished,9 November 2020  7:47 AM,9 November 2020  8:02 AM,14 mins 34 secs,-17.5,-5.00,-6.25,0.00,-6.25
93,Finished,9 November 2020  7:47 AM,9 November 2020  7:52 AM,4 mins 52 secs,12.5,25.00,-6.25,0.00,-6.25
67,Finished,9 November 2020  7:47 AM,9 November 2020  7:57 AM,9 mins 48 secs,43.75,25.00,25.00,0.00,-6.25
200,Finished,9 November 2020  7:48 AM,9 November 2020  8:03 AM,15 mins,50.0,-,25.00,0.00,25.00
78,Finished,9 November 2020  7:48 AM,9 November 2020  7:55 AM,6 mins 46 secs,75.0,25.00,25.00,0.00,25.00
152,Finished,9 November 2020  7:48 AM,9 November 2020  8:00 AM,11 mins 58 secs,13.75,-5.00,-6.25,0.00,25.00
213,Finished,9 November 2020  7:48 AM,9 November 2020  7:56 AM,7 mins 31 secs,13.75,-5.00,-6.25,0.00,25.00
252,Finished,9 November 2020  7:49 AM,9 November 2020  7:54 AM,5 mins 34 secs,12.5,25.00,-6.25,0.00,-6.25
208,Finished,9 November 2020  7:49 AM,9 November 2020  8:04 AM,15 mins 1 sec,13.75,-5.00,-6.25,-,25.00
126,Finished,9 November 2020  7:50 AM,9 November 2020  8:00 AM,10 mins 1 sec,53.75,25.00,25.00,10.00,-6.25
453,Finished,9 November 2020  7:50 AM,9 November 2020  8:01 AM,10 mins 21 secs,57.5,-5.00,25.00,12.50,25.00
221,Finished,9 November 2020  7:50 AM,9 November 2020  8:05 AM,14 mins 51 secs,13.75,-5.00,25.00,0.00,-6.25
250,Finished,9 November 2020  7:51 AM,9 November 2020  7:55 AM,3 mins 58 secs,23.75,-5.00,-6.25,10.00,25.00
284,Finished,9 November 2020  7:52 AM,9 November 2020  7:57 AM,5 mins 53 secs,-17.5,-5.00,-6.25,0.00,-6.25
62,Finished,9 November 2020  7:53 AM,9 November 2020  7:57 AM,4 mins 25 secs,43.75,25.00,25.00,0.00,-6.25
454,Finished,9 November 2020  7:54 AM,9 November 2020  8:09 AM,15 mins,-17.5,-5.00,-6.25,0.00,-6.25
218,Finished,9 November 2020  7:55 AM,9 November 2020  8:07 AM,11 mins 11 secs,13.75,-5.00,-6.25,0.00,25.00
254,Finished,9 November 2020  7:56 AM,9 November 2020  8:13 AM,16 mins 26 secs,22.5,25.00,-6.25,10.00,-6.25
245,Finished,9 November 2020  7:58 AM,9 November 2020  8:12 AM,14 mins 38 secs,13.75,-5.00,-6.25,0.00,25.00
190,Finished,9 November 2020  7:58 AM,9 November 2020  8:03 AM,4 mins 56 secs,-17.5,-5.00,-6.25,0.00,-6.25
203,Finished,9 November 2020  7:58 AM,9 November 2020  8:03 AM,5 mins 10 secs,13.75,-5.00,-6.25,0.00,25.00
251,Finished,9 November 2020  8:00 AM,9 November 2020  8:15 AM,15 mins,-6.25,-,-,0.00,-6.25
241,Finished,9 November 2020  8:01 AM,9 November 2020  8:11 AM,10 mins 10 secs,13.75,-5.00,-6.25,0.00,25.00
232,Finished,9 November 2020  8:01 AM,9 November 2020  8:10 AM,9 mins 13 secs,-10.0,-5.00,-6.25,7.50,-6.25
225,Finished,9 November 2020  8:02 AM,9 November 2020  8:09 AM,6 mins 45 secs,43.75,25.00,25.00,0.00,-6.25
261,Finished,9 November 2020  8:02 AM,9 November 2020  8:15 AM,12 mins 34 secs,23.75,-5.00,25.00,10.00,-6.25
227,Finished,9 November 2020  8:03 AM,9 November 2020  8:09 AM,6 mins 32 secs,75.0,25.00,25.00,0.00,25.00
238,Finished,9 November 2020  8:03 AM,9 November 2020  8:11 AM,8 mins 29 secs,-17.5,-5.00,-6.25,0.00,-6.25
257,Finished,9 November 2020  8:04 AM,9 November 2020  8:18 AM,14 mins 1 sec,-12.5,-5.00,-6.25,5.00,-6.25
253,Finished,9 November 2020  8:04 AM,9 November 2020  8:11 AM,6 mins 36 secs,21.25,-5.00,-6.25,7.50,25.00
223,Finished,9 November 2020  8:05 AM,9 November 2020  8:08 AM,3 mins 17 secs,13.75,-5.00,-6.25,0.00,25.00
247,Finished,9 November 2020  8:05 AM,9 November 2020  8:14 AM,9 mins 15 secs,45.0,-5.00,25.00,0.00,25.00
259,Finished,9 November 2020  8:05 AM,9 November 2020  8:18 AM,13 mins 18 secs,38.75,-5.00,-6.25,25.00,25.00
255,Finished,9 November 2020  8:05 AM,9 November 2020  8:17 AM,12 mins 15 secs,-7.5,-5.00,-6.25,10.00,-6.25
226,Finished,9 November 2020  8:05 AM,9 November 2020  8:22 AM,16 mins 49 secs,-5.0,-5.00,-6.25,12.50,-6.25
248,Finished,9 November 2020  8:06 AM,9 November 2020  8:16 AM,9 mins 38 secs,-11.25,-5.00,-6.25,0.00,-
436,Finished,9 November 2020  8:07 AM,9 November 2020  8:11 AM,4 mins 26 secs,12.5,25.00,-6.25,0.00,-6.25
260,Finished,9 November 2020  8:09 AM,9 November 2020  8:18 AM,8 mins 48 secs,-17.5,-5.00,-6.25,0.00,-6.25
267,Finished,9 November 2020  8:10 AM,9 November 2020  8:25 AM,15 mins 1 sec,-17.5,-5.00,-6.25,0.00,-6.25
256,Finished,9 November 2020  8:10 AM,9 November 2020  8:18 AM,7 mins 21 secs,13.75,-5.00,-6.25,0.00,25.00
265,Finished,9 November 2020  8:15 AM,9 November 2020  8:24 AM,9 mins 7 secs,-7.5,-5.00,-6.25,10.00,-6.25
272,Finished,9 November 2020  8:19 AM,9 November 2020  8:34 AM,14 mins 56 secs,75.0,25.00,25.00,0.00,25.00
271,Finished,9 November 2020  8:20 AM,9 November 2020  8:28 AM,8 mins 25 secs,75.0,25.00,25.00,0.00,25.00
270,Finished,9 November 2020  8:22 AM,9 November 2020  8:28 AM,6 mins 14 secs,23.75,-5.00,-6.25,10.00,25.00
279,Finished,9 November 2020  8:32 AM,9 November 2020  8:47 AM,15 mins 1 sec,75.0,25.00,25.00,0.00,25.00
277,Finished,9 November 2020  8:39 AM,9 November 2020  8:46 AM,7 mins 9 secs,75.0,25.00,25.00,0.00,25.00
281,Finished,9 November 2020  8:40 AM,9 November 2020  8:45 AM,4 mins 57 secs,-17.5,-5.00,-6.25,0.00,-6.25
285,Finished,9 November 2020  8:46 AM,9 November 2020  9:03 AM,16 mins 27 secs,13.75,-5.00,-6.25,0.00,25.00
283,Finished,9 November 2020  8:46 AM,9 November 2020  8:52 AM,5 mins 55 secs,-17.5,-5.00,-6.25,0.00,-6.25
276,Finished,9 November 2020  8:57 AM,9 November 2020  9:01 AM,4 mins 41 secs,-17.5,-5.00,-6.25,0.00,-6.25
275,Finished,9 November 2020  8:59 AM,9 November 2020  9:14 AM,15 mins 8 secs,18.75,25.00,-6.25,0.00,-
290,Finished,12 November 2020  8:00 AM,12 November 2020  8:10 AM,9 mins 39 secs,25.0,-5.00,25.00,11.25,-6.25
293,Finished,12 November 2020  8:04 AM,12 November 2020  8:16 AM,12 mins 19 secs,68.75,25.00,-6.25,25.00,25.00
291,Finished,12 November 2020  8:05 AM,12 November 2020  8:22 AM,16 mins 32 secs,25.0,-5.00,-6.25,11.25,25.00
295,Finished,12 November 2020  8:06 AM,12 November 2020  8:21 AM,15 mins,37.5,25.00,-6.25,25.00,-6.25
289,Finished,12 November 2020  8:06 AM,12 November 2020  8:10 AM,3 mins 39 secs,5.0,-5.00,-6.25,22.50,-6.25
294,Finished,12 November 2020  8:10 AM,12 November 2020  8:19 AM,9 mins 29 secs,56.25,-5.00,25.00,11.25,25.00
305,Finished,12 November 2020  8:34 AM,12 November 2020  8:46 AM,11 mins 40 secs,-6.25,-5.00,-6.25,11.25,-6.25
297,Finished,12 November 2020  8:45 AM,12 November 2020  8:54 AM,9 mins 9 secs,100.0,25.00,25.00,25.00,25.00
298,Finished,12 November 2020  9:17 AM,12 November 2020  9:23 AM,6 mins 26 secs,37.5,25.00,-6.25,25.00,-6.25
299,Finished,12 November 2020  9:44 AM,12 November 2020  9:50 AM,5 mins 54 secs,38.75,-5.00,25.00,25.00,-6.25
301,Finished,12 November 2020  9:48 AM,12 November 2020  9:51 AM,2 mins 21 secs,56.25,25.00,-6.25,12.50,25.00
296,Finished,12 November 2020  10:00 AM,12 November 2020  10:06 AM,5 mins 37 secs,-6.25,-5.00,-6.25,11.25,-6.25
303,Finished,12 November 2020  10:00 AM,12 November 2020  10:15 AM,15 mins,100.0,25.00,25.00,25.00,25.00
302,Finished,12 November 2020  10:10 AM,12 November 2020  10:16 AM,5 mins 58 secs,7.5,-5.00,-6.25,25.00,-6.25
304,Finished,12 November 2020  10:10 AM,12 November 2020  10:22 AM,11 mins 38 secs,37.5,25.00,-6.25,25.00,-6.25
306,Finished,12 November 2020  10:10 AM,12 November 2020  10:15 AM,4 mins 45 secs,100.0,25.00,25.00,25.00,25.00
310,Finished,12 November 2020  10:10 AM,12 November 2020  10:24 AM,13 mins 13 secs,100.0,25.00,25.00,25.00,25.00
312,Finished,12 November 2020  10:11 AM,12 November 2020  10:25 AM,14 mins 3 secs,38.75,-5.00,-6.25,25.00,25.00
308,Finished,12 November 2020  10:11 AM,12 November 2020  10:25 AM,14 mins 17 secs,68.75,25.00,25.00,25.00,-6.25
309,Finished,12 November 2020  10:11 AM,12 November 2020  10:24 AM,12 mins 54 secs,56.25,-5.00,25.00,11.25,25.00
311,Finished,12 November 2020  10:11 AM,12 November 2020  10:21 AM,10 mins,23.75,25.00,-6.25,11.25,-6.25
307,Finished,12 November 2020  10:12 AM,12 November 2020  10:26 AM,13 mins 25 secs,70.0,-5.00,25.00,25.00,25.00
313,Finished,12 November 2020  10:20 AM,12 November 2020  10:30 AM,9 mins 53 secs,86.25,25.00,25.00,11.25,25.00
343,Finished,12 November 2020  10:58 AM,12 November 2020  11:03 AM,4 mins 30 secs,13.75,-5.00,-6.25,0.00,25.00
315,Finished,12 November 2020  11:09 AM,12 November 2020  11:16 AM,6 mins 54 secs,37.5,25.00,-6.25,25.00,-6.25
346,Finished,12 November 2020  11:11 AM,12 November 2020  11:28 AM,16 mins 55 secs,0.0,-,-,-,-
316,Finished,12 November 2020  11:12 AM,12 November 2020  11:18 AM,6 mins 24 secs,68.75,25.00,25.00,25.00,-6.25
318,Finished,12 November 2020  11:15 AM,12 November 2020  11:21 AM,6 mins 15 secs,70.0,-5.00,25.00,25.00,25.00
323,Finished,12 November 2020  11:28 AM,12 November 2020  11:43 AM,14 mins 59 secs,57.5,-5.00,25.00,12.50,25.00
319,Finished,12 November 2020  11:30 AM,12 November 2020  11:33 AM,3 mins 4 secs,13.75,-5.00,-6.25,0.00,25.00
321,Finished,12 November 2020  11:44 AM,12 November 2020  11:54 AM,9 mins 30 secs,13.75,-5.00,-6.25,0.00,25.00
324,Finished,12 November 2020  11:45 AM,12 November 2020  11:50 AM,5 mins 46 secs,68.75,25.00,-6.25,25.00,25.00
325,Finished,12 November 2020  11:47 AM,12 November 2020  11:58 AM,10 mins 51 secs,7.5,-5.00,-6.25,25.00,-6.25
338,Finished,12 November 2020  11:48 AM,12 November 2020  12:01 PM,12 mins 13 secs,7.5,-5.00,-6.25,25.00,-6.25
327,Finished,12 November 2020  11:52 AM,12 November 2020  11:56 AM,3 mins 18 secs,7.5,-5.00,-6.25,25.00,-6.25
333,Finished,12 November 2020  11:53 AM,12 November 2020  12:06 PM,12 mins 58 secs,7.5,-5.00,-6.25,25.00,-6.25
322,Finished,12 November 2020  11:53 AM,12 November 2020  11:57 AM,3 mins 41 secs,6.25,-5.00,-6.25,23.75,-6.25
329,Finished,12 November 2020  11:55 AM,12 November 2020  12:06 PM,11 mins 54 secs,36.25,-5.00,25.00,22.50,-6.25
331,Finished,12 November 2020  11:58 AM,12 November 2020  12:07 PM,9 mins 28 secs,100.0,25.00,25.00,25.00,25.00
328,Finished,12 November 2020  12:01 PM,12 November 2020  12:05 PM,4 mins 4 secs,43.75,25.00,-6.25,0.00,25.00
320,Finished,12 November 2020  12:04 PM,12 November 2020  12:07 PM,2 mins 49 secs,26.25,-5.00,-6.25,12.50,25.00
341,Finished,12 November 2020  12:11 PM,12 November 2020  12:26 PM,14 mins 49 secs,-17.5,-5.00,-6.25,0.00,-6.25
334,Finished,12 November 2020  12:11 PM,12 November 2020  12:18 PM,6 mins 31 secs,68.75,25.00,-6.25,25.00,25.00
335,Finished,12 November 2020  12:12 PM,12 November 2020  12:18 PM,6 mins,13.75,-5.00,-6.25,0.00,25.00
340,Finished,12 November 2020  12:12 PM,12 November 2020  12:24 PM,12 mins 11 secs,38.75,-5.00,25.00,25.00,-6.25
336,Finished,12 November 2020  12:13 PM,12 November 2020  12:20 PM,7 mins 7 secs,100.0,25.00,25.00,25.00,25.00
342,Finished,12 November 2020  12:13 PM,12 November 2020  12:30 PM,16 mins 34 secs,12.5,-,-6.25,25.00,-6.25
344,Finished,12 November 2020  12:15 PM,12 November 2020  12:28 PM,12 mins 29 secs,13.75,-5.00,-6.25,0.00,25.00
339,Finished,12 November 2020  12:17 PM,12 November 2020  12:23 PM,6 mins 25 secs,-6.25,-5.00,-6.25,11.25,-6.25
347,Finished,12 November 2020  12:22 PM,12 November 2020  12:33 PM,11 mins 37 secs,86.25,25.00,25.00,11.25,25.00
349,Finished,12 November 2020  12:25 PM,12 November 2020  12:40 PM,15 mins,70.0,-5.00,25.00,25.00,25.00
345,Finished,12 November 2020  12:30 PM,12 November 2020  12:35 PM,4 mins 45 secs,25.0,-5.00,25.00,11.25,-6.25
368,Finished,12 November 2020  12:32 PM,12 November 2020  12:37 PM,5 mins 14 secs,13.75,-5.00,25.00,0.00,-6.25
352,Finished,12 November 2020  12:32 PM,12 November 2020  12:36 PM,3 mins 49 secs,22.5,25.00,-6.25,10.00,-6.25
364,Finished,12 November 2020  12:32 PM,12 November 2020  12:40 PM,8 mins 25 secs,-6.25,-5.00,-6.25,11.25,-6.25
355,Finished,12 November 2020  12:32 PM,12 November 2020  12:40 PM,7 mins 52 secs,-17.5,-5.00,-6.25,0.00,-6.25
367,Finished,12 November 2020  12:32 PM,12 November 2020  12:38 PM,6 mins 21 secs,-17.5,-5.00,-6.25,0.00,-6.25
359,Finished,12 November 2020  12:32 PM,12 November 2020  12:41 PM,9 mins 1 sec,25.0,-5.00,25.00,11.25,-6.25
361,Finished,12 November 2020  12:32 PM,12 November 2020  12:40 PM,7 mins 59 secs,86.25,25.00,25.00,11.25,25.00
362,Finished,12 November 2020  12:33 PM,12 November 2020  12:39 PM,6 mins 22 secs,56.25,-5.00,25.00,11.25,25.00
348,Finished,12 November 2020  12:33 PM,12 November 2020  12:35 PM,2 mins 26 secs,13.75,-5.00,-6.25,0.00,25.00
363,Finished,12 November 2020  12:33 PM,12 November 2020  12:37 PM,4 mins 26 secs,-17.5,-5.00,-6.25,0.00,-6.25
389,Finished,12 November 2020  12:33 PM,12 November 2020  12:45 PM,11 mins 25 secs,37.5,25.00,-6.25,25.00,-6.25
357,Finished,12 November 2020  12:34 PM,12 November 2020  12:39 PM,4 mins 41 secs,7.5,-5.00,-6.25,25.00,-6.25
350,Finished,12 November 2020  12:34 PM,12 November 2020  12:41 PM,6 mins 36 secs,55.0,25.00,-6.25,11.25,25.00
356,Finished,12 November 2020  12:35 PM,12 November 2020  12:42 PM,7 mins 39 secs,7.5,-5.00,-6.25,25.00,-6.25
365,Finished,12 November 2020  12:35 PM,12 November 2020  12:38 PM,3 mins 35 secs,-17.5,-5.00,-6.25,0.00,-6.25
369,Finished,12 November 2020  12:35 PM,12 November 2020  12:42 PM,6 mins 46 secs,38.75,-5.00,-6.25,25.00,25.00
375,Finished,12 November 2020  12:35 PM,12 November 2020  12:43 PM,8 mins 28 secs,-6.25,-5.00,-6.25,11.25,-6.25
354,Finished,12 November 2020  12:35 PM,12 November 2020  12:38 PM,3 mins 28 secs,56.25,-5.00,25.00,11.25,25.00
455,Finished,12 November 2020  12:36 PM,12 November 2020  12:40 PM,3 mins 26 secs,13.75,-5.00,-6.25,0.00,25.00
360,Finished,12 November 2020  12:36 PM,12 November 2020  12:43 PM,6 mins 48 secs,100.0,25.00,25.00,25.00,25.00
353,Finished,12 November 2020  12:40 PM,12 November 2020  12:51 PM,11 mins 4 secs,70.0,-5.00,25.00,25.00,25.00
358,Finished,12 November 2020  12:41 PM,12 November 2020  12:48 PM,7 mins 33 secs,-6.25,-5.00,-6.25,11.25,-6.25
372,Finished,12 November 2020  12:42 PM,12 November 2020  12:57 PM,14 mins 32 secs,7.5,-5.00,-6.25,25.00,-6.25
370,Finished,12 November 2020  12:45 PM,12 November 2020  1:02 PM,16 mins 30 secs,-6.25,-5.00,-6.25,11.25,-6.25
376,Finished,12 November 2020  12:48 PM,12 November 2020  1:01 PM,13 mins 41 secs,23.75,25.00,-6.25,11.25,-6.25
371,Finished,12 November 2020  12:51 PM,12 November 2020  1:00 PM,8 mins 43 secs,68.75,25.00,25.00,25.00,-6.25
366,Finished,12 November 2020  12:54 PM,12 November 2020  12:57 PM,3 mins 8 secs,25.0,-5.00,25.00,11.25,-6.25
384,Finished,12 November 2020  12:56 PM,12 November 2020  1:10 PM,14 mins 57 secs,25.0,-5.00,25.00,11.25,-6.25
378,Finished,12 November 2020  12:58 PM,12 November 2020  1:15 PM,16 mins 29 secs,25.0,-,-,-,25.00
379,Finished,12 November 2020  12:59 PM,12 November 2020  1:07 PM,7 mins 42 secs,-6.25,-5.00,-6.25,11.25,-6.25
351,Finished,12 November 2020  1:00 PM,12 November 2020  1:14 PM,13 mins 14 secs,7.5,-5.00,-6.25,25.00,-6.25
374,Finished,12 November 2020  1:07 PM,12 November 2020  1:14 PM,7 mins 17 secs,23.75,-5.00,-6.25,10.00,25.00
385,Finished,12 November 2020  1:09 PM,12 November 2020  1:23 PM,14 mins 24 secs,56.25,-5.00,25.00,11.25,25.00
380,Finished,12 November 2020  1:11 PM,12 November 2020  1:14 PM,2 mins 51 secs,25.0,-5.00,-6.25,11.25,25.00
383,Finished,12 November 2020  1:12 PM,12 November 2020  1:29 PM,16 mins 41 secs,22.5,25.00,-6.25,10.00,-6.25
398,Finished,12 November 2020  1:12 PM,12 November 2020  1:19 PM,6 mins 49 secs,-6.25,-5.00,-6.25,11.25,-6.25
386,Finished,12 November 2020  1:13 PM,12 November 2020  1:28 PM,15 mins 1 sec,25.0,-5.00,25.00,11.25,-6.25
381,Finished,12 November 2020  1:17 PM,12 November 2020  1:21 PM,3 mins 47 secs,-5.0,-5.00,-6.25,12.50,-6.25
382,Finished,12 November 2020  1:20 PM,12 November 2020  1:24 PM,4 mins 21 secs,12.5,25.00,-6.25,0.00,-6.25
390,Finished,12 November 2020  1:29 PM,12 November 2020  1:36 PM,6 mins 36 secs,55.0,25.00,-6.25,11.25,25.00
391,Finished,12 November 2020  1:30 PM,12 November 2020  1:36 PM,6 mins 34 secs,37.5,25.00,-6.25,25.00,-6.25
394,Finished,12 November 2020  1:42 PM,12 November 2020  1:56 PM,14 mins 22 secs,25.0,-5.00,25.00,11.25,-6.25
395,Finished,12 November 2020  1:46 PM,12 November 2020  1:57 PM,11 mins 6 secs,25.0,-5.00,-6.25,11.25,25.00
393,Finished,12 November 2020  1:47 PM,12 November 2020  1:54 PM,7 mins 39 secs,68.75,25.00,-6.25,25.00,25.00
396,Finished,12 November 2020  1:50 PM,12 November 2020  1:55 PM,4 mins 45 secs,100.0,25.00,25.00,25.00,25.00
399,Finished,12 November 2020  1:56 PM,12 November 2020  2:01 PM,5 mins 1 sec,-6.25,-5.00,-6.25,11.25,-6.25
410,Finished,12 November 2020  1:57 PM,12 November 2020  2:14 PM,16 mins 34 secs,38.75,-5.00,25.00,25.00,-6.25
405,Finished,12 November 2020  1:58 PM,12 November 2020  2:04 PM,6 mins 9 secs,87.5,25.00,25.00,12.50,25.00
403,Finished,12 November 2020  1:58 PM,12 November 2020  2:05 PM,6 mins 59 secs,100.0,25.00,25.00,25.00,25.00
387,Finished,12 November 2020  1:58 PM,12 November 2020  2:15 PM,16 mins 19 secs,1.25,-5.00,-,12.50,-6.25
404,Finished,12 November 2020  1:59 PM,12 November 2020  2:05 PM,5 mins 51 secs,13.75,-5.00,25.00,0.00,-6.25
414,Finished,12 November 2020  2:00 PM,12 November 2020  2:15 PM,15 mins,68.75,25.00,-6.25,25.00,25.00
407,Finished,12 November 2020  2:01 PM,12 November 2020  2:07 PM,6 mins 23 secs,100.0,25.00,25.00,25.00,25.00
408,Finished,12 November 2020  2:03 PM,12 November 2020  2:08 PM,5 mins 21 secs,38.75,-5.00,-6.25,25.00,25.00
392,Finished,12 November 2020  2:03 PM,12 November 2020  2:10 PM,6 mins 21 secs,38.75,-5.00,-6.25,25.00,25.00
409,Finished,12 November 2020  2:05 PM,12 November 2020  2:09 PM,4 mins,68.75,25.00,25.00,25.00,-6.25
411,Finished,12 November 2020  2:07 PM,12 November 2020  2:13 PM,5 mins 20 secs,86.25,25.00,25.00,11.25,25.00
413,Finished,12 November 2020  2:09 PM,12 November 2020  2:17 PM,8 mins 6 secs,56.25,25.00,-6.25,12.50,25.00
416,Finished,12 November 2020  2:11 PM,12 November 2020  2:27 PM,16 mins 2 secs,37.5,25.00,-6.25,25.00,-6.25
400,Finished,12 November 2020  2:11 PM,12 November 2020  2:16 PM,5 mins 1 sec,100.0,25.00,25.00,25.00,25.00
415,Finished,12 November 2020  2:20 PM,12 November 2020  2:25 PM,4 mins 52 secs,56.25,-5.00,25.00,11.25,25.00
417,Finished,12 November 2020  2:21 PM,12 November 2020  2:28 PM,7 mins 42 secs,100.0,25.00,25.00,25.00,25.00
418,Finished,12 November 2020  2:24 PM,12 November 2020  2:28 PM,4 mins 47 secs,37.5,25.00,-6.25,25.00,-6.25
419,Finished,12 November 2020  2:35 PM,12 November 2020  2:40 PM,4 mins 9 secs,38.75,-5.00,-6.25,25.00,25.00
421,Finished,12 November 2020  2:36 PM,12 November 2020  2:43 PM,7 mins 25 secs,38.75,-5.00,25.00,25.00,-6.25
406,Finished,12 November 2020  2:43 PM,12 November 2020  2:51 PM,7 mins 49 secs,-1.25,-,-6.25,11.25,-6.25
422,Finished,12 November 2020  2:44 PM,12 November 2020  2:47 PM,3 mins 7 secs,43.75,25.00,-6.25,0.00,25.00
423,Finished,12 November 2020  2:44 PM,12 November 2020  2:51 PM,6 mins 38 secs,100.0,25.00,25.00,25.00,25.00
424,Finished,12 November 2020  2:45 PM,12 November 2020  2:57 PM,12 mins 22 secs,-6.25,-5.00,-6.25,11.25,-6.25
425,Finished,12 November 2020  3:00 PM,12 November 2020  3:14 PM,14 mins 31 secs,70.0,-5.00,25.00,25.00,25.00
426,Finished,12 November 2020  3:10 PM,12 November 2020  3:16 PM,5 mins 38 secs,12.5,25.00,-6.25,0.00,-6.25
427,Finished,12 November 2020  5:21 PM,12 November 2020  5:36 PM,15 mins 1 sec,25.0,-5.00,-6.25,11.25,25.00
